SMILES,Score,Compound_ID,PAINS,SA_score,QED
C,-10.032141625881197,1,False,7.328415384615384,0.35978493788397
c1ccccc1N1CCN2C(C1)C3=CC=CC=C3CC4=CC=CC=C42,-10.716103310925972,2,False,2.5123992301729228,0.641634620319896
CN1CCN2C(C1)Cc1ccccc12,-11.079683716408908,3,False,2.5658692100824165,0.6063751173832062
N1CCN2C(C1)c3ccccc3CC4=CC=CC=C42,-11.536136914859526,4,False,2.639099382864929,0.7731602116506519
O1CCN2C(C1)c3ccccc3CC4=CC=CC=C42,-12.07381049770629,5,False,2.6279155771969123,0.7128083442936124
CN1CCN2C(C1)c3cccc(Br)c3CC4=CC=CC=C42,-12.72106825607625,6,False,2.846546439144717,0.7170347947560627
c1ccccc1Cl,-12.77406859979601,7,False,1.0,0.4833833263681997
c1(Cl)ccccc1,-13.850849591228323,8,False,1.0,0.4833833263681997
CN1CCN2C(C1)c1ccc3ccccc3c1CC2=O,-14.03568125120364,9,False,2.8287894233399733,0.7296737648024647
N1CCN2C(C1)c1ccccc1Cc1c2cccc1,-14.072474904358389,10,False,2.639099382864929,0.7731602116506519
CN1CCN2C(C1)C3[C@H](O)C=CC=C3CC4=CC=CC=C42,-14.66363345598802,11,False,3.883240430618933,0.7863512552978977
c1c[nH]c2nccnc12,-14.77149199699852,12,False,2.5754228790204294,0.5607362152362961
N1CCn2c(n1)C3=CC=CC=C3CC4=CC=CC=C42,-14.786218951587216,13,False,2.589058660123708,0.7758883089942084
c1nc[nH]c1,-14.959673948174895,14,False,3.4494591515191315,0.4683433019217651
Nc1scnn1,-15.080488217087805,15,False,3.5456871093721336,0.5046578314706381
CN1CCN2C(C1)Cc1cc([N+]([O-])=O)ccc12,-15.097791885111292,16,False,2.814410998913761,0.541184024852059
CN1CCN2C(C1)-c1cc(Cl)c(Cl)cc1CC2,-15.458651884114945,17,False,2.8062359989137615,0.7155945896819921
c1ccn2c(c1)c1ccccc1nc2=O,-15.556631980984092,18,False,2.0479750768458747,0.5140698674564679
FC(c1ccccn1)(F)F,-15.797521052680167,19,False,1.9106744948806416,0.5471516226654809
N1CCN2C(C1)C3=CC=CC=C3CC2,-16.078718703705817,20,False,2.614307832435673,0.6576450041406242
c1cc(F)ccc1N1CCN2C(C1)C3=CC=CC=C3CC4=CC=CC(=O)C=C42,-16.145956401631793,21,False,2.8970284392217955,0.6409164250777372
CN(C)C1c2ccccc2-c2ccccc21,-16.206756019058957,22,False,1.983453157622581,0.6960987973276882
C(O)(c1c[nH]c2ccccc12)=O,-16.44524058452953,23,False,1.704646538783404,0.6702892555412296
N1CCN2C(C1)C3=CC=CC(=O)C=C3CC4=CC(=O)C=C42,-16.576056206476096,24,False,3.694532567770191,0.7682906801800838
COc1c(OC)cc2c(c1OC)C3=CC=CC=C3CC4=CC=CC=C42,-16.665165107286157,25,False,2.1230166207920274,0.5311022582477245
CN1CCN2C(C1)c1c(C)c3ccccc3cc1C2=O,-16.808723356341943,26,False,2.931608339995007,0.7314860101075609
CN1CCN2C(C1)c1cc(OC)ccc1CN2,-16.886504279915243,27,False,3.2819696527599147,0.7830111199030484
CN1CCN2C(C1)c1c[n+]([O-])ccc1Cc1c-2cccc1,-16.931819330236976,28,False,3.301267750620129,0.5444078796824783
CN1CCN2C(C1)c1cccc3c1C[C@@H]2O3,-16.994891993701458,29,False,4.303715026879706,0.6488892884765176
C1CCN2C(C1)CCc1cc(OC)c(OC)cc1-2,-17.215593548608012,30,True,2.4750460117041726,0.8015767559199855
N1(C)CCN2[C@@H](C1)C3=CC(Br)=CC=C3CC4=CC=CC=C42,-17.45801500982998,31,False,2.741608482019874,0.7170347947560627
CN1CCN2C(C1)[C@@H]3CC=C(Br)[C@@H]3CC4=CC=CC=C42,-17.697174085478764,32,False,3.789570213092224,0.7189486187104125
O1CCN2C(C1)C3=CC=C=C3CC4=CC=CC=C24,-18.099879045970734,33,False,3.9945390097317865,0.6426806289040224
CCN1CCN2C(C1)C3=CC=CC=C3CCc3cc4c(cc32)OCO4,-18.10707239189651,34,True,2.8660322696739637,0.7968297425550802
c1c2ncccc2ncn1,-18.13598775706123,35,False,2.1001555205216675,0.5355010476666255
CN(C)Cc1c2ccc(OC)cc2ccc1OC,-18.27147044124285,36,False,1.8825406567611456,0.826364995340575
CN1CCN2C(C1)C3=CC=CC=C3Cc3oc4ccncc4c32,-18.37178920625593,37,False,3.2830602647076716,0.6382029034322741
N1CCN2C(C1)c1cc3cc[nH]c3nc1-2,-18.49750221846625,38,False,3.517042343569429,0.6671862344443336
c1c2ccccc2cc2c1ccnc2,-18.717754148699896,39,False,1.753595970307522,0.4818975761182925
CCCN1CCN2C(C1)c3ccccc3C=Cc3ccccc32,-18.824125499580987,40,False,2.827727459277808,0.808862687364637
N1CCCN(c2ccccc2)CC1,-18.8659533776663,41,False,1.667753359476281,0.6970622209096851
CN1CCN2C(C1)[C@@H]3CCC[C@H]3c1c-2cccc1,-18.879991716705263,42,False,3.358311843592605,0.689964984442041
N1CCN2C(C1)C3=CC=CC=C3C=C4C=C=CC=C=C42,-19.02161174081266,43,False,4.586832712464642,0.7216001955901734
CN1CCN2c3c(cccc3-c3ccccc3C2)C1,-19.133186983293857,44,False,2.2046558116563855,0.7085663409275765
c1cc2[nH]c(=O)nc(C#N)c2cc1,-19.188055033645128,45,False,2.4673050306741064,0.6367356349767963
O1CCN2C(C1)[C@@H]1CC=CC=CC[C@H]12,-19.41425865748897,46,False,4.250714200058328,0.5763100414542036
N1CCN2C(C1)C3=CC[C@H]4[C@@H]3CC(=O)C=C42,-19.423604283578243,47,False,5.47143517965558,0.604748875233973
N1CCN2C(C1)c1ccc3c(c1CC4=CC=CC=C23)OCO4,-19.702480066218413,48,False,5.7445876243599,0.7962101508126773
c1cc(C(=O)O)ccc1Br,-19.7256161093419,49,False,1.335300135906282,0.755096003854966
C[N+]1(C)CCN2C(C1)C3=CC=CC=C3CCCC2=O,-19.73109387373552,50,False,3.2655135529054142,0.6524737040209103
c1cc2c([nH]1)c1cccc(OC)c1cc2,-19.814738299752207,51,False,2.0544355663563643,0.6355546712044506
C1CN2C(COC1c1ccccc1)C3=CC=CC=C3CC4=CC=CC=C42,-19.974947396032803,52,False,3.0106967888979854,0.5953624919568975
C1CNCc2ncsc21,-20.04788679794001,53,False,3.293674161071711,0.575982081488021
CN(C(/C=C\c1ccc[nH]1)=O)C,-20.245525329428347,54,False,2.813201701267978,0.6530600660706894
C(c1c[nH]nc1Cl)OC,-20.28385563783013,55,False,3.355383699533249,0.6812717697928081
c1ccc2c(c1)oc1c(Br)cccc21,-20.452702067348586,56,False,1.864418671996079,0.5751815412321097
CNC1CCN2C(C1)c1c(O)cccc1CC2=O,-20.60578452795744,57,True,3.4292249461014928,0.7825921033772881
CN1CCN2C([C@@H]1C)C1=CC=CC=C3CC=CC=CC321,-20.845517247449607,58,False,5.288037740245004,0.664940209681783
n1(C)ccc2ncn(C)c2c1=O,-20.921793549325685,59,False,2.574510792177069,0.558994882811896
c1ccc(NS(c2scnn2)(=O)=O)cc1,-21.046993501984616,60,False,2.423275515941663,0.8797556894203068
CN1CCN2C(C1)c1ccnc3c1C=CC=C3CO2,-21.07925863354467,61,False,4.548807185282759,0.7193545423649029
CNC1Cc2c(cccc2)C1,-21.156882309041976,62,False,2.013703220912614,0.6323647248302146
CN(C)Cc1ccc2c(c1-c1ccccc1)cccc2,-21.20792691316092,63,False,1.7541073073277769,0.6673420710183321
c1ccsc1COCOC,-21.24685040168333,64,False,2.2742608786118517,0.4916691807665649
N1CCN2C(C1)c3ccccc3CC4=CC=CC=[N+]=C42,-21.26687305246014,65,False,4.135828866310796,0.7140497969722257
CN1CCN2C(C1)oc3c(Br)cc(Br)cc32,-21.27125283031637,66,False,3.495383853959998,0.7172422704606239
O1CCN2C(C1)C3=CC[C@H](CCO)C=C3CC4=CC=CC=C42,-21.310702073271383,67,False,3.847624502774929,0.9108252745218374
CN1CCN2[C@H]([C@@H]1C)CCc1cc(OC)c(O)cc12,-21.451589367352422,68,True,3.3922005792321483,0.8377468976741487
CN1CCN2[C@H](C1)C3=C(CN=[N+]=[N-])CC=C3CC4=CC=CC=C42,-21.48238605720689,69,True,3.777580846189404,0.4780364124218438
Cn1cnc2c1c(OC)ccc2O,-21.50930329412517,70,False,2.3704589807780554,0.7152686938312484
C1N2[C@@H](C1)Cc1cc[nH]c1C2,-21.529430175200105,71,False,3.488359351272533,0.5843518365120053
CCCN1CCN2C(C1)C1=Cc3ccccc3C[C@H]12,-21.53770963597344,72,False,3.49626683467482,0.7994455164513448
N1CCN2C(C1)c1sccc1C1=CC=CCC21,-21.643703008070588,73,False,4.192768409642442,0.7537688010488649
c1c(Sc2oc3ccccc3n2)cccc1OC,-21.654050550852844,74,False,2.0245724651791424,0.7103915235679737
O1[C@H](CO)[C@@H](O)[C@H](O)[C@@]1(O)C,-21.735155284404755,75,False,4.041889573070179,0.3531727933598343
C/C=N\n1cncn1,-21.839552546996856,76,False,3.721544450716258,0.4821424656088162
[nH]1ccc2c(c1=N)C=Cc1ccccc1-2,-21.90037999267281,77,False,2.4309533985241973,0.5165256888477877
NC(NCS)=O,-21.907539516687397,78,False,3.378422855978468,0.3073490776257661
Clc1ccc(-c2cnc[nH]2)cn1,-21.96461112378984,79,False,2.454785077891355,0.6817967741677935
C1CN2C(CCl)[C@@H]3CC=CC=C3C=C12,-21.96763672848465,80,False,4.520738157893097,0.5980461102687551
Oc1ccc2[nH]ccc2c(=O)c1,-21.97364053876072,81,False,2.23084518131734,0.6102127223131671
CN1CCN2C(C1)C3=CC=CC=C3Sc3n(-c4ccccc4)nnc32,-22.04293493212026,82,False,3.15698112622282,0.6742145121595934
CN1CCN2C(C1)/C(=C/C=C\C(C)C)C=C2,-22.045064619975165,83,False,4.084193084729229,0.701309500479251
CN1CCN2CC1Sc1ccc(C#N)cc1-2,-22.073010446560147,84,False,4.115383317016654,0.6801868525642532
C[N+]1(C)CCN2C([C@@H]1C)c1cc(Cl)ccc1O2,-22.148221414079217,85,False,4.2828311996684345,0.6589592718512922
CN1CCN2C(C1)C3=C2CCc2cc(F)ccc2C3=O,-22.1756727704784,86,False,3.200592955379623,0.719768745885657
c1ccncc1/C=N/c1cocc1,-22.25786506802251,87,False,2.8363261405413702,0.6522685706464454
CN1CCN2C(C1)c1ccoc1CC=C3CC4=CC=CC=C4C=C32,-22.271327494760044,88,False,3.71290813926474,0.7391222574201283
c1c(C(C)(C)C)ccc2n[nH]cc12,-22.3547598738769,89,False,2.70205513462421,0.653280041422553
CN1CCN2C(C1)CCC1=Cc3ccc4c(c3C=C12)OCO4,-22.372650162898932,90,False,3.1173158955617364,0.7459769359732001
CN1CCN2C(C1)c1cc(O)c(Oc3cccnc3)cc1-2,-22.39705312064325,91,False,3.012845556420885,0.9167502329369096
CNC1=CCN2C(C1)Cc1ccc(O)cc1C2=O,-22.445897542638704,92,False,3.511559220893174,0.7818233048708857
CN(C)CCC=C(c1cccc2ccccc12)C,-22.464347880435525,93,False,2.1819013988425926,0.7727846878420163
C(N1CCN2C(C1)C(=O)c1ccccc1S2)CO,-22.50200749848591,94,False,3.3630105087455933,0.8029876260180148
C[C@@H](n1cnc2ccccc12)O,-22.557638082093035,95,False,2.726709338209549,0.6903871981627766
n1c2ccoc2cc2ccncc12,-22.567779587585846,96,False,2.4528267322573463,0.5195367352193687
C1OCCC(C=C)=C1,-22.56894806399941,97,False,3.7917444507162568,0.4969393217350017
C(OC)n1c2ccccc2nc1O,-22.59984494647506,98,False,2.3515399579090346,0.7545303878395678
C1NC(=O)Nc2nccn21,-22.623202327884428,99,False,3.684558491343948,0.5287519409298798
CCN1CCN2[C@@H](C1)c1ncc3ccccc3c12,-22.745938198408112,100,False,3.032632285009967,0.761638044044777
N1C(c2ccc(OC)cc2)CN2C(C1)c1ccccc1C2,-22.78497498123033,101,False,3.0277661021531914,0.9151857950164932
O[N+]1(C)CCN2C(C1)C3=CC=C[C@@H](Br)[C@@H]3CC4=CC=CC=C42,-22.817687277165533,102,False,4.740334571981684,0.5662830800024367
O1CCN2C(=C1)C3=CC=C[C@H](F)[C@H]3CC4=CC=CC=C42,-22.891696599261195,103,False,4.080945746515665,0.71570649928507
N1(C)CC(C)c2cccc(OC)c2C1,-22.946554720455424,104,False,2.785252295664751,0.6747199259274211
C1CCN2[C@H](c3ccccc3O2)C1,-22.965201757811883,105,False,3.0507274363128003,0.6004076096917301
CN1CCN2C(C1)C1=Cc3c(C)cc(C)cc3C=CC=CC=C12,-23.00435081718024,106,False,3.1281906700573057,0.7121098335446036
C(C)n1c(=O)c2cc([N+]([O-])=O)ccc2oc1=O,-23.15934071201877,107,False,2.2629475182954053,0.5693229707894393
CN1CCN2C(C1)c1ccc3c(c12)c(=O)occ3,-23.17019151278328,108,False,3.3285255975029893,0.7028397072513892
C[n+]1cc2c3cc(OC)c(OC)cc3sc2cc1,-23.204420134614335,109,False,2.623805471240784,0.661036472416744
C(=C/C)\c1c[nH]c2cc(O)c(O)cc12,-23.21363733573344,110,True,2.7017610590649195,0.6037696352025146
CCNC(/C=N/N)=O,-23.290395088493824,111,False,3.175040198446787,0.2770857464901695
CO[C@@H]1[C@@H](CO)[C@H](O)[C@@H](O)[C@@H](CO)O1,-23.310536953853443,112,False,3.8190796142898646,0.4153587020183916
n1c(NCc2sccc2)ccc2[nH]ccc12,-23.346397298847023,113,False,2.339085975348331,0.7235312500225843
[N-]=[N+]=Nc1ccc2nc(C)sc2n1,-23.40199052176285,114,True,3.346704199073276,0.3944816394775475
c1ccccc1N1CCN2C(C1)C3=CC[C@H](O)C3Cc4c(Cl)cccc42,-23.426395236643657,115,False,3.6399617446627017,0.7753110361689257
N1(CCN(C)C)CC=CC=C2Cc3ccccc3C1=C2,-23.54139755340293,116,False,3.7809391242075225,0.8297207947719556
CN1CCN2C(C1)C3=CC=CC=C(C)C4=CC=CC=C3C=C42,-23.5813489316497,117,False,5.420167612018038,0.6747526044601577
CN1CC[N+]2(C)C(c3ccc4ccccc4n3)=CC=CC=C21,-23.60456754159532,118,False,3.901939889644577,0.7485584039043027
CCN1CC(N(C)C1)C,-23.6552650295198,119,False,3.413986847375684,0.5100034705599901
S1CCN2C(C1)Cc1cnc(N)n1-2,-23.677043435629457,120,False,4.431379663033447,0.6378957947589983
N1CCN2C(C1)c3cccn3-c3cc4ccccc4cc3C2=O,-23.769903576001525,121,False,3.0518417126714734,0.6931799337773816
[nH]1c2c(c(N)n1)[nH]cc2-c1ccccc1,-23.81448564864752,122,False,2.543318083838882,0.5602433774586318
Fc1cc2nc(N)nc(Cc3ccccc3)c2cc1,-23.88440305036784,123,False,2.001241111356684,0.7635482128078513
C[S+]1CCN2C(C1)C3=C(Cl)Cc4ccccc4C=C3CC4=CC=CC=C42,-23.90897706784017,124,False,4.163950417051209,0.5925171770484801
CN(C)CCc1[nH]c(/C=C\c2ccccc2)cn1,-24.146135001827133,125,False,2.4750071419682467,0.8724508009149674
CC[N+]1(CC)CCC[n+]2c1cco2,-24.14789205690613,126,False,4.865264282233358,0.4977444449858026
CN1CCCN2C([C@H]1C)Cc1cc(F)ccc12,-24.29926104879155,127,False,3.243626780683167,0.6792696505643592
c1ccc(NC(Sc2nnc[nH]2)=S)cc1,-24.3198629804956,128,False,2.9607922097130075,0.618698278197198
C=CSC(CN(C)C)=O,-24.39314468577504,129,False,3.6375283416737183,0.5894853024175621
N1CCC2C(C1)c1c(OC)cccc1cc2,-24.403152267448604,130,False,3.4753792142891413,0.7764656257630821
CN1CCN2C(C1)c1c3c4cccnc4cnc3[nH]c1C2,-24.42088250629604,131,False,3.439384160334159,0.682727624305424
N1CCN2C(C1)c1cn[nH]c1Cc1c(O)cccc1-2,-24.422894582501613,132,False,3.501894047410909,0.6618528123359695
CN1CCN2C(C1)c1ncc3c[n+](CCc4ccccc4)ccc3c1C2,-24.423549006925896,133,False,3.4444892037396624,0.6817619403956705
CN1[C@@H](CN)CN2C(C1)C3=CC=COC3CC4=CC=CC=C42,-24.43218718911521,134,False,4.227623489410089,0.8534262539626907
CN1CCN2C(C1)/C(=C\OC)C=C1CC[C@H](O)C=C12,-24.433780384249985,135,False,4.46915529621328,0.7182413026197255
CCN1CCN2[C@@H](C1)C1=CC=CC=C3C2=CC=CC=C3C1=O,-24.50642605102621,136,False,4.996975520648295,0.7411706558039999
CN1CCN2C(C1)[C@H]1c3cc(O)ccc3CC3=CC=CC321,-24.520931693725288,137,False,4.805242871021267,0.7860700895496147
c1ccccc1CN1CCN2C(C1)C3=C(CC(C)CCC3)C2=O,-24.53170274779768,138,False,3.203517537832518,0.8371839307745801
c1c2c([nH]c1/C=N/NC(=O)CCl)cccc2,-24.577473458544542,139,False,2.4980635255155565,0.4762582648785461
N1C(C)(C)C2=CC(=O)C=C(Cl)C2CC2=CC=CC=CC=C12,-24.589073102687507,140,False,4.337340433202897,0.7337996974208394
COc1c(N2C(Cc3cc4[nH]ccc4cc3)C3=CC=CC=C32)cccc1OC,-24.59593620590385,141,False,3.003827876370014,0.495300698230881
c1cccnc1CN1CCN2C(C1)C3=CC=Cc4cc5ccccc5cc4C=C23,-24.766451797619084,142,False,3.4270793982761276,0.6436496125478953
Cc1ccn(-c2ccc(-c3nn[nH]n3)cc2)c1C,-24.8287196856752,143,False,2.454871639009667,0.745913141933622
N1CCN2C(C1)C3=C(CCCC3)C=CCC1=CC=CC=C12,-24.92448919016169,144,False,3.7717156963368206,0.7828391616867723
OS(=O)(=O)N1CCN2[C@@H](C1)C3CC=CC=C3Cc4ccccc42,-24.97897670828138,145,False,3.7484090627255338,0.7996627879645902
CN1CCN2[C@@](C1)(C1=C[C@H](O)[C@@H]3CC4=CC=CC=C41)C[C@H]32,-24.980319539667107,146,False,5.845102214077754,0.7785322429386148
C1CCc2n(-c3ccncc3)nc(-c3ccccc3)c2C1,-25.034404883437677,147,False,2.113507356695905,0.7116601227277599
c1cc2c(o1)c(C(/C=C/c1ccccc1)=O)ccc2,-25.03796738898745,148,False,2.1286676248431977,0.5098399402815322
Cn1cnc2c1nc(/C=C\c1occc1)cc2,-25.06155887927457,149,False,2.664757966455941,0.6731450907149391
N1CCN2C(C1)c1ccoc1C(C)(C)C[C@H]2O,-25.09486362710595,150,False,4.2798065883754735,0.7109946018996649
c1snc(-c2nnn[nH]2)n1,-25.12184978379082,151,False,3.927824751290898,0.6104864474924193
C1CCN2C=C[C@@H]3C=CC=C3C=CC=C12,-25.13438852294348,152,False,4.771791568334941,0.5762827168970328
N1CCN2C(C1)/N=C/c1c(O)c(OC)ccc1-2,-25.15590137487743,153,True,3.8047241268572463,0.7442583217289311
c12nccn1ccc1cccccc1c2,-25.215798005516262,154,False,3.9456438880346862,0.6206010256733311
CN1CCn2c(c1)C3=CC=CC=C3CC4=CC=C(Cl)C=CN42,-25.221817230594752,155,False,3.800159414879065,0.7254097279305869
N1CCN2C(C1)C3C/C=C/C=C(\C)CC=C3CC4=CC=CC=C42,-25.229397274553776,156,False,4.315560735043495,0.7322671972338695
N1(C)CCN2C(CC1)Cc1cc(OC)c(Br)cc1C2=O,-25.419386698059498,157,False,2.8354065036734326,0.7861559633466022
c1ccn(CCc2nnn(-c3ccccc3)c2)n1,-25.469843745780963,158,False,2.228038502914991,0.6959917521853435
c1c(Cl)c2c(s1)CCc1cc(Br)ccc1-2,-25.52252444153703,159,False,2.6747828504676026,0.6468557236229829
CCN1CCc2c(cc3[nH]c(-c4cccnc4)cc3c2)C1,-25.534812061072444,160,False,2.4063793524420944,0.7757266333447008
Clc1cc[n+]2c(c1)C1=CC=CC=C(Cl)C=C1S2,-25.53568291144711,161,False,4.195635812609786,0.6529710977642362
OCCN1CCN2C(C1)Cc1c(C=C)nccc12,-25.56628296081908,162,False,3.4290513371479596,0.8533674433714685
C1[C@H](C)N2C(CC1)Cc1ccc(Cl)cc1C2,-25.573374899636747,163,False,3.090765530378233,0.6638191732651678
Cn1nnc2c1C(=O)c1c3ccc(O)cc3[nH]c1-2,-25.58984874842122,164,False,2.996049815132187,0.4836323731702689
N1CCN2C(C1)C1=C(c3cc(OC)cc(OC)c3CC4=CC=CC=C42)OC1,-25.602001366438344,165,False,3.788589357815004,0.8876967261422472
BrC1=CCN2C(C1)c3cc4ccccc4cc3S2,-25.605508422479037,166,False,3.812484244371361,0.6365771174132326
N1[C@@H](C)CN2C(C1)c3sccc3CC4=CCOCC=C42,-25.64989529037848,167,False,4.565889683934177,0.7935763062695774
Clc1c2nccnc2cc2c(=O)[nH]ccc12,-25.676100083103847,168,False,2.7296795790272608,0.6032015310118137
C1(CCN(C)C)n2cccc2-c2c1cccc2,-25.691487843054347,169,False,3.0371640012685495,0.7807448134952752
N1CCN2C(C1)c1c(OC)cc[nH]c1=C2[N+]([O-])=O,-25.706359824289397,170,False,4.289159220893174,0.5188829414196261
Fc1ccc2c(c1O)CO/C(=C\c1ccccc1)C2=O,-25.71353711685515,171,False,2.5306769289946764,0.8087530175399387
C(N1CCN2C(C1)C1=CC[C@H]3O[C@H]1C=CC=C23)C,-25.73628194036428,172,False,5.497626479494728,0.650831354993261
c1(F)c2c(c(F)c(O)c1O)cccc2,-25.757182289361708,173,True,2.359315403505903,0.6353762083143205
c12ccsc1[nH]nc2/C=C/C(OC)=O,-25.757853912244173,174,False,3.113910201076754,0.6045440487877685
n1cnc2c(c1Sc1ccc(C)cc1)c[nH]c2,-25.778716670298763,175,False,2.6423105818405563,0.6988951404288609
CC[n+]1cc2oc(-c3n[nH]cc3)cc2cc1,-25.818024572596187,176,False,3.541372370602015,0.6640777230929488
c1cc2c(OC)c3ccccc3cc2c2cnccc12,-25.83049947244217,177,False,2.0625483899155572,0.3693540697576444
C(N1CCN2C([C@H]1CC=C)c1ccccc1-2)CC,-25.855735756922517,178,False,3.455016749094879,0.748016523245217
C1N2C=CC1=Cc1ccccc1O2,-25.864770901273005,179,False,4.333369771336644,0.5930072768945496
O=C(N1CCN2C(C1)C3C=CC=CC=C3CC4=CC=CC(=O)C=C42)c1ccccc1,-25.893306674664927,180,False,3.6611623784339473,0.7395560554089636
CN1CCN2C(C1)C3=CC=CC(Br)=CC3(OCC)c4ccccc42,-25.98598902700905,181,False,4.0848642402908215,0.7674067979947692
CN1CCN2C(C1)C(=O)c1ccc3nc4c(O)cccc4cc3c12,-26.011598707828853,182,False,3.1645285170498454,0.6449662077917478
N(\CC#C)=C\C=C\CO,-26.043504307046533,183,False,4.261946776456325,0.4228738697766737
CN1CCN2C(C1n1c(=O)ccnc1C)CC=CC=C2,-26.05468694406693,184,False,4.141796237149027,0.7685872389682321
Clc1ccc2c(c1)C1=CC=CC=C2Cc2cc(Cl)c3ccccc3c21,-26.057950014398727,185,True,3.4807139639971236,0.4010019176063846
CN1CCN2C(C1)C3=CC(-c4ccc(F)cc4)=C3CC4C=CC=CC=C42,-26.10421337979324,186,False,4.057863372516796,0.7531450229463253
CN1CCN2C(C1)=C/CC=C/C=C1CC=CC=C21,-26.161912055918947,187,False,4.127998903297341,0.6421839942703804
N1(CCC2CCCC2)CCc2c(ccc(C)c2)C1,-26.22679797780438,188,False,2.026043292465065,0.777144656768993
CN1CCN2[C@@H](C1)C1=COc3ccccc3C2CCC1,-26.24539056047797,189,False,4.222607249139238,0.7207595872047222
Oc1c2cccnc2[nH]c(=O)c1N,-26.265852601276265,190,False,2.5693128269319025,0.5359881121733523
FC(CN1CCN2C(C1)C1=CC=C3CC4=CC=CC=C42)(F)C=CC=C31,-26.31192615917189,191,False,5.787497059156848,0.7111359041631956
N1CCN2C(C1)c1cccc(Cl)c1C=Cc1cccn12,-26.40012965166125,192,False,3.9142266889965858,0.8031021231842748
N1CCN2[C@](C1)(CCC)c1c(=O)c3ccccc3[nH]c12,-26.44973686279559,193,False,3.530889688591964,0.8757562510908289
N1CCN2[C@](C1)(C)C/C(=C\c1occc1)CC2,-26.4896376694669,194,False,3.698755498913761,0.8036878959795047
C=CCNC(=O)/C=C/c1cc2c(cc1)oc(=O)cc2,-26.646381995044862,195,False,2.360264328139902,0.5168465986305285
C=CCN1CCCCc2c1c1c([nH]2)ccc(O)c1,-26.725308619545103,196,False,2.750886431909075,0.7937289140153237
Fc1ccn2c(n1)c1cnc-1c2,-26.73263037322613,197,False,3.642923539429815,0.4596592923240595
CN1CCN2C(C1)c1c3scc(Cl)c3ccc1-c1ccccc12,-26.78997679311078,198,False,3.2215833720217812,0.5661112536215054
Fc1cc2sccn2c(=O)n1,-26.808862871272936,199,False,3.424162619175642,0.5502317268012882
C(C=C)Cc1c[nH]c2c1c(O)ccc2OC,-26.8458762508526,200,False,2.590699244579101,0.7731289096946181
CN1CCC2=C(C1)c3cc/c(Br)cc3CC4=CC=CC=C42,-26.87111385644812,201,False,2.4746426116049314,0.6774965940603632
FC(c1n(CC)cnc1CCN1CCN2C(C1)C3=CC=CC=C3CC4=CC=CC=C42)F,-26.87743344705268,202,False,3.320472928367911,0.5874782393517604
c1(N2CC(NCCO)C=CC=C2)ccccc1,-26.888533959685446,203,False,3.2880591912214534,0.8230754169829365
C(N1CC[n+]2ccc(CC)c3ccccc32)C1,-26.93071603262797,204,False,2.548856220773054,0.5721413640935726
Oc1cc2c(cc1)c1ccccc1cc2/C=C/c1[nH]nnn1,-26.9349062470792,205,False,2.7809512861808408,0.5544162642022584
CN1CCN2C(C1)C3=CC(CC)=CCC3=CC=CC=C2,-26.95819557039067,206,False,4.554111857654557,0.7198911814420873
CN1CCN2C(C1)c1cc(Cc3cc(CC)ccc3)c(OC)cc1CC2,-26.96927510100068,207,False,2.8107614834599417,0.8362814473118576
CCCON1CCN2C(C1)C3=CCCC3Cc4c(C)cccc42,-27.06685878511053,208,False,3.9497714987969257,0.7912336030242224
CN1CCN2C(/C(c3ccc(Cl)cc3)=C\c3ccccc3)C1=CC=CC=C2,-27.09206644867868,209,False,4.161559338708072,0.6576157867923474
Clc1ccc2c(c1)C1=CC=CC=C3CC4=CC=CC[C@@H]4OC321,-27.103145130347,210,False,4.837563786712038,0.6474271009788006
Cc1[nH]nc(Cn2c3ccccc3c2=S)n1,-27.13180458000329,211,False,2.735573224512212,0.7991101072259145
c1cc(SC)ccc1CN1CCN2C(C1)C3=CCC=C3CC4=CCOCC42,-27.132354917524932,212,False,4.1326719299114005,0.5838303861872621
C1CCN2C(C1SC)=CC=C1CC=C12,-27.180312569485977,213,False,4.2238009173994895,0.6472795754516896
CN1CCN2C(C1)c3cc4ccoc4c(O)c3Cc4cc(Cl)ccc42,-27.312555701530528,214,False,3.3682793070959995,0.6568151403240461
c1cc2n(c1)C1=CC=CC=C3CC4=CC=CC=C4N2[C@@H]31,-27.32023362355176,215,False,3.744206558618489,0.6954177067514503
CN1C(=O)C=C2C(C1)/C(=C/c1cccs1)C2=O,-27.3550820598216,216,False,3.82924176814453,0.7065540312518966
CN1CCN2[C@@H](C1)C1=CC=CC-c3cc4cnoc4cc3C=C21,-27.356053496696404,217,False,4.431819444224317,0.7490741628091778
C1C(N)=CC=C1C1=CC=C(Cl)C2=CC=CC=C12,-27.388154727658275,218,False,2.5240603024057062,0.7985515983481989
CN1CCN2C(C1)c1cccc3c(CO)coc3cc1O2,-27.40132541337516,219,False,4.413136603079144,0.8500447142299955
C1COc2c(cc3c(c2)ccc(OC)c3)CC[N+]1(C)C,-27.462066259737185,220,False,2.67424454033071,0.7432351185800665
CN1CCn2c(=O)[nH]c3ccc(Br)cc3c2=C=C1,-27.47307758900297,221,False,3.6380063762181583,0.7481246984923804
n1n(-c2ccc(Br)cc2)ccc1N1CCN2C(C1)C3=CC=CC=C3CC4=CCC(=O)C=C42,-27.506579500982756,222,False,3.533874469616441,0.5192125655127998
c1cc2[nH]nc(Cn3ncc(=O)[nH]3)c2cc1,-27.559328816069865,223,False,3.0887209794399855,0.6527415164543705
COc1cc[n+]2[nH]cc(-c3cc4ccccc4cc3OC)c2c1,-27.569397870898683,224,False,2.768894537612182,0.587435103670527
CN(Cc1nn(C)c(C(C)=C)c1C)C,-27.651515802579524,225,False,3.0785690472306,0.7298697994894264
CN1CCN2C(C1)C(/C=C\COc1cccc3ccccc13)CC2=O,-27.75396524752432,226,False,3.3865506341762597,0.8049933098102984
CN1CCN2C(C1)C3=C[C@@H]1[C@H]3CC3C(=O)C=C[C@]312,-27.77083696013142,227,False,6.47686952415625,0.5838413319116371
c1(OC)ccc2nnn(Cc3ccc([N+](=O)[O-])cc3)c2n1,-27.930419094605213,228,False,2.21400208197063,0.5353075757005175
N(c1ncc[nH]1)Cc1c2c(ccc1O)cccc2,-27.9322506086246,229,True,2.2882215217829156,0.6582535738404117
CN1CCc2c(s1)C3=CC=CC=C[C@H]3Cc4cc(Br)ccc42,-27.985539986644653,230,False,4.083203351183038,0.5636188466356308
CN1CCN2C(C1)[C@@H]1C=CC[C@H]1C3=CC=CC=CN23,-28.01031449250877,231,False,4.7823462941544435,0.6129726703593223
O1CCN2C(C1)Cc1c3coc(Cl)c3[nH]c1C2=O,-28.02052928298076,232,False,3.9730321063787297,0.7911493438891011
C1CN2C(C1)C1=C/C=C/C=C3/CC=CC=CC32C1,-28.03219755110331,233,False,5.628664535622134,0.6227113570586292
CCOC(=O)N1[C@@H](C)CN2C(c3ccccc3Cc3ccccc32)C1=O,-28.088966568310752,234,False,3.314109438826021,0.789488578374304
c1nc2[nH]cc(-c3sc(OC)cn3)c2cc1,-28.0897711619582,235,False,2.8086751529260745,0.7373385674720702
C(N1CCN2C(C1)c1ccccc1C2=O)Cn1cnc2cc(O)ccc12,-28.104926822565176,236,False,2.9282406575490114,0.7886416542963957
C1N2C(CC1CC#CCCCC)C1=CC=CC=CC=C21,-28.20386402495205,237,False,4.3503449642470855,0.5455583224365087
CN1CCN2C(C1)C3=C(N(Cc4cc(F)ccc4)C=CC=C3C)C2,-28.234399679815457,238,False,3.54960610902309,0.8275848881393777
CC[n+]1cn2c(c1)C1=CC=CC=C3CC4=CC=CC=C4[C@]213,-28.32275425604894,239,False,4.643656958300664,0.7063560985745024
Sc1c(N)nc(-c2cncnc2)nc1,-28.3606008160059,240,False,2.9381678933844455,0.673339904016014
c1c2c(c3ccc4cccc[n+]4c3[nH]2)[nH]c1,-28.435795372872235,241,False,3.3818109753483316,0.4162025272166857
CN1CCN2C(C1)C3=C(n4ccnn4)N=C3c1c2cccc1,-28.43762421212159,242,False,3.5782074931948724,0.7891306532424434
C(=C/OC)(\c1nccs1)C,-28.44219512231212,243,False,3.1970468392029865,0.6103773133667583
C(Nc1cc2ccccc2cc1)CN1CN2C(C1)C3=CC=CC=C3CC4=CC=CC=C42,-28.52839657454751,244,False,2.8911209184423505,0.4714043140028958
C1CCN2C(C1=C)C=CC=CC=C1C=C1C=C2,-28.545536894816905,245,False,4.743536415986966,0.5679518624501846
N1CCN2[C@H](C1)c3cc4ccccc4[nH]c3=CC=CC=C2,-28.560834939940836,246,False,4.288403608424733,0.7633347061009945
CCN1CCN2[C@](C1)(CO)[C@H]1Cc3cc(OC)ccc3[C@@]12O,-28.57628382975236,247,False,4.1841811119287,0.8462413841046919
CN1CCN2C(C1)/C(=C\C=C\CC)C(=C\C(OC)=O)CC2=O,-28.59189732302912,248,False,3.8140693032637447,0.5858877400148701
CN1CCN2C(C1)C3=C(C=CC=C3Cc3cc(F)ccc3/C=N\O)C2,-28.60267289425815,249,False,3.3247754609421554,0.5307213119569477
CN1CCN2C(C1)CCc1ccccc1[C@@H]2Cc1ccc(O)cc1CO,-28.617634854352215,250,False,3.3280619959985778,0.8917030254051749
c1(-[n+]2cncc3c2cccc3O)ccc(Cl)cc1,-28.65849122206896,251,False,2.8795464910806725,0.6808612625333751
Clc1[nH]cc2c1-c1c(C)ccc(OC)c1C2,-28.675407041640028,252,False,2.933385398425255,0.6832042462189037
c1(N)nn(-c2ccccc2)c2cncc(N)c12,-28.744304828217537,253,False,2.491340993143538,0.6583413330949236
c1(C(F)(F)F)[nH]c2c(n1)cc(OC)cc2Cl,-28.83617981478073,254,False,2.597388189122931,0.8436684103466402
N1(CCO)C(O)CC2=CC=CC=C1CC=CC=C2,-28.86242295661941,255,False,5.357164606909928,0.7804738000458695
c1c(C#N)cc2oc3ccccc3c2c1C=CC=C,-28.86623516880536,256,False,2.794313558909133,0.6156761066006602
N1CCOc2c1cc1c(c(-c3ccc(O)cc3)co1)c2,-28.87581991010484,257,False,2.5102626011280726,0.7068529028063292
C1CN2C(C#CC3=CC=CC=C3CC4=CCCN=C42)C1,-28.904135287273675,258,False,4.880004244922462,0.6564501016881075
CN1CCN2C(C1(C)C)c1ccc3c4cocc4[nH]c3c1C2,-28.931739915162325,259,False,4.022714340194028,0.6892861668711253
c1(/C=C(\C)CCC=C)cccc2c(O)cccc21,-28.94215022690696,260,False,2.297592801557528,0.749830997384737
CC1=CN2C(C1)C3=CC=CC(OC)CC=C3CC4=CC=CC=C42,-28.943059814395383,261,False,4.157238548165466,0.7543076580170628
FC(CN1c2ccccc2C=C(C#N)C1=S)F,-29.00660734025132,262,False,2.755509135032046,0.7630155702035669
o1nc(-c2onc(C)c2)nc1OC1CCN2C(C1)C3=CC=CC=C3CC4=CC=CC=C42,-29.015424417808617,263,False,3.6217175813747735,0.4796636985163389
Clc1c(C)onc1N[C@H]1CCN2C(C1)C3=CC=CC=C3CC4=CC=C=CC=C42,-29.0415706805843,264,False,4.411354985531539,0.7008426651336606
C[n+]1c(C)onc1C1Nc2ccc(Cl)cc2CC1,-29.05505932584674,265,False,3.7919166869565224,0.8052219188527591
c1ccnc(Sc2n(-c3ccc(Cl)cc3)c(=O)n2)c1,-29.06696127209364,266,False,2.5768383141538873,0.8440023754462755
N1CCC=C(C1=[N+](C)C)Cc1ccccc1,-29.08626697678119,267,False,3.070875900097496,0.7436918364838122
O1CCN2C(C1)C3=C/C(=C\c4c(F)cccc4F)C(=C)C=C3CC4=CC=CC=C42,-29.088479113257108,268,False,3.55695205837465,0.6295642766159218
CN1CCN2C([C@@H]1C)C1=CC=CC=C3[C@@H](O)C=C2CC=C13,-29.09180106723215,269,False,5.5622922688058045,0.7360134131815556
CN1CCN2C(C1)C3(CC=C3Cc3cc(C)c(CC=C)cc32)C,-29.1504471777007,270,False,3.980110504360822,0.7680909093539656
Nc1c2c(ncc1-c1ccc3ccccc3n1)cn2,-29.254629469464817,271,False,2.8007896028651764,0.5612546494428924
CN1CCCN2C1C1=CC=CC=C1CC(=O)c1c-2ccc[n+]1C,-29.28818965287155,272,False,3.5211176690680173,0.6975663495462574
N1C(C(C)C)CN(Cc2c3ccccc3ccc2)C1=O,-29.494650736467065,273,False,2.7562212954605947,0.9089135856946308
CN1CCN2C(C1)c3ccc(O)c([C@@H](O)C(C)C)c3C2,-29.592810389585797,274,False,3.5963234068214582,0.8656953782224781
CN1Cc2c(cc1)c1c([nH]c(=O)o1)C2,-29.596691833474356,275,False,4.079880201076754,0.6559383613347032
C(\NC)(S)=N\c1cc(Cl)ccc1OC,-29.610470988387988,276,False,2.808808925773109,0.4650863743751973
CN(CCc1cc(-c2onc(COC)n2)ccc1Cl)C,-29.682998685506163,277,False,2.3406443668200083,0.8198322117139222
n1c2cc(OC)ccc2ccc1C(=O)c1cc(OC)cc(OC)c1,-29.685955094679684,278,False,2.0314095008225976,0.6727511583068264
O/N=C1\CC(=O)N2C(C1)c1ccc(OC)cc1CCC2,-29.822536282816145,279,False,3.1571719027480443,0.630103852373001
C1N2[C@@H](CC[C@H]1C)C1=CC(=O)c3c(OC)cccc3CC12,-29.83429021275606,280,False,3.82647668534781,0.7934988356516285
C[C@@H]1CN2CC3=CC=CC=C3CC4=CCC2=CC=CC=C41,-29.857711166143417,281,False,5.165349669019021,0.6784507543154312
S=CCN1CCN2[C@H](C1)C3=CC=CC=C(O)C3CC4=CC=CC=C42,-29.872413292410783,282,True,4.105607728107353,0.8373633342833542
Fc1cc(F)cc(F)c1CN1CCN2C([C@@H]1CCCc1ccccc1)C3=CC=CC=C3CC4=CC=CC=C42,-29.873540994092764,283,False,3.439419450552718,0.2645464678326721
c1(OC)cc2c(cc1)-c1c3[nH]ccc3ccc1CCN2CC,-29.883760636392253,284,False,2.5770875398790647,0.765473688607786
CN1CCN2[C@](C1)(OC)c1ncccc1C2(CBr)C,-29.90353482942737,285,False,4.347783743237954,0.7745211308236255
CCN1CCC2C(C1)c3ccccc3CC=C=CC=C2C,-29.94775494141504,286,False,4.487122653119736,0.6917878555743328
CN1CCN2C(C1)C1=C(Cl)C=C3C=CC=CC=C2C(Br)=CC=C31,-29.98968274587241,287,False,4.24951557116592,0.6154665798654082
c12cc3[nH]ccc3c[n+]1Cc1ccc[nH]c-1n2,-30.05563572229221,288,False,4.172162509442367,0.6536905169127628
O[C@](C)(Cc1c[nH]c2c1c1ccccc1n2C)CO,-30.060534107142303,289,False,3.354080896882192,0.6721177731835281
Fc1c(N2C(CCCC)c3oc4c(c32)cccc4)ccc(F)c1,-30.073013395356384,290,False,3.0422966900470385,0.5788771595457379
CN1CCN2CC=C3CC=CC=C3CC4=CC(C)=CC=C4N21,-30.081348717969377,291,False,3.9784074377215,0.7268362220251579
CN1CCN2C(C1)c1cc(Br)ccc1CC=C2CC(=O)N1CCCS1,-30.106398092651943,292,False,3.953948537865232,0.6827004398783791
C=CCN1CCN2C(C1)[C@H]1[C@H]3[C@H](c4ccccc4C1)O[C@@H]32,-30.144107033265755,293,False,4.274955277290912,0.7723144246693895
OC(=O)c1cc2c([n+](-c3ccc4c(c3)OCO4)n1)cccc2,-30.147438080685788,294,False,2.890216145648296,0.7314314107084733
C1N2C(=CN1C/C=C\CC=C\c1ccccc1)C2=O,-30.164599716750672,295,False,3.2195788885794627,0.5937382699670127
Cn1c2cnc(C#N)c-2nc2cn(C)cc2c1=O,-30.229849553240683,296,False,3.353821887530376,0.5765990076523638
CN1CCN(C(=O)Cc2cccc3c(C)ncn32)CC1,-30.232671370815524,297,False,2.505078548427875,0.8174009900341643
NCC[n+]1c2c(c(OC)c(OC)c(OC)c2)ccc1F,-30.38407647823988,298,False,2.9747476835033257,0.6617703997621239
CCCN1C[C@H]2N(Cc3cc(OC)cc(OC)c31)Cc1c2cccc1,-30.43613991062739,299,True,3.056960076326771,0.841441504838124
N1c2[nH]c3ncc(C#N)nc-3c2-c2c1cccc2,-30.476935661652533,300,False,2.9254763839019287,0.4891622978156026
CN1CCN2C(C1)C3=C(CCC3O)C=CC=C3C=CC=C(Cl)C=C23,-30.542456868237423,301,False,5.013788046996133,0.7323898166043211
n1cn(C)cc1N1CCN2C(/C1=C\C=C\c1ccccc1)C3=CC=CC=C3CC4=CC=CC=C42,-30.596059267616965,302,False,3.476920873167204,0.3879347573472935
c1ccccc1N1CC=C2CCC[C@@H]3CC4=CC=CC=C4[C@@]32CO1,-30.61775574052808,303,False,4.221586458367371,0.7093980017363777
CNCc1cc2c(s1)C(=O)c1c(ccc(OC)c1)OC2,-30.7205733943938,304,False,2.598887455310466,0.9432578677925956
CN1CCN2C(C1)C3=CC=CC=C3C/C(=C\c3ccc(OCc4ccccc4)c(OC)c3)C=CC=C2C,-30.77001543546794,305,False,3.7192787274840544,0.397502072248145
CN1CCN2C(C1)C1=CCc3c(c4c(c(C)n[nH]4)cc3)CCC=C12,-30.809207539074123,306,False,4.346117627147418,0.8105631066140534
O1CCN2C(C1)c3ccccc3-c3c4cccnc4[n+]([O-])n32,-30.846936379817635,307,False,3.807267611538068,0.4638792868825444
N1CCN2C(C1)c3[nH]cnc3-c3cc4c(cc3C2=O)ccc(OC)c4,-30.86438813619316,308,False,3.272098669582829,0.7165550023410983
[S+]1(CN)CCc2c(oc3c2cccc3OC)C1,-30.865353845254504,309,False,3.960236214769333,0.8296612142170223
O1CN2[C@H](C1)c1c3cc([N+]([O-])=O)ccc3ccc1CC2O,-30.894971449452896,310,False,3.764133819274779,0.6402942102007799
CN1CCN2[C@@H](C1)C1=C[C@H](O)[C@@H]3C=C[C@H](Cl)C[C@]312,-30.92984818044352,311,False,5.417545115089531,0.5200023649202316
CN1CCN2C(C1)C1=CC=CC=C3CCc4cc(OC(F)(F)F)ccc4C=C3CC=C12,-30.94871491064987,312,False,4.347416500583725,0.6108277942214763
C1CCN2S(=O)(CCC)=CC(=O)C=C2C=C1,-30.949761672188743,313,True,4.55764231549846,0.6850934274269089
C[N+](C)(Cc1c[nH]c2ccc3c(cccc31)c2)CCl,-30.979783668590244,314,False,4.416989462348749,0.5084006175597168
c1(N)ccc2c(c1)C1=CC=CC=C3Cc4ocnc4CCN3CC12,-30.981530614426447,315,False,4.604201242686807,0.7576102037474219
c1ccncc1-n1nc(-c2cocc2)nc1-c1c[nH]c2ccccc21,-30.98637429595101,316,False,2.619010005407411,0.5419686283130035
N1CCN2C(C1)C(=NC=NCc1ccccc1)Cc1c-2cccc1,-31.045971527026268,317,False,3.413833951832454,0.6980582797514001
C[n+]1ccn2c1C1c3c(ccc4ccccc41)cccc3CC4=CC=CC=C42,-31.04807229353173,318,False,3.5223740076116794,0.3413858996542491
Clc1cc[n+]2c(c1)C1=C=CC=C3CC4=CC=CC=C4C=C3[C@H]21,-31.059623163212564,319,False,4.474581931064694,0.5044615110393843
C=Cc1c2c(n(O)c1Cl)ccc(C)n2,-31.06393573532841,320,False,3.145310545206307,0.7322337927341489
N1CC=Nc2c1n1c3ccccc3cc3c(c12)OCO3,-31.075698681181397,321,False,3.240735026160668,0.6795221434560672
O1CCN2C(C1)c1ccnnc1C=C2CCN1CC=CC=C1C,-31.12627071607858,322,False,4.203452798644324,0.8571744715229337
O1CCN2C(C1)[C@@H]1[C@H](C)CC=C3CC4=CC=CC=C4N3C21,-31.13176753604785,323,False,4.407258911795689,0.7273344092280645
Cc1c(NC(=O)C=C)cc(/C=C/c2cccnc2)cc1,-31.19968324596812,324,False,2.230067212395488,0.8557297841884437
c1(Br)cc2c(n1C)C1=CC=CC2OC1O,-31.23587279141429,325,False,5.318713956049576,0.781756053533208
C1N(C(OC(C)(C)C)=O)C2=CC=CC=C2c2nn[nH]c21,-31.2375668597233,326,False,2.8904083778090204,0.8000649272547065
N(C)(c1c2c(cc[nH]2)sc1C)c1c[nH]c2ccccc12,-31.260200456184972,327,False,3.0941667237734,0.5442455443521538
c1(N)c2c([nH]c1COC)C(c1ccc(OC)cc1)=CC=C2C,-31.33241174358045,328,False,2.465969014754995,0.7677666092797424
CN1CC(O)CN2C1=C1[C@H]3[C@@H](O1)C=CC=C3CC4=CC=CC=C42,-31.34216068846581,329,False,4.457885983698889,0.7954957659621827
CN1C(=O)N2CC1(CC)Cc1c2coc1,-31.346347709496055,330,False,4.94596122373072,0.7028009806119412
S1CCN2C(C1)C1=CCCC(=O)C2=CC1=CC=C2CC1=CC=CC=C21,-31.35759763373926,331,False,4.613206813630919,0.7608565833667486
c1(O[C@@H]2O[C@@H](C)[C@H](O)[C@@H](O)[C@@H]2O)cc2c(cc1C)C=CC=C2,-31.418659457991453,332,False,3.3800399686889513,0.780445178626018
OCC1=CCN2C(C1)C3=C[C@H](O)[C@@H]4CCCC3=CC=CC=C42,-31.505280132289045,333,False,6.051522365629704,0.7307882810886105
C[N+]1(C)CCN2[C@@H](C1)C3=C[C@H](Cl)C=C3CC4=C/C[C@H](Cl)C=C42,-31.58174908765432,334,False,5.43859128562597,0.4830687781076097
N1CCN2C(C1)C(C)=C[C@H](C)c1c(CO)cc(OC)cc12,-31.613575830473565,335,False,3.7089030370062,0.8174535169301137
C(C)n1c2ccc(Cl)cc2n(Cc2cc(OC)c(OC)cc2)c1=S,-31.625943233434555,336,False,2.22582752270414,0.6034719076138676
C([C@@H](c1cc2c(cc1)OCO2)CO)(C#C)=O,-31.740149224584457,337,False,3.2210115462676905,0.5988325108809692
CN1C2/C(=C/c3ccccc3F)C3=CC=CC=CC=C1N23,-31.744506165941857,338,False,3.620481288122084,0.7565995746215695
CN1CCN2C(C1)N1C2=CC=CCn2c1cccc2=O,-31.7764222392434,339,False,3.9569955241357295,0.6927507647354902
c1ccc2c(c1)-c1c3nccc4cccc(c43)cc[n+]1C2=O,-31.813186620271157,340,False,3.171875073163088,0.5934279643869474
Nc1n2nc(OC)c(C)c2n([C@H]2O[C@H](CO)[C@@H](O)[C@H]2O)n1,-31.835697167577564,341,False,4.342991561658559,0.511959787313269
Cn1c2c(nc1CNCc1ccccc1)-c1c3c(cccc3)ccc1CC2,-31.970243864564736,342,False,2.45639076953033,0.5796773876157565
c1(O)c[n+](CSc2c([N+]([O-])=O)cccc2[N+]([O-])=O)ccc1,-31.98165044929783,343,False,3.105605424145697,0.3923313731524476
C1CN2C=CCc3ccccc3[C@]1(OC)C2,-32.01539999700617,344,False,4.3408083081217566,0.7124624033573059
NCC/N=C/c1[nH]c2c(c1)c1c([nH]2)C=CC=CC1=O,-32.03241451397844,345,False,3.3200092232447966,0.6166439913996887
Fc1ccc2n(c1=O)/C(=C\c1c[n+]([O-])ccc1)OC2,-32.03244285786428,346,False,3.657972020447594,0.5697134772975816
CN1CCN2C(C1=S)c1ccc3c(c1C2(OC)OCO3)C,-32.03457547794096,347,False,5.163062583958327,0.7354821112579562
CN1CCN(C)[C@H]1Cc1ccc(C(C)C)c2ccc(O)cc12,-32.05229219852481,348,False,2.786350343315382,0.9404019748942544
N1CC[C@]2(Oc3ccc(OC)cc31)SCC2,-32.09059783478733,349,False,3.883198429896078,0.8132404957696172
CN1CCN2C(C1)c1cc(CC=C)cc3c(C)cc1C[C@H]2O3,-32.15401385608129,350,False,5.593574313252698,0.7286164180866427
C1CN(Cc2c(OC)cc(OC)cc2Cl)CCN1Cc1ccccc1O,-32.16493824800909,351,True,2.128959634993805,0.8369149582100261
O1CCN2C(C1)[C@@H]1[C@H]3COCC[C@H]3/C2=N/O1,-32.262359749525785,352,False,5.408518103271583,0.5836157065502092
c1cc2c(cn1)C1=C=CC=C3CC(=O)CC=C3CC=CC=C12,-32.29833588876318,353,False,4.547084652958187,0.6688687654801942
N1(C)C(C)(C)C2(C=CC=CC1)CC2,-32.30803170055151,354,False,4.134257546202909,0.5495145237889574
CCN1CCN2[C@H](C1)C3=CC=CC(=O)[C@H]3CC4=CNCC[C@@H]42,-32.323869349220786,355,False,4.619796325948551,0.7921052331807814
CN1CCN2C(=C1)Cc1c(cccc1Br)C2c1c(O)cc(OC)cc1O,-32.343454017769545,356,True,3.7252297152829144,0.7823674849833945
c1(CCN2C(C)[C@H]3[C@H](F)C=C[C@H]32)ccccc1,-32.36043108820559,357,False,3.982544358644901,0.723016496205562
Clc1ccc2c(c1)C1=CC=CC=C3CC4=CC[N+]([O-])=CC=C4C=C3C12,-32.360783593808264,358,False,4.563605308149742,0.4745609085731958
C1CN2[C@H](C)C(=O)C[C@@H]3C=C[C@@]32O1,-32.39516274368361,359,False,5.382464139482078,0.5088613334288571
S1CCN2C(C1)C=C1C(NC#N)=C21,-32.40158172555675,360,False,4.74635780068527,0.4874535095434614
CN1CCCN2C(C1)C=CC[C@H](OC(C)=O)[C@H]3CC4=CC=CC=C4C=C32,-32.439104946912266,361,False,4.097420862071608,0.5743333081686955
O/N=C/c1cc(-c2ccccc2OCCC)[nH]n1,-32.47226683103554,362,False,2.695155662678306,0.4830519283188826
CN(/C=C/c1c2ccccc2nc(C#CCOCC)c1)C,-32.497608695863164,363,False,2.932075158893708,0.6352276092865067
N#CC1=CCN2C(C1)C=CC=C1C=C(Cl)[C@H](Br)C[C@H]21,-32.58394290980141,364,False,5.223842264850414,0.6307188125188921
C[N+]1(C)[C@H]2[C@H]3CC=CC=C3CC4=C=CC=CC=C4C=C21,-32.71279588143807,365,False,5.597299071157124,0.3536183964451223
CN1CCN2CC3=CC=CC=CC=C3C4=C(Cl)C(=O)C4=C21,-32.803799786527634,366,True,3.7943213127398625,0.686442870997765
FC1(F)CCN2C(C1)C(=O)O[C@H]2c1ccc2ccccc2c1Cl,-32.81710782091432,367,False,3.692165888976207,0.732153899648034
CN1CCN2C(CC1)C1=CC=CC=C3C=CC(=O)OC[C@H]3O[C@H]12,-32.82453244752651,368,False,5.050629697557397,0.6296936407701089
O1CCN2[C@@H](C1)c1[nH]c3c(c1N=C2)ccc([N+]([O-])=O)c3,-32.915921271291154,369,False,3.778127089122467,0.6362779730348703
CN1C=CN2C(C1)/C(=N\Nc1ccc(Cl)cc1)c1ccc3ccccc3c1O2,-32.97548577145869,370,False,3.588839696257444,0.6434833101066811
Nc1ccn2c(n1)c1c3cc(-c4ccncc4)c(OC)cc1n32,-33.058080297628294,371,False,4.42303647243335,0.6172956000624589
CN1CC2C(C=C1)s1cc(Cl)c(Cl)c(Cl)c12,-33.07442842181888,372,True,5.635242029774462,0.6162634211589029
c1cncnc1[C@@H]1[C@H](C)C=Cc2c1cccc2,-33.17212885664412,373,False,3.3757707806831654,0.7396817561671896
CN1[C@@H](CN2C(=O)/C(=C\C)C3=CC=CC(=O)OC32)CC=C1,-33.18777456943417,374,False,4.687638369470346,0.5679211189728464
CN1CCC2=C1C(=O)/C(=C\c1c[nH]c3c1cccc3OC)[C@H]2O,-33.211860327366594,375,False,3.6842963350174527,0.8337677217964838
c1ccccc1NC(C1=Nc2ccccc2C1SCc1ccccc1)=O,-33.28641140473701,376,False,2.8556518411023006,0.6645850297209206
CN1CCN2C(C1)c1[nH]c(/C(=C\OC)CCCCC#N)cc1CC2,-33.312490878681274,377,False,3.79504423611339,0.6442601233371704
C(Sc1nc2c([nH]1)C1=CC=Cc3cccnc3C=CC=CC=C21)C,-33.32457952768527,378,False,2.7262604686255205,0.4964141935853157
CN(C)CCCSc1sc2c(n1)C1=CC=CC=C3c4ccccc4C=CC=C1C32,-33.36529288957536,379,False,4.918359763150185,0.4217799932328216
O1CCN2c3c(c1)c(C=O)cc(c3)ccc2,-33.407372141191445,380,False,4.849901636547734,0.6316459904807484
CN1CCN(Cc2ccccc2)[C@H](C)C[C@H]1Cc1c2cc(OC)ccc2cc(OC)c1,-33.54378140412064,381,False,3.1484772991606507,0.5627687416130799
CN1CC(=O)NC(C)=CC=C2Cc3ccccc3C=NC=C12,-33.552715899549185,382,False,3.854006647886335,0.7980506960324538
CN1CCN2CC1c1c(F)ccc3nc(Cl)cc(c31)C2=O,-33.56751820688055,383,False,4.026838180937293,0.7016497572853252
C1CN2C(C1)C3=CC=CCc4cn(-c5sccn5)cc4[C@H]3CC4=CC=CC=C42,-33.56784701300785,384,False,4.00711994130747,0.5680838981640831
CN1C(C)CN2C(C1)Cc1[n+](O)ccc(CC=C(C)C)c12,-33.6024856173899,385,False,4.374505941290694,0.5111650323626556
c1c([C@H]2O/C(=C\c3ccncc3)[C@@H](O)C=C2)cccc1,-33.68333444732343,386,False,3.5390941167894585,0.8483077902502656
OC/N=C(/c1ccc2[n+](C)cccc2c1)\c1ccccc1Cl,-33.73503879013879,387,True,2.7796815989449986,0.5854271167069783
OCC(N1CCN2C(C1)C1=CC=CC=C3Cc4c(coc41)C=C(C#N)C=C32)=O,-33.75097213879053,388,False,5.880334547205953,0.814669587394094
C1N(Cc2ccccc2)c2ccoc2C2=CC=CC(C)(C)[C@H]12,-33.75484976045482,389,False,3.4906117646445773,0.7825257801118101
C[C@@H](OC(=O)N1CCC2=CCC=CC=C2CC1)C#N,-33.79025858291436,390,False,3.5830956041874664,0.7262514034387134
O1CCN2C(C1)c1c3cccc4ccncc3c[n+]41[C@H]2O,-33.80976578220725,391,False,6.724023243019037,0.674156606688064
O1CC2C(N1CC)c1[nH]ccc1CCC2=O,-33.85116738639772,392,False,4.31807054710064,0.7788628096686413
O=S(N)(=O)N1CCN2[C@H](C1)c1ccnc3c1c(ccc3)C2=O,-33.910504281761405,393,False,3.147254715947307,0.8149114008926269
C1C[C@H]2N(C)CC[C@@](C)(O[C@@H]1c1ccc(OC)cc1)C2,-33.9196894809138,394,False,4.256625051052522,0.8254472538041093
C1(N)=CCCCC=C1/C=C/CCC=C,-33.9781504496932,395,False,3.6349582779998304,0.5316426817544615
[nH]1c[n+]2c(c1-c1cocc1C)-c1cc(Br)ccc1CC2,-34.0438892713147,396,False,3.614741524834407,0.6754996202800301
CN1CC(C)N2C(C1)[C@]1(c3ccccc3[C@@H]1CO)C=CC2=O,-34.0695482463052,397,False,4.822110950238866,0.8446733431844745
CN1[C@@H](C)CN2C(C1)C1(CCBr)C3=CC=CC=C2C=C31,-34.07118702822481,398,False,5.716272014615274,0.7167755797633756
c1(N/N=C/c2cc(OC)c(OC)c(OC)c2)cc2c(cc1OC)C=CC=CC2=O,-34.07443248255004,399,False,2.3620446588570605,0.486525179468624
CN1CCN2C(C13O)C(Sc1nc4ccccc4s1)=CC=CC=C3CC4=CC=CC=C42,-34.12690181321523,400,False,5.017567002277973,0.6115667058640736
C1C2(C)C(CN1)OCCNC2,-34.13437759876251,401,False,4.293899958216761,0.4997732547056387
C(CN1CCN2C(O)=CC1=C2C)CO,-34.19230883009732,402,False,3.716685163232972,0.7479982620350851
Cn1cc[n+](C)c1CN/C=C/c1c[nH]c2c1cccn2,-34.223052148229954,403,False,3.4386375460545677,0.7043041594080348
C1(N)C=C2C(c3ccccc3CC3=CCC1=CC=CC=C23)C,-34.245645013055764,404,False,5.709235959875521,0.7538738419433723
Clc1cc2[n+](Cc3ccc4c(s3)cccc4=O)c[nH]c12,-34.32853159390379,405,False,3.6473014717840098,0.7260495661415735
CN1c2nc(N(C)CC1)c1c(n2)cc(O)cc1,-34.427836411185126,406,False,3.4329642806831657,0.737176677172288
N1CCN2c3ccc(OC)cc3C(c3ccc4c(c32)OCO4)=CC[C@H]1C,-34.469409967947286,407,False,4.547386113545797,0.8496610099557403
Cn1ccn2c(c1)C(=O)c1c-2nc2n(ccc2F)c1,-34.51919899299105,408,False,3.4607797127552864,0.4791675372241207
CN1CCN2C(C1)[C@@H](CC[C@H]1N(C)CCc3ccccc31)CCCCC2,-34.530352275731275,409,False,3.5731977770513677,0.8164068164997794
C1CN(C(=O)Cc2c3cc(OC)co3)cc(OC)c2OC1,-34.536401245880825,410,False,4.323901511582471,0.8535411850010282
C(C#C)NCCn1c2c(c(=O)[nH]1)C=Cc1c-2cccc1,-34.71217606084292,411,False,2.7078805168768483,0.5570784114225776
N1CC[C@@H]2C(=C1)C1=CC=CC=C3CC4C=CC=CC=C4C=C3C21,-34.73544754332397,412,False,5.028646249260711,0.6926698115365405
N1CC[n+]2cc(OC)c(OC)c3coc(ccc23)C1,-34.73936488913023,413,False,5.467882982517255,0.6956007801570785
CN1CCCC2(C1)C(Nc1ccccn1)=CC=Cc1c2ccc(F)c1,-34.79542600904824,414,False,3.9130900439795337,0.8910929956361293
F[C@@H]1CN(CCOc2c(OC)cc3ccccc3n2)CC1,-34.83859675204985,415,False,2.7541108779845676,0.8477111822740575
c1ccccc1-[n+]1cc[n+]2c(c1)C1=CC=CCC1=CC=CC=C2O,-34.89127164595811,416,False,4.414520056924545,0.8023994140106568
Cc1[nH]c(-c2cc(Oc3ccc(Cl)c(OC)c3)cnc2)cn1,-34.90173302349626,417,False,2.3580640165274165,0.7821757826871267
O=C1N(C/C=N/C)CC2=CC1=CC=CC=C1CC=CC=C21,-34.91394205333199,418,False,5.215968302552271,0.7148684521317035
CN1CC(C)N2C(C1)C1=C=CC[C@H]3CC4=C[C@H](O)CC[C@@H]4[C@@]23C1,-34.91785005060956,419,False,6.821593335902396,0.5492757542282806
Cn1nc2c(n1)c1ccc(O)c(C)c1cc1cccnc1c2,-34.9186200369179,420,False,3.580107972571372,0.5216178172254166
c1c(OC)c(-c2ccco2)c2[nH]nc(C(=O)O)c2c1,-35.10829400666262,421,False,2.5794412512168243,0.7531474005730016
Clc1ccc(C2CC(c3ccccc3F)=CCc3[nH]cnc32)cc1,-35.162709277093654,422,False,3.1226912595247622,0.668766522436794
N1(Cc2c(C#CCO)cncc2)C2=CC=CC=C2CCC1=O,-35.216742975525904,423,False,2.4978139821867575,0.8602464476970062
CN1CC=CN2C(C1)s1c(CCl)c(N)ccc12,-35.25701022895737,424,True,5.454984472990857,0.5779728691297951
C(c1c2c(ccc1)C[C@H]1Cc3ccccc3-c3c1c2ccc3)#N,-35.301669142150786,425,False,2.8751810791873105,0.5662197975292044
C1(C)(C)C2=CC=C[C@]3(C=CC=C2C=C1)CCCC3,-35.34627235122025,426,False,4.588266242386846,0.5490920236463169
CN1CCN2N=C1C1=C(c3c(OC)cc(OC)cc3)CC=CC=CC=C1C2,-35.40799995046109,427,False,4.5344176339668545,0.8240461660696533
s1c(COc2cc(-c3cncn3C)ccc2)cc2c1cccn2,-35.434570117089834,428,False,2.45034769152587,0.5631907674350101
C[N+]1(CCCC)CCN2C(C1)C1=CC=CC=C3CC4=CC=CC(=O)C=C4C=C3N21,-35.45598475557654,429,False,4.679277867616582,0.7409166615993914
C(N1CCN2C(C1)C1=CC=CC=C3C1=CO3)C#Cc1cnc2cccc1,-35.49449987895787,430,False,6.186605072921655,0.744638428357245
CN1CCN2C(C1)C=C1[C@@]34CC=CC=C3C=C[C@](O)(C1=O)[C@H]42,-35.52808869292494,431,False,6.561864242311354,0.7133771570946429
N1CCN2C(C1)/C(=C/c1c(OC)c3ccccc3cc1Cl)C(CCO)=CC=C2,-35.55499061021874,432,False,3.7904866839580897,0.8196070298655368
NC(N1CS/C(=C\c2cnc(-c3sccc3)o2)CC1)=S,-35.60278829789877,433,False,3.624782373640775,0.8551384839707634
Cn1cc(C=O)n2c(c1=O)cc[n+]1ccncc1c2,-35.68959039646802,434,False,4.717007917883492,0.4684533738315254
C[C@@H]1C=Cc2c(cc3oc(=O)ccc3c2)[C@H](C(=C)C)O1,-35.71853752505561,435,False,3.959855389838443,0.5823793254979579
COc1cc2[n+](c(Oc3cc(C(NC)=O)ccc3)c2)cc1OC,-35.72615947231452,436,False,3.0118557493051945,0.8536486598786593
N1(CC(c2cnccc2)=O)CC=CC=C2C=CC=CC(C21)=O,-35.73133871233222,437,False,3.566787245413808,0.8008333345013852
Clc1ccc2c(c1O)C(=O)Nc1cc3oc(CC)nc3cc1C2=O,-35.8238138614297,438,False,2.7512415295927735,0.5537805122550082
CN1CCN2C(C1)c1ccc(O)c(O)c1C[C@H]2C1OC1c1ccc2ccccc2c1,-35.82979730225634,439,True,3.904654250943499,0.5066615648380638
Fc1c2ccccc2nc(-c2n(C)ncn2)c1Sc1ccccc1Cl,-35.83171156904427,440,False,2.6804627746381815,0.5101440381093052
CN1CCN2CC3/C(=C\Br)C=C(CC4=CC=CC=C42)SC3(C)C1,-35.96045008604938,441,False,5.728138433354904,0.6520146573806327
n1cn([C@@H](C)c2cnc3[nH]c(=S)oc3c2O)cc1,-36.072558318036045,442,False,3.981413519535708,0.6930842269457499
c1(Nc2ncccc2CSc2cccc([N+](=O)[O-])n2)ccccn1,-36.0898704963854,443,False,2.6399530237702376,0.4143143474861597
OCCn1nnnc1C[n+]1cc2n(CO)ccc2cc1,-36.09099022686269,444,False,3.3879319757627897,0.576929672025482
C1N2C(C)(C)C3CC=CC=C3CC4=C[C@@H](C=C)[C@@H]2[C@H]41,-36.15247619058937,445,False,6.398991193649178,0.6438643493705593
N1CCN2C(C1C)C3=CC=C(S(=O)(=O)c4scnc4)C(=O)C=C3CC4=CC=CC=C42,-36.17024450565043,446,False,3.996437809398332,0.6615564222765953
CN(C)C[C@@H]1CCc2ccc3cc(OC(C)=O)ccc3c2[C@H](O)C1,-36.18379570345866,447,False,3.274225723842961,0.5337087911637015
CN(C(CN(C)C)C1=CC=Cc2cc(O)c(O)cc2CC1)Cl,-36.18768818615536,448,True,3.8383387357984224,0.660615952776428
O1C(CN2CC[C@H](C(C)c3ccoc3)CC2)C=C1,-36.18978703490575,449,False,3.9274448556037553,0.8175870245242127
CN1C(=O)CN2C(C1)C1=CC=CC=C3CC4=CC=CC=C4C=C3OC=C12,-36.20267683583779,450,False,4.479415793245698,0.7252455157896356
CN1CCN2C(C(c3cc4c(cc3)OCO4)C[C@@H]3[C@H]4CC=CC=C32)=CC=CC=C41,-36.21794362706714,451,False,6.11229682295736,0.7062205548238623
C/N=C/c1nc(C(=O)OC)sc1N1CCN2C(C1)C3=CC=CC=C3CC4=CC=CC=C(Br)C=C42,-36.222117715898776,452,False,4.262962970249753,0.4050916565516198
Cn1c(=O)n(CCN)c2c(c1=O)c1[nH]c3ccc4ccccc4c3c12,-36.25347798589951,453,False,2.786870087747607,0.5166355800315321
CN1CCN2C(C1)[C@@H](c1c(C)cnc(-c3cccnc3C)c1C)[C@@H]2C,-36.31843595945975,454,False,3.975781553839536,0.843107863863317
Fc1nc2ncnc(C)c2c(-c2nc(-c3cccs3)cs2)c1,-36.35195669955465,455,False,2.921575520648295,0.514125091170444
C=C(CCn1cnc2c1nc1ccccc1n2)Nc1ccccc1F,-36.39228854089743,456,False,2.594325841023851,0.5963897337679641
N=C(Nc1c(C)[n+]2cccc(F)c2s1)c1ccc(F)cc1,-36.43018406657552,457,False,3.2657802566772807,0.4243903331297967
N1CCN2C(C1)-c1c3c([n+](C)c(SC)ccc3C)cc12,-36.434000581502914,458,True,4.019799433112416,0.6399725515152141
C[C@@H]1CCN2C(C1)C1=Cc3c(oc4ccc(=O)oc43)C=CC=C(C)[C@H]21,-36.48122748348476,459,False,5.044841218165487,0.7228485005882427
n12c(nnc1)O/C(=C\F)C(=O)N=C2N,-36.49678254695891,460,False,4.115240349005748,0.5474418807138627
CN1CCN2C(C1)C1=CC=CC=C3c4ccoc4C(=CCl)C[C@@H]3C21,-36.51843950550392,461,False,4.834429934839725,0.7166987168550217
S1C(C)N2[C@H](C1)C1=C(CC3=CC=CC=C12)CCSC3,-36.56744333100505,462,False,6.083325983557667,0.6641864984698125
c12c(cc(SC(N3CCOCC3)=S)cc1)onc2C,-36.60909302561413,463,False,2.775029642825217,0.5946610317560413
CN1c2ccccc2C2N(C1SC1CC=CC=C1)CCC2=O,-36.66634722182425,464,False,4.454358585563936,0.8353690902031872
N1C(=O)CN2C(C1)[C@@H]1C[C@H](OCC)[C@@H]3CC4=CC=CC=CC=C4[C@@]312,-36.69672773290358,465,False,5.549136507308708,0.8442162844058504
CN1CCN2C(C1)C1=CC[N+](CC3OCCC#CC31)=C2,-36.8076787693426,466,False,6.471848889658162,0.3514907693130318
C(CN1C[C@]12CC=Cc1ccc(Cl)cc12)C(=O)OC,-36.8272545109146,467,False,4.17012759790187,0.6284404516468023
c1(NC(C)=O)c2c(cc(N)c(C)c2C=O)cs1,-36.83081004831729,468,False,3.009267250736877,0.633396462273581
C(CC)C/C(CO)=C\c1c2c(c[nH]1)[nH]cc2,-36.85309608692114,469,False,3.3788595121376304,0.7094232286156944
CN1CCN2C(C1)c1c3c[nH]c4c5c(ncc43)cc(O)cc5c1O2,-36.8916889714601,470,False,5.058223353440567,0.6644711845421907
N1CCN2C([C@H]1SCc1ccncc1F)c1ccc(Cl)c(Cl)c1S2,-36.918691199456816,471,False,4.316556547983129,0.7483009669447998
N1CC(O)N2C([C@@H]1C)C=CC=C1[C@H]2Cc2cc(OC)ccc2C1,-37.07678903633496,472,False,4.465573065690839,0.8273964283039644
C1N2[C@@H](C[C@H]1C#Cc1cc(F)c(Cl)cc1F)Cc1ccc(F)cc12,-37.14300822040923,473,False,3.688672867086022,0.4985989692210248
c1c(C(=O)NCCCCCl)c2nccnc-2[nH]1,-37.15276832224663,474,False,2.5057296901608073,0.6286359059374396
CN1CCN2C(C1)c1cc(C(SCc3ccccc3N)=S)c([N+]([O-])=O)cc1C=C2,-37.19804687344663,475,True,3.769118836718257,0.3419243462061072
CN1CCN(C)[C@@]2([C@@H]1C=C[C@@H](Br)c1ccc(Br)cc12)C,-37.21579379215291,476,False,4.413504035132252,0.4815146753409595
O(C(c1ccc(F)cc1C)c1nnn[nH]1)Cl,-37.22687744038012,477,False,3.6267715462676904,0.8930312854510394
[N-]=[N+]=NCCCC1CN2C(C1)Cc1c3ccccc3c1C2,-37.25227136444301,478,True,4.172088186520438,0.3608348001997923
C/C=C/c1c(O)c2c(nc1C=C)cc1oc(=O)ccc1c2,-37.271231256482565,479,False,3.1469262801453377,0.5732699059377115
C/C=C\N1CCN2C(C1)C1=CC(=O)C=C3C=C=CC=C3CC4=CC=CC=C4C=C12,-37.355544493632806,480,False,5.03751486426492,0.6827848520216461
CN1CCN2C(C1)c1cc(OC)ncc1[C@@H]3c1c2c(cc(Cl)c1)OCO3,-37.39788584208031,481,False,4.8315558481561425,0.7654601853678961
C1CC[N+]2(CO1)c1c3ccc(=C)c(O)c-3cc1C2,-37.433366421377286,482,False,5.373944940611697,0.6719788352676214
C(NC1=NCCCC1C)C#CC=C(OC)CO,-37.53512040898204,483,False,4.464910037375299,0.5659784449684462
CN(C)CCn1c2c(c(=O)n1C)C=CC=C1CC2=CC1CC,-37.56400674028612,484,False,4.950999615599419,0.8549609578863833
CN(C1=C(C2=CC=CC=C3OC(C)=C23)CC=CC=C1C)C,-37.669952909927815,485,False,3.0827998133917527,0.779304652599364
C(#N)C1=Cc2c(ccc3c2C(C=O)=C=C=C3)O1,-37.67446100515372,486,False,4.359195624226742,0.5468940250514469
O1CCN2[C@@H](C1)C1=CC(=O)C2=C[C@@H](OC(c2cc[nH]c2)=O)C1=O,-37.69906923446251,487,False,5.058376953875836,0.7855119835399539
CN1CCN2C(C1)OC(C)(C#CC)[C@H]3CC4=CC=CC=C4[C@H]32,-37.713419613312,488,False,4.436963143410256,0.6832559112605802
CN(C)[C@@H]1C(=O)N(/C)SC1C,-37.74244385966267,489,False,4.321909985689289,0.5384386398344562
ClCCCOC(c1cc[n+]([O-])c2c1Cc1[nH]c3ccccc3c1C2)=O,-37.76598162474875,490,True,3.210401236176642,0.2007449559386446
CN1[C@@H](CN2C(C1)C3=C/C=C/C(=C/Cl)Br)Cc4ccoc4C=C32,-37.80720234448381,491,False,5.685507023805906,0.7043763093668759
C(N1CCc2cscc2C1)(CC)OC(c1sccc1)=O,-37.90347392494732,492,False,3.4840705904487272,0.8055291449084865
CN(C)CCCCN1C[C@H](c2c(O)c3c(cc2)OCO3)C(C)=C1,-37.92213007527607,493,False,3.546799766970115,0.8172742332967011
CN1CCC2=C(C1)C1=CC=CC=C3Cc4cc(O)ccc4C=C3O[C@]12CCC,-37.93710596294841,494,False,4.665194883082577,0.7991985225496017
CN(CCN[C@@H](Cc1c[nH]c2ccccc21)c1n[nH]nn1)CC#C,-37.94931849142995,495,False,3.331058072711575,0.5409765901812483
CN1S(=O)(=O)C2=CC=Cc3c4c(sc3C2)C(C1)OCO4,-37.977527965095135,496,False,6.0111879980972125,0.7339812223390523
CN1CCN2C(C1)C1=C=CC=C3C(OCC)=CC=CC=C4C=C=CC=C4[C@@]321,-38.05128489935305,497,False,6.218688894534927,0.7051163852795085
CN1C(=O)CN2C(C1)c1cccc3c1C(CO3)=C(OC)/C=C/c1c-2ccc(O)c1,-38.0776927954762,498,False,4.113789877076346,0.8103874535300166
CN(C)CC/C(SCc1cn(-c2ccccc2)[n+]1=O)C,-38.10513567887392,499,False,3.800030954222884,0.7214668815714674
N1CC(N(C)C2C3=Cc4ccc(OC)cc4C3=CC2)C=CC=C1,-38.13210955826799,500,False,4.377933840932402,0.9277670098486452
O1CCN2C(C1)C1=C[C@@H](OCOC)[C@@H]3Cc4c-3cccc4OC(OC)=C12,-38.30942900263472,501,False,5.653325419282969,0.7700392257994237
CCCN1CCNc2c(C1)C3=CC=CC=C3Cc4cccc(/C(C)=N/OC)c42,-38.31345144507941,502,False,2.968200707055825,0.6444042440493858
c1c(C2C3=CC=CC=C3C(=O)F)cc2[nH]cc1C,-38.31536758049788,503,False,4.482277338287819,0.8054101740165244
N(CC=C)c1ccc2c(c1OC)C(=S)C=CNC=C2,-38.36787016264498,504,True,3.4783848409604143,0.6516355209893506
CN1CCO/C(=C\c2cccc(Oc3c4cc(OC)ccc4[nH]n3)c2)C1CO,-38.368186438427074,505,False,3.3760473677187743,0.7072379948365998
CN1CCN2C(C1)c1ccoc1O[C@@H]2Cc1cc2c(o1)c1ccoc1cc2,-38.41484134506754,506,False,4.234340776065246,0.5354256704975359
C(CN1C(c2ccc(OC)cc2)CC/C=C\c2ccc3sc4ccccc4c3c21)C,-38.46776372126078,507,False,3.1481367190421645,0.3379087559266707
C1CCN2CC(C1)C1=CC=CC=C3CC4=CC=CCC=C4O[C@H]3C21,-38.61753389576916,508,False,5.578268778067116,0.6537717351585632
CN1CCN2C(C1)c1scc(C)c1CC1=CC=CC=C3C=C=CC=CC=N[C@@]321,-38.68660358269699,509,False,6.047773134874946,0.6156971464965532
C(CC#C)n1c2c(c(O)cc1=O)CC[C@@H]1[C@H]2OC1=O,-38.691887509405205,510,False,4.092795063992671,0.6279351136868743
c1(Cl)c(OC)c2c(cc1OC#CCOc1ccccc1)noc2,-38.7052907757934,511,False,3.069771460689104,0.6792296978948227
CN1CCN2[C@@](C1)(CCC#CC)Oc1c2cc2cc(Cl)c(Br)cc2c1,-38.72046116009386,512,False,3.9932392475077023,0.6439815215295823
CN1CC[N+]2(CC1)C1=CC=Cc3c(OCC)c4cc(OC)ccc4nc3NC21,-38.80450475832913,513,False,4.538046165133859,0.6560551117794137
N1CCN2[C@@H](C1)c1c(O)c(NC)cc3c1CC=CC=C3CC1=CC=CC=C21,-38.957304895855486,514,True,5.0735304933221315,0.6806360457462153
CN1CCN2[C@](C[C@@H]1CC#N)(C)c1c(SC)cnc(C)c12,-39.0008848633297,515,False,4.398497983731013,0.7859749210025303
CN1CCN2C=C1C1=C/C(=C\c3cnn(-c4cc5ccc(F)cc5cc4)c3C)C=CC=C12,-39.04951272360268,516,False,4.070371320891152,0.4891782402661724
C(NCCN1CCc2ccc(Br)cc2[C@@H]1Cc1cc2ccccc2o1)CCC,-39.16966511661985,517,False,3.008157332279957,0.4530425189392982
O=C1N(CCCN2C(c3c4cc[nH]c4ccc3)=C1)C(=O)NCC2,-39.34677389667922,518,False,3.8839900691422313,0.843244937608203
c1cc2[nH]nc(NC34C[C@@H]3c3ccc(OC)cc3OC4)c2cc1,-39.403454412760766,519,False,3.6210612840336376,0.7792384408261632
C[N+]1(C)CC=C2C(C=O)=C(Br)C(=O)C3=CC=CC[C@@]321,-39.43558866744297,520,True,5.33013970074785,0.5472013852748522
C1(NCC=C)C2=CC(OC)=C2OC=CC1O,-39.46145601756871,521,False,4.751882520344788,0.690458188376365
c1[nH]cnc1/N=C(\C)c1c2ccnc(O)c2nc(Cl)c1Cl,-39.527094169417296,522,False,3.6972686530266943,0.5582007170758672
CN1CCN2C(/C1=C\Br)C1=C(O[C@@H](C)c3ccoc3C1)C2,-39.54287516483964,523,False,4.794077665428625,0.7185705207530692
c1(C)cc[n+]([O-])c2c1C1=C(CBr)C=CC=C2CC=C1F,-39.56015823368216,524,False,4.765679290937344,0.4334200810964602
CCS(=O)(Nc1c2c([nH]c1SC(C)=O)Cc1cc(OC)ccc1-2)=O,-39.65239759231849,525,False,3.1372188179760325,0.6778524587529888
[O][N+]1(c2cc3[nH]c(NCC(C)C)nc3cc2)CCC1,-39.70712170193292,526,False,3.3849215124650103,0.830228794663557
C1[C@H]2C3=C(CN1C)C=C(Br)C(=O)C=C3CC1=CC=C(Br)C=C21,-39.709184490916414,527,False,3.444328413217778,0.6401573134351455
n1c(NCC)n[nH]c1N1CCN2C(c3c(cncn3)C3=CC=CC=C32)CC1,-39.736517220914266,528,False,3.4695796096804576,0.74006916850326
CN1CCN2C(CO1)[C@@H](CO)c1c(ccc(O)c1OC)[C@H]2Cc1cc(O)ccc1O,-39.75129665638815,529,False,4.437877427324161,0.558783038221534
CC1=CCN(C(CC)OC(C)(C)C)[C@@](C)(c2ccc(O)cc2)C1,-39.77538718089636,530,False,3.9735538179702905,0.8088630175787539
C1C[C@@H](c2ccccc2)N2[C@H]1C[C@H](Br)C=C[C@@H]2c1ccccc1OC,-39.82995860107985,531,False,3.803935520367927,0.4883367305004256
CN1CCN2C(C1CC)C3=CC([S+]([O-])C)=CC=C3C[C@@]4(C)C=CC=C=C42,-39.86332099329411,532,False,5.506738852685503,0.5892895381687009
Cc1cc(-c2nncn2-c2nnnn2C)cn2c(C1)ncn2,-39.93956168935779,533,False,3.918425039879065,0.648898582594304
C(#N)c1c(C)ccn2c1=N/c1ccoc1N2,-39.95707360839151,534,False,4.1101110171543525,0.71627575647335
c1c(CN2C3=CC=CC(CC)=C3C(F)(F)F)cnc2ccn1,-39.96858060010527,535,False,4.406608369925149,0.8122930334843854
CN(C)[C@H]1CN2CC1C(c1c(OC)cccc1OC)c1c-2nccc1,-39.98234397068154,536,False,4.296950512935974,0.855979947318019
CN1CCN2CC[C@@H]3[C@]1(S3)C(OC)=CC(=O)C[C@H]2C,-39.986123163348566,537,False,6.314514680630462,0.6776130144200265
C1CCN(c2ccc(Br)c3c2CC[C@H]2[C@H](F)C=CC=C12)C3,-40.05062833814373,538,False,5.299559809186507,0.6415135403987051
O=C1c2c(C[C@H]3N(C)CC[C@@]13C(O)=O)[C@H]2C,-40.1021841235206,539,False,4.50411239894018,0.6614739016059238
FCC[C@]1(O)CCN2C(C1)C1=CC[C@H]3C[C@H](O)C(C)=CC[C@]213,-40.13286249130033,540,False,5.612521707793642,0.7697275888107599
[S+]([O-])(c1cc2c(Nc3c4ccccc4ccn3)ccnc2cc1)c1ccccc1,-40.15102217977983,541,False,3.2899356131919264,0.3969847497695786
C1CCN(CSC)/C1=C\n1c(Cc2ccccc2)nnn1,-40.15674405108439,542,False,3.1772662010773303,0.8488307177716108
C1[C@H]2[N+]3=CC=CC=C3C=CC=C2C[C@]1(CSC)CC,-40.15792542044073,543,False,4.758007044465029,0.7516274265362843
CN1/C(=N\CCN)CN2[C@](c3ccccc3)(C1)C3=C=CC=C3Cc4ccccc42,-40.17238556625671,544,False,4.304001838594431,0.8290016431498063
n1c2n3c(nnc3nc1N)nc(-c1c(Cl)cncc1Cl)nc2O,-40.18961115941482,545,False,3.716433264098095,0.6717790840771376
N1(C)CCN2C(C1)C(Cl)C2=NC/C=C/c1cc(Cl)c(Cl)cc1,-40.20181019029053,546,False,3.9518604791062897,0.7682422530799016
Oc1[nH]n(C(n2ncc(-c3ccc(Cl)cc3)n2)=O)n1,-40.26792136931908,547,False,3.1373757940325,0.6993246408992121
N1CCC2(C1)C1=CCC=C2CC2=C(CCl)C=C(SC)C=C21,-40.2882477071671,548,False,5.360198233496851,0.4928390382483114
CN1CCN2C(C1)C3=CCCc4c(c5cscc5c(OC)c4-2)OC(C)=CC3=O,-40.29627830488607,549,False,5.488642730966637,0.7340959376269836
c1nc2c(n1)C1=CC=CC=C=C1CCC/C=C\c1cc2cc1,-40.298279832288245,550,False,5.821959354221452,0.5835255599910583
c1ncnc(S(N)(=O)=O)c1N1CCN2C(C1)C3=CC(Br)=CC=C3COc1ccccc12,-40.31512953142556,551,False,3.3759241470368817,0.5381319491089587
N1CCN2C(C1=O)C3=C(C[C@@H]2CNCC=C)S3,-40.350796452970826,552,False,4.521496325424138,0.556826585006032
c1ccccc1CN1CCCN2C(C1)C1=CC=CC=C3CC4=CC=C(Br)C=C4C=C1n32,-40.39246698328861,553,False,4.688627616645876,0.5690713087786037
N1CCN2C(C1)C1C3C=C=CC(OCc4cocc4)=C3CC4=CC=CC=C4C21,-40.40720310038887,554,False,4.871798979237809,0.8358599445184752
c1cn2c(NC(C)C)ccc2c2c1O[C@H](OC)[C@@H](O)[C@@H]2O,-40.4683462605426,555,False,4.263771247682027,0.7994880864833088
CN1CCN2C(C1)C1=CC=CC(=O)C[C@@H]3Oc4cc(OC)c(OC)cc4[C@H]3CC4=CC=CC=C4C=C21,-40.51066970312149,556,False,4.5996503458900175,0.6364873102771768
CN1CCN2C[C@H]1Cc1oc3c(c1C2)CC[C@@H](O)C3(OC)OC,-40.59207675702055,557,False,5.413732740874096,0.8093069749819664
c1ccc2cc3n4c(scc4[n+]2[O-])ccnc3cc1,-40.61183295893352,558,False,5.928345729770001,0.5002267482127921
COc1cc(-n2c(Cn3cncn3)c3nc4[nH]cnc4cc3[n+]2C)ccc1O,-40.62648710386293,559,False,3.560455407910526,0.4536090564571288
c1c([N+](=O)[O-])cc[n+]([O-])c1N1CC2=CC=CC=C3CC4=CC=CC=C4C=C3[C@H]12,-40.7080462546694,560,False,4.15306104293245,0.3506134965175238
N1CCN2C(C1)C1=CC=CC=C3C[C@@H]2[C@H]2CC=C3CC[C@]2(O)OC1=O,-40.81466940557584,561,False,6.461819142398041,0.6533971122696511
CN1C2=C(C(C)CNC1)C=CC=C-c1cc(OC)ccc12,-40.89340523519786,562,False,3.726551306736143,0.856275298462856
CN1CCN=C(C1=O)c1ccc(=O)c2n(-c3ccccc3)cnc2c1C=C,-40.90859693710854,563,False,3.1038130747251333,0.72139582662831
CN1C[C@H]2N[C@H]3[C@@H]([C@H]1C)c1c4oc(=O)ccc4[nH]c1[C@@H]3CC2,-40.91118486225923,564,False,5.4033314411759505,0.7779453964291047
C1[C@@H]2[C@](O[C@@H]2c2ccsc2)(C)[C@@H]2C[C@@H]1O2,-40.99800351043814,565,False,5.27661097023497,0.7271130383301645
CN1CCC[C@@]2(C1)N1c3cc(Cl)ccc3[C@@H]1C[C@]2(OC)OC,-41.0119765283024,566,False,4.581307966899097,0.7813352284590885
c1[nH]c2c(n1)-c1ccc3cc(CO[C@H]4O[C@H](C)[C@@H](O)[C@H](O)[C@H]4O)ccc3c1C[C@H]2CO,-41.09413717366624,567,False,4.374164451314446,0.4241620392448348
C1C(c2c(CO)c(OC)cc(OC)c2)n2nc(-c3ccccc3Cl)nc12,-41.14879698121331,568,False,3.247841500091959,0.7451324360601528
Brc1c(N2C(CBr)C=C(Br)Cc3[nH]cc(C=C)c32)cccc1,-41.28178501966704,569,False,4.1139418127214995,0.5148774964022174
BrC1=CC2OC2[C@]2(C1)C3=C[C@H](O)C=C3C[C@]4(Cl)C=CC=CC=C42,-41.34555920204002,570,False,6.269935484284531,0.4983276572300937
OCCNC(CO)(c1ccccc1)c1c2cc(Cl)c(Cl)cc2nc(CO)n1,-41.3472962812599,571,False,3.4008012999638577,0.4788853365723372
C1CCN(C(C)=N)C1N/C(=N/C#N)SS,-41.35798432928277,572,False,4.540736002106014,0.2139222596108906
CNC1CCN2/C(C1)=C1/C=C3C(=O)c4cc5ccccc5cc4C1=C23,-41.3633675184974,573,False,4.474794755670846,0.7359148072616739
C[C@@H](Cc1cc(OC)c2c(c1)C1=CCC3=CCC[C@H]1C3C2=O)O,-41.36928140493183,574,False,5.156459885313311,0.8684650156661057
CN1CCN2C(C1)C[S+](C)C(O)=C3CC4=CC=CC=C4CN23,-41.38078475254588,575,False,4.408568171413982,0.7355541919407329
C1CN1Cc1nc2c[nH]c3c2c(c1)-c1c-3ccc(C)n1,-41.389949193089706,576,False,2.992223222447141,0.5648784485158784
CN1CCN2C([C@@H]1CC/C=C/[C@H](C(C)COC(C)=O)C)c1ccccc1CC2,-41.46190681153894,577,False,4.019577891464824,0.5239843077807383
C1NCC2C(C1)[C@]1(Cc3c2cc(O)c(OC)c3)c2c1ccc(O)c2,-41.47353745053988,578,False,4.362843688988898,0.7549540041563833
C1CCN2C(C1)Cc1c(c3c(o1)O[C@@H]2[C@H]1CC(C)(C)O3)O1,-41.506069798804674,579,False,5.908936834068685,0.7351083747963794
O=C1N(CCBr)c2nc3[nH]c4cn[nH]c4c3c2c1,-41.5108435100542,580,False,4.069216017707891,0.8259802483904587
c1cc(N(CC(O)=O)C2=CC=CC(=O)[C@H]2O)ccc1CCCCl,-41.51099412640724,581,False,3.461320968893192,0.7463597513573863
N1[C@@H](CC(N2C(C=C/C=C/C)C=C2)=O)C=CC=C1,-41.52045573661962,582,False,4.96539248873985,0.7670046479829536
Fc1ccn2c(c1)c1c(ccn1)c1c(s2)C=COC1CF,-41.56006253197848,583,False,5.191451609384315,0.6907293280542104
c1ccnc2c1-c1c(Br)cc3c4c(cc(C)nc41)C=CC=C32,-41.59370686292823,584,False,4.268660911267399,0.4401736400980284
C(C=C)([C@@]1(O)c2ccccc2CCc2cc(O)c(O)cc2C1=O)=C,-41.64728313525848,585,True,3.4110113993849014,0.5865648687834124
CCCN(CCc1c2c3c(ccc2[nH]c1CC=C(Cl)Br)CCC3)CCCC,-41.64771332866624,586,False,3.1981341536462127,0.4241061003158776
C1[C@@H](N2[C@@H](CC)[C@@H]3O[C@@H]3c3c2cccc3F)[C@H]1C#N,-41.71214921241335,587,False,4.569694264568536,0.7656726412765746
CN1C[C@H](CSCc2ccc(CC)cc2)n2c(n1)CC=CC=C3CC4=CC=CC=C4N23,-41.78888015675602,588,False,3.8921367829748417,0.6472985277191828
n1nc(NC(/C=C/c2cocc2)=O)[nH]c1C=CCc1ccco1,-41.80421944193449,589,False,3.3955899992181777,0.6822665538259565
c1cc(F)c(F)cc1/C(=C1\C2=CC=CC[C@H]2C(O)=C1C)C=O,-41.891291499675845,590,False,3.832473338572699,0.6540970499249911
O1CCN2C(C1)C1=CC=CC[C@]3(O)C1=C([C@@H]32)C1=C(C(=O)OC)C=C1,-41.907045372041466,591,False,5.772646242802353,0.7688607609485956
CCN1CCN2C(C1)c1c(CC3=CC(=O)C[C@H]3OC)cccc1SC2=S,-41.97162871086721,592,False,4.204119625936208,0.7368365058902417
N1CCN2C([C@H]1CC[C@@H](Cc1ccccc1C)C3=CC=CC=C32)Cc1c[nH]c2ccccc12,-42.04738445262046,593,False,4.290857464572382,0.4127335654483349
C1N2[C@H]([N+]3(C)CC[C@@](C)(C2)c2ccccc23)C[C@@H]1C,-42.07939777319552,594,False,5.39348812272982,0.645924546541772
N1[C@H](CCC)C2=Cs3cc4ccsc4cc3CC=CC=C21,-42.10383678821381,595,True,5.6416957239410355,0.755837603889704
C1[C@@]2(CCCCC2)[C@](C)(c2oc3cc(Cl)ccc3c2)CCN1C,-42.11657503317872,596,False,3.7884780826447177,0.6729402126084205
Cn1c(=S)n2c(nnc2N)c(C2=CC(Cl)=CC=C2CCF)n1,-42.13400495908581,597,False,3.198800028056871,0.7429736382450087
CN1CCN2C(C1)c3ccc(Cl)cc3Cc4cc(C5C(=O)N(OC)C(=O)O5)ccc42,-42.1704377312908,598,False,3.7641222858794423,0.7323145477563693
C[N+]1(C)CCON2S(=O)(=O)C=Cc3c2cc2c(c31)-c1c-2cccc1,-42.19693290458429,599,False,4.881887877867039,0.5907331467869493
COc1c2[n+](C(c3cnccc3)=O)c3ccc(OC)cc3[nH]c2nc2ccccc2c1OC,-42.244495779723366,600,False,3.3962104381106712,0.6126722573785797
C12Cn3c(-c4ccccc4)c(O3)C=CC=COC1=N2,-42.29130999787594,601,False,5.239040790278718,0.7820126071544575
N1CCN2C(C1)C3=Cc4c(OC)ccc(OCCF)c4[C@]3(OCCC)C2,-42.29194964079397,602,False,4.206458303690885,0.8066077985970144
C(N1CCNCC1)c1c2c(oc1)OCC=C2C[C@@H](C)c1ccc(Cl)cc1,-42.34051300790884,603,False,3.5604997668607528,0.8482944580826018
N1(CCC#N)C[C@@H]2c3c(S(N)(=O)=O)cccc3CC4=CC=CC=C4N2C1,-42.35309378839247,604,False,3.396968319218778,0.894452959637528
C[C@@H]1CN(CCO)c2c(c(=O)n1C)COc1c(-c3ccc(OC)cc3)cccc12,-42.3583823210804,605,False,3.371023339532517,0.863868600159715
c1([C@H]2C=CO[C@@H]2[C@@H](O)CS(=O)(=O)C=C)ccccc1O,-42.36614478105557,606,False,4.268902356810575,0.8555692247589111
c1cc(-c2c(C3CC=C(Br)C3=O)noc2C=O)sc1OC,-42.37290712275308,607,True,4.165824135940838,0.7722360863797813
CC(C)=CCc1c2c(n(C)c1)c1nc(Br)ncn1c2C,-42.382156498904806,608,False,3.510709641545284,0.6688175654157772
CN1CCN2C(C1)C1=CC(=O)c3cc([C@H](C)[C@@H]1C(=C)C)ccc3C=C1C=CC=C12,-42.383904241823984,609,False,5.831230557543909,0.6627732015499552
CN1C=N[C@]2(CC1=O)C(CC)=C=COc1c2c(OC)cc(OC)c1OC,-42.40367944024911,610,False,4.842341400533148,0.7741393424646675
c1c(OC)c(OC)ccc1C[C@H]1N2CCc3cccnc3C(C1)C=CCO2,-42.4408690454984,611,False,4.5948470250120454,0.7745878712412629
C1CCN2C([C@H]1Oc1cccnc1)C3=CC=CC(OCC)[C@@H]3C=C1C=C12,-42.45814666113984,612,False,4.579233311651195,0.8318706862058268
ClC1CCCN2C(C1=C)C3=C[C@H](Br)[C@H]4[C@H]3CC[C@H](Br)C=C42,-42.47304636828085,613,False,6.499467692270491,0.3836366634781871
CC(=O)N1CCN2C(C1)C1=CC=C3C=C4c5cc(O)ccc5C=C3n4c1c2,-42.48107774856544,614,False,5.213740163021454,0.6547868449515535
N1CCN2[C@]([C@H]1C)(c1ccc(CC=C(C)C)cc1)C(=O)C=C(c1ccc(O)cc1O)C2,-42.51072803459556,615,False,4.054695997935724,0.6596420837101408
N1=C(C)CN2C(C1)C1=CC[C@@H]3C4=CC(Cl)=C(Cl)CC4=CC=CC=C2[C@@H]13,-42.62473523363224,616,False,5.696627756627026,0.5407169661796715
N[C@H]1CN2C(Cc3ccccc31)(c1ccccc1-c1ccn[nH]1)CC2,-42.64124590772553,617,False,3.644203950611768,0.7582932476452403
CN1CC2=[N+](c3c1cccc3OC)c3ccoc3-n1cc(C)cc12,-42.65267409582157,618,False,3.597131131749216,0.5050164811660288
CCCN1CCN2[C@@H]3[C@@H]1CCC=C3C[C@@H]2C(=O)[C@H](O)c1ccccc1,-42.6756216541944,619,False,4.142213549872668,0.8368489414539436
c1c(N2C(C3CC=CC(F)(F)C3)c3c(cncn3)N2CC=C)cccc1,-42.847480318359885,620,False,4.2757869190755,0.7544020990468795
O1CCN2C(C1)C1=CC=CC=C3Cc4coc5c4C(CC=CC5=O)=C=C3CN21,-42.85570103794453,621,False,5.470681156380898,0.6547335605836796
CCC1CCN2C(C1)C=C/C(Cl)=C\CC1=C(Cl)CCCCC12,-42.857312799699685,622,False,4.763318284230547,0.5661452363705706
c1ccc2c(c1[C@H](F)c1cc(OC)c(OC)c(OC)c1)\NCc1c-2cccc1,-42.86380088654914,623,False,3.0439035001974064,0.6474578741206063
[N+]1(c2ccncc2)(CO)C2SC=C1CC=C1CC=CC=C12,-42.92400965531124,624,False,5.756367740201755,0.8485853201088108
C1C[S+](C)C2=CC(CC3=Cc4ccccc4CC3=C12)[O-],-42.92830941651482,625,False,4.8771319624038085,0.6708060637502681
C1CCN2c3c1cccc3C13Cc4cc5cccnc5cc4[C@H]1NC32,-42.94590075965971,626,False,4.513461987396257,0.6859165710025136
N1(Cc2ccc(C(C#C)C)c(CC)n2)c2cccnc21,-43.08706235536874,627,False,3.5156998379707147,0.6248125929608827
CN1CCN2C([C@@H]1C=C(Cl)C#Cc1ccc3c(Cl)c4ccccc4n1)C=CC=C32,-43.10131686469913,628,False,6.674224378555682,0.6013251769176456
n1[nH]c(N2C(CCC(C)C)CC2C)c(-c2ccc(C=O)cc2C)n1,-43.21852735549555,629,False,4.006850522924475,0.8152000361838209
CN1CCN2/C(=N/c3c(Cl)cc(N4CCOCC4)cc3C\CC2=C\Cl)C1,-43.34699508396454,630,False,3.4342990279251993,0.7288546439014141
C1CN2C(C3C1)C1=C(C(c4cccs4)=C1)O[C@@H]2CO3,-43.39918321254663,631,False,5.545928631645314,0.7848725733035619
c1n(CCCN2C(=O)c3ccccc3C(=Cc3ccccc3Br)[C@@H]2CO)ncn1,-43.443667819079565,632,False,3.2189526078252,0.6206290397631693
[nH]1ccnc1CN1CC=CCN2C=Cc3cccc(OC)c3[C@@H](O)C12,-43.50814528821559,633,False,4.117858958728419,0.8396789171990391
C1CN2[C@H]3[C@H](c4ncco4)CC=C3C[C@H]1c1c2ccc(C)c1OC,-43.50901561835781,634,False,4.900234529286729,0.7778688431857435
CCN1CCN2C(/C1=C\c1cccc(OC)c1)/C=C/C=C/C=C/C=C\C1=CCN21,-43.51018087679404,635,False,4.467375859740034,0.7653429352077231
COc1cc(-n2c3nc(-c4cc(OC)cc(OC)c4-c4cscc4-3)c2)ccc1OC,-43.51774707495224,636,False,3.389288793298152,0.3870601242873084
CN1CC=C2C(C1)C3=CCC[C@H]1[C@H]3[C@H]3C[C@]1(C#N)N23,-43.624574546127405,637,False,6.311930680828667,0.6161322155090392
CN1CCN2C(C1)C1=CO[C@@H](Oc3nc4ccccc4o3)C=CC=C3CC4=CC=CC=C4C=C3[C@H]21,-43.64109511621336,638,False,4.970308334719002,0.5528722807145613
CN1CC[N+]2(CCF)C3=CC=CC=C/C3=C/C=C\[C@H]3CC4=CC=CC=C4[C@@]231,-43.70052317417867,639,False,5.485086196991424,0.7120536262220291
C[N+]1(C)CCN2C([C@@H]1O)[C@]1(c3ccccc3O[C@](C)(F)C=C1C)O2,-43.71541092255575,640,False,5.5464705662277805,0.5810865903704187
CN1CC/C(=C\[C@]2(COC(C)=O)C)Oc3cc(O)c(OC)cc3C=C21,-43.76789228292216,641,False,4.647522198246303,0.8497815914010446
C1CC(C)N(C2CNC2c2cc3[nH]c(C)cc3cc2)c2ccccc12,-43.81919711368391,642,False,3.69626306821557,0.7321374224523705
C1CN2[C@H](CBr)C3=C([C@H](/C=C/C)CC4=CC=CC=C14)C23,-43.86370019399328,643,False,4.708776732287444,0.5898585750619373
CN(C)c1c(C(N)=O)c2c([nH]1)C=C/C=C/c1c3cc(OC)ccc3ccc1CC2,-43.9184913078916,644,False,3.6060162100766058,0.7086162868775902
O1CCN2C(C1c1cc(Br)ccc1OC)C1=CC(=[N+]3CC4=CC=CC=C43)CC=CC=C21,-43.97177327911879,645,False,4.364074637863435,0.551673357003902
c1(C2c3cc(OCC(=O)N)ccc3CCC2)[nH]c(N)nc1C,-43.9760291315888,646,False,3.2228279169398633,0.7972800438823752
N(c1ccc(C[C@@H]2Nc3ccccc3CC2)s1)c1ccn(C)c1OC,-44.03531237592688,647,False,3.5512409245880976,0.6913073320435658
COc1ccc2c(c1)c1c(o2)C=C(c2c[nH]3)OC2=CC=CC=C3CC4=CC=CC=C41,-44.066868936406536,648,False,4.17753064735755,0.4095057963896755
CS(=O)(Nc1c(N2C(CO)c3c(cccc3N)CCS2(=O)=O)cccc1)=O,-44.08097138461062,649,False,3.384514687643035,0.6453480116318191
C[C@@H]1C([C@H](O)C(c2c(Cl)c(Cl)cc(C)n2)=O)O1,-44.10302855449834,650,False,3.930675171231721,0.6773846816462219
S1CCN2C(C1c1sccc1)C3=CC=C[C@H](Br)C(COCn1cncc1)=C32,-44.12619917051052,651,False,4.7616646036767385,0.6078685678570925
c1cc(O)ccc1C1CC[C@]2(Cn3c(=O)cccc3N)CN2C1,-44.15130376425458,652,False,3.8870102504768873,0.8475723652091816
O1COC2(COc3cc4ccsc4cc31)[C@@H](CN)O2,-44.1520419800072,653,False,4.4220473781216505,0.8048121604357705
c1cc(O)ccc1C/C(O[C@H]1CC[N+]#[C-])=C\c2[nH]ccc21,-44.177231970064895,654,False,3.953680360960607,0.8392030330364975
CN1CCN2C(C1)C(c1ccc[n+]([O-])c1)C=Cc1c3c(ccc(c3)OCO1)ccc2OC,-44.17831714978115,655,False,5.791361389660564,0.5210279096787792
Clc1c2c3c(sc4c2CN(C3=O)CC4)ccc(O)c1OC,-44.18462689839816,656,False,5.213641310011608,0.8064251598432528
CN(C)CC[n+]1ccc2c(c1)C1=CN=C3CCC=CC=C4C=CC=CC=C4C3C12,-44.58585591171868,657,False,5.235906743319393,0.7106042547246796
[C@@H]1(N2CCSCC2)CCC=CC=C2CC2OC2OC(=O)C=C12,-44.59903400951134,658,False,5.032375291838324,0.6934349576700769
N1(/C=C/CCN)CC[C@@H](/C=C/C=C/C[C@H]2CC[C@H](O)CC2)CC1,-44.60209961608052,659,False,3.440079612239046,0.7050012081887734
C1c2c(oc(=O)o2)[C@@]2(N(C(C)C)CC=C2CC1)C,-44.60662066821192,660,False,4.250443419988196,0.717107295192119
N1CCN2C(/C1=C/[N+]([O-])=O)C1=C3c2cc(OC)ccc3C=CC1,-44.64866339530272,661,False,4.728816969767317,0.6239117736137588
BrC1CC[N+]2(CC1)c1cc3oc(=O)ccc3c(F)[n+]1CCc1ccccc12,-44.64901814202631,662,False,4.341065719147913,0.2337329113112661
COC(C1=C(CN)C2=C(C(=O)C=CC=C2CC1=O)C=C(C)C)=O,-44.681400730187306,663,False,3.194497341212047,0.6745143069521371
Clc1cc(-n2c(SCCCC)[n+]3c(n2)CCc2cnccc2-3)sc1Cl,-44.70073113354647,664,False,3.8802089284843344,0.3395960001148655
O1CCN2C(C1)c1s3c(c1Br)C=CC=C1C(=C=C12)S3,-44.77800627763645,665,True,6.6600516758433725,0.3771816865485565
c1cn2c(n1)C(Cc1[nH]c3ccc(Cl)cc3c1)[n+](C)c(-c1cscn1)c2=O,-44.83934170292696,666,False,3.989948559384599,0.5384265346607062
Clc1c2c(ncn1)C(C[n+]1c(Br)cccn1)(CC=C)CC2=O,-44.85839109243807,667,False,4.461620969049044,0.4647349266925764
CN1CCN2C3=CC=C(C#N)C(=O)N[C@@H]3C=C2CC2=CC=CC(=O)C=CC12,-44.91712354633137,668,False,4.911213333507803,0.7055659561459334
CN1C=NC2C1CCC[C@@H]2/C=C\c1c2c([nH]c1C#N)cc2,-45.02698419126682,669,False,5.119288854326372,0.9179645417868824
CN1CC[C@]2(C[C@@H]1C)C1=Cs3cc(C=O)c(O)cc3C[C@@H]1N2,-45.04036749154693,670,True,6.089954126417526,0.5740322777238599
CN1CCN2c3cc(F)cc(-c4cc5cc[nH]c5nc4)c3[C@@H]4CC=CC=C4[C@H]2C1,-45.08884054387477,671,False,4.002057247060668,0.6700792986043436
n1conc1C1N2CCc3c4ccoc4[nH]c3[C@]12Cc1ccoc1,-45.0934315926902,672,False,4.88825433044412,0.5839201831156032
FC(F)(c1ccc(N=C2N(c3cn4ncn(-c5ccccc5)c4n3)C=C2)cc1)F,-45.096184469739455,673,False,3.3506456907519944,0.510248432453205
OCCN1CCN2C(CC)C3=CN=CC=C3CC4=CCC=C[C@]42[S+]1[O-],-45.12714758423681,674,False,5.581814295088565,0.660118082362487
O1C(n2cc(Cl)c(=O)n2C2=NC=CC=C3C=CC(O)=C32)C1,-45.13328064851999,675,False,3.5856468217296245,0.7352322123207586
C[C@@H]1CC=N[C@@]2(C1)C1C3=CC=C[C@@H]3CC4=C(CC=CC=C42)[C@@H]1O,-45.17161802947521,676,False,6.953105798189304,0.7227374971125871
Cn1nc2c([nH]nc2CC=C)c2c(OCC)c3cc4ccccc4cc3c2N1,-45.18216606974897,677,False,3.801024638679758,0.651672784156063
n1ncn2c1[C@]1(c3cccs3)N[C@H](C3CCCC3)C2=N1,-45.18458824771051,678,False,4.974256193076657,0.9174661475456644
C(Cn1c(C=C)c2c(n1)CO/N=C1\CC=C2CC=CC1=O)F,-45.229326378525,679,False,5.299148165410264,0.8621990534799815
C1(N)[C@H](C2=CC=C3CC(=O)C(Cl)=C(N3C)O2)CC=C1,-45.242577554882246,680,False,5.557995756304076,0.7456005661480246
N1CCN2C(C1CC)Oc1c-2cc2n(c1=O)C(=O)/C(=N\OC)CC2,-45.26500427486008,681,False,4.614094812787378,0.7865232617786221
CN(Cc1c[nH]c2ccccc12)[C@H]1[C@H]2[C@H](c3c4ccncc4[nH]c3)[C@H](C2)c2c1cccc2,-45.345792746549705,682,False,4.633100246837406,0.369410484443214
CN1[C@@H]2N3C(CC1c1c4ccccc4[nH]c1)CC[C@H](c1cc(O)ccc1)N=C23,-45.36666768381838,683,False,4.103061884625106,0.6632729984688619
CN([C@@H]1CCN2C(C1)Cc1n(-c3ccc4c([n+]3[O-])OCO4)c1C2)C,-45.37699227459052,684,False,4.570966581427945,0.592656822693378
N1CCN2C([C@H]1C1CCc3ccc4c(c31)OCO4)=CC=CC=C[C@H]2c1n(C)ccn1,-45.41708466014825,685,False,4.467065827126605,0.8361339932079637
CN1CCN2C(C1)C1=CC=C(O)C(=C/c3ccc(O)[n+]([O-])c3)C4=CC=CC=C4C=C21,-45.436220061212,686,False,4.5506064715357635,0.5678383493859354
C1[C@H]2N3C[C@@H]1c1c(cccc1OC)C[C@H](C)[C@H]3C[C@H](/C=C/C)C2,-45.48691042733845,687,False,5.083528276543445,0.7506511900237219
OCCCN1Sc2c(c3c(o2)cccc3)C2=CC=CC(OC)O[C@]12O,-45.51877281335692,688,False,4.472780665788482,0.8111457846907476
CN1C2=NCc3ccccc3[C@@H]3Cc4ccccc4C=C(C3C1)[C@H]2O,-45.567240951699205,689,False,5.477263489711882,0.8048075607082458
o1c(OC)nnc1Cn1c(C)c2cc(NC3=C(Br)C=CC=C3CC4=CC=CC=C42)cc1,-45.5885785572018,690,False,4.6343977425951355,0.5376541030002236
C1CCN2C(C1)C3=CC=CC(=O)c4c2c4c4c3ncc(OC)cc4,-45.63540527646183,691,False,4.628331918865421,0.6858805924597745
CN1CCN2C(C1)c1c(=O)ccn(-c3ccc(-n4c5ccccc5[nH]c4=S)n3C)c1S2,-45.643516473234286,692,False,4.174627863545092,0.3743407505459061
CN1CCN2C(C1)[C@@](C)(CO)[C@@H]1[C@H]2C(C3=CC(=O)O[C@H]3OC)C[C@@H]1O,-45.65153370540429,693,False,5.109850749938063,0.6587922877704752
COCCn1cc2c3c1c[n+]1c3c2OC[C@@]1(C)O,-45.775218095706805,694,False,4.577905827228016,0.7892143086008818
CN1CCN2C(C1)COCC(OC)=C1C(=Cc3cc(OC)c(OC)c(Br)c3C1)N2,-45.96313386219754,695,False,4.583852864485648,0.7346831145980005
C1C2N([C@H](C(C)=C)C(=O)O2)N[C@](OC)(C)S1,-46.03961277270173,696,False,5.2401674973301615,0.5694864799539813
CN1CCN2C(C1)C3=C(C=O)C=C1C=Cc2cc1c2CC[C@@H]3OC2=O,-46.043192581128096,697,False,5.953727176727582,0.5323579274571318
CN1CC[N+]2([O-])C(CCc3ccccc3)=CC=CC=C3CC4=CCOCC=C4OC32C1,-46.0664322457742,698,False,5.2473486301691,0.5447483262353189
S=c1[nH]n(C2[C@@](C)(Cc3cccnc3)C=CC=C2C)c(=O)n1C,-46.16043180146653,699,False,4.276284827585673,0.881494956894862
C(C1C=NOC([N+](=O)[O-])=C2N1)#Cc1cc(O)ccc12,-46.166227358927244,700,False,5.729255803030075,0.4367491449261947
C[n+]1c(Cl)c[n+]2c(c1)c(/N=C/c1c(OC)cccc1)ccc2-c1c(O)cccc1OC,-46.18971856453663,701,False,3.3213764308751257,0.379900869812443
N(C)Sc1ccn2c1[C@@H](O)[C@H](O)[C@@H](CO)[C@@H]2n1nnnc1C,-46.33102464091644,702,False,5.067592039104724,0.5319903219202774
C1CN2Cc3c(cc2cc1)C(=O)c1c(C)cc(OC)cc1[C@H]3/C=C\c1cocc1,-46.34054313575689,703,False,4.090414695737286,0.7418472238452221
c1(Br)[n+](C/C=N/OC)cc2c(c1)C(Cl)=C(Cl)/C2=C\CO,-46.40016459982189,705,False,4.343170620566262,0.3786737567704373
O1CCN2C(C1)/C(=C\C(N1CCN(CC=C)CC1)=O)[C@]2(/C=C\c1ccc(O)cc1)OC,-46.53022526070709,706,False,4.0725151556861485,0.5531682772556492
C[N+]1(C)CC2=CC=CC=C(CC3=CCc4ccccc42)C(CCCCCF)=CC=C31,-46.54480918582704,707,False,5.287054404090976,0.3723293346101763
CC1=CC(=O)c2oc(CC)cc2C[C@]2(O)C=C(C)C1O2,-46.54749566860028,708,False,5.674052550709303,0.7995113843569376
C1n2c(C(=O)O)cc(-c3[nH]ccc3CC2)=CC1[N+](=O)[O-],-46.55673008046688,709,False,4.925107361856703,0.6163144924853403
CCN1CCN2C(C1)C1=CC=CC=C3C[C@H]4C[C@@H]4c5ccccc5C[C@H]4[C@H]3[C@@H]2C(=O)[C@@H]41,-46.582571523078514,710,False,6.523044634400164,0.6971614527761832
FC(F)(F)c1ccccc1CN(Cc1cc(Sc2cc3c(cc2Br)OCO3)c1F)F,-46.62417280549744,711,False,3.4631306261447836,0.3176551318402172
CN1CC(C)[n+]2ccsc2C(C1)c1c(OC)cc2c(c1C)C(=O)c1c2cccc1,-46.66241806785729,712,False,4.020468459951077,0.4687701395975023
CCN1CCN2C1C1=CC=C(Br)[C@@H]3CC4=CC(C(=C)[C@H](O)C42)C13,-46.72278249367082,713,False,6.620549966622782,0.7143103097772778
NN1C[C@H]2[C@]3(CC1)Cc1c(c4cc(O)ccc4n12)OC3,-46.77725229226053,714,False,5.4662493435716115,0.7109935847909092
CN1CCN2C(C1)[C@]13[C@@H](C=Cc4c2c(c4OCC)OC1=O)CC(=O)N[C@H]3C,-46.81270337812202,715,False,6.066115512907352,0.7228554958378537
C[C@H](N)c1cccc2c1C1=CC=C3N4CCC[C@H]4C[C@H]1C=CC=C32,-46.83297518143081,716,False,5.220523988766353,0.8305180210172156
C1NS(=O)(=O)c2c(cc(-c3conc3N)c(C)c2)-[n+]2c1cccc2Cl,-46.86947946007865,717,False,3.96327255485796,0.4981984713721323
CN1CCN2C(C1)c1ccc2c3c1[C@@H](O)C1=COC[C@@H](CO)C13,-46.91974183730781,718,False,5.330978719078903,0.8142241340173791
N[C@H]1C=CN[C@H](C1)C1=CC=C[C@@H](O)C2=CC=C[C@]2(O)[C@H]1OC,-47.01282652869122,719,False,5.464632284516963,0.5887648206656242
CN1CCN2C(C1)=C1CC1=CC3=CO[C@@H]1N2CCO[C@H]13,-47.12909627961926,720,False,6.5204570089381075,0.64731517625539
Cn1c(=O)n(C)c2c1CC=C1[C@H]2Cc2ccccc2[C@H]1[C@@H](O)c1cc(O)ccc1,-47.14271660942336,721,False,4.081735603697654,0.6632861016689254
Cc1c2nc(N)nc(n2c2c1C/C=N\OC(=O)C=C2)C,-47.15287403949537,722,False,4.350692492684422,0.7218645987432292
CN1CCC2(OCC)c3c4ccccc4C=Cc3c(N)ncc2C1,-47.20080859656446,723,False,3.673155941799009,0.9248781331338564
n1c2c(cn1-c1n(C)c3c(n1)cccc3)c1c(C(=O)C)nccc1s2,-47.22660412607138,724,False,3.0363435438689503,0.4565140425961199
c1ccccc1C[C@H]1C[C@@](C(C)=O)(c2cc3ccncc3[nH]2)C[C@@H](O)[C@]1(C)O,-47.24927090680103,725,False,4.171293178709225,0.6509055403527761
C=CCN1CN2[C@@H]([C@@H]1c1ccccc1C[C@@H]3O)[C@H](N(CC)CC)C[C@H]23,-47.38229191876599,726,False,5.527482829545713,0.8323125194326123
C(F)(F)(CCN1C(c2cccc(Cl)c2)NN2C=CC=C(Cl)C=C21)F,-47.42511654020535,727,False,3.963079847354841,0.809388644054315
N1C(=Nc2cccs2)c2c(s1)C(C#C/C(O)=C/C)=C2,-47.45349887848988,728,False,4.649109083384657,0.6093712711012084
c1ccnc2c1[C@@H]1CC[C@H]2/C(=C/C=C/c2ccn3c2cccc3)C[C@@H]1C=C,-47.51916800700928,729,False,5.081697687134733,0.5174546578315024
C[n+]1cc(C(C)(C(C)C)O)n2c([n+]3ccccc3cc2/C=C/CO)cc1,-47.55181650126178,730,False,4.9730094834599425,0.8138124434800533
OC1=CCC2=C(C1)C1=CC=CC=C(c3nnn[nH]3)C(/O)C12,-47.60495043292758,731,False,4.960796631380706,0.7269558519030487
[N-]=[N+]=NC[C@H]1CCN([C@@H](C=C)c2c3cc(Cl)ccc3sc2Br)CC1,-47.62852804776418,732,True,3.7892304450451224,0.2312658102640774
CN(C)C1=CCN(C)C2=CC(OC(=O)C2=CC=C)C1CC(COC(C)=O)=O,-47.640495719854016,733,False,5.337131291030088,0.514237646488094
[nH]1ccnc1/C=C1/C(=O)C=C2c3cc(/C=C/c4ccc(Cl)cc4)ccc3[C@H]3CC2=CC=CC=C31,-47.65876285791103,734,False,4.834475861653786,0.3317048852449034
CCN1CCN2C(S1(=O)=O)CC=Cc1c2cnc(C/C(=C/c2ccc(Cl)cc2)CC)c1,-47.72317877667183,735,False,3.963243837458821,0.6345179141447175
N1(c2sc3ncnc4c3[nH]c(Br)cc24)C(=O)c2ccc(OC)cc2[C@H]1C,-47.72482163765926,736,False,4.9460494478836186,0.5720353937422293
n1oc2c(n1)C1=CC=C[C@@H](O[N+]([O-])=O)C[C@H]3CC4=CC1[C@H]4N23,-47.87577586932639,737,False,6.5340578348755205,0.46382579198627
c1c(N2CC[C@]34[C@](C2)(C=CC=C(C)O3)O4)cncc1Cl,-47.90676102174257,738,False,4.421409681236698,0.7455279275071282
CN1CCC2=C([C@@H]1c1ccc3c(c1)OCO3)C[C@H]1CC3=CC=CC=C[C@@H](O)[C@H]3OC=C12,-47.90952207813825,739,False,4.736160903181772,0.7424867608423994
C1CCN2C(C1)c1[n+]([O-])cccc1C=C(OC)C3=CC(N4CCOCC4)=C3CC4=CC=CC=C42,-47.93207462628743,740,False,4.316463541954041,0.5016439705459951
C1N(Cc2ccccc2)CC(c2cc(/C=N/c3ccc(OC)c(C(C)C)c3)ccc2O)=C1C,-47.97987103382184,741,False,2.7685300797680057,0.4230075513750033
CN1CCO[C@H](CC)C12c1noc(C2Oc2ccccc2)c1-c1ccc(Cl)cc1Cl,-48.27136243821724,742,False,5.173572424660881,0.5143964038237566
N1CC[C@@H]2[C@](c3c1c(O)c(C)c(C(=O)O)c3)(OC)cc1ccoc1=C2,-48.31641680655776,743,False,4.641801105348923,0.7178849534537954
CN1[C@@H](C)CN2C(C1)Oc1cccc(C)c1C(C(/C=C\C)=C)C2O,-48.40610253624618,744,False,4.5748024603433874,0.8470508898618524
CN(C)C[N+]1(C)C2=C=C(O[C@@H]3O[C@H](CO)[C@@H](O)[C@H](O)[C@H]3O)C=CC=C1CC(C)(C)O2,-48.43776954011992,745,False,6.193642628865499,0.3524026545261691
CS/C=N/C(=N\OC)CN1c2[nH]ccc2C2=CC(=O)C=CC=C21,-48.44472376321028,746,False,3.8430747380087986,0.454629727055604
CN1CCN2C([C@@H]1[C@H](CNC(c1c(OC)cc(OC)cc1)=O)C)=CCC/C2=C\C#Cc1ccoc1,-48.753207843787095,747,False,4.317303800093475,0.6397320466809571
C1CCN2C[C@H](n3c(c(OC)nc4ncc[n+]43)C1=O)OC2,-48.82661017076316,748,False,6.022343255493241,0.6753189237670886
c1[nH]cc2c1[C@H]1OC(CN=C(N(C)C)SC)=C12,-48.94958980852607,749,False,4.676562921990684,0.6442819774780505
c1cc[n+]2c(c1-c1ncc(C)cc1)C1=CC=CC=C3CC4=CC=CC=C4N2[C@@]1(CO)CC3=O,-48.961858895729165,750,False,5.246827097617908,0.6244193890284063
C1(c2nc(N)nc(=N\c3ccccc3C)[nH]2)Cc2cc3c(cc21)cccc3,-49.05413645789304,751,False,3.3648467542763676,0.5755690516277865
o1c(-c2cc(O[C@H]3O[C@H](CO)[C@H](O)[C@@H](O)[C@H]3O)c(O)cc2)cnc1-c1cn(CO)c2c1CCC2,-49.16109503364942,752,False,4.315031862184986,0.2885624887447021
CN1CCN2C(C1)[C@H]1CC=CC=C3[C@@H]2[C@H]([C@@H]1COC(=O)C)C2=CC=CC=C3CC4=CC(=O)C=C24,-49.18748382748413,753,False,6.50487827113318,0.5951783449502138
CN1CCN2C([C@H]1C)OC(CC)=C=CC=C3C=CC=CC=C4C=C3C42,-49.259962766082026,754,False,6.403645647777327,0.6799441018205881
S1C[C@H](N2CC(Cl)=CC(Cl)=C2)c2n(Cc3ccccc3)c(=O)[nH]c2CC1,-49.37405128357466,755,False,3.864651329613789,0.8325780830665769
CN1CCN2C(C1)[C@@]1(c3c(N)cc(Cl)c(Cl)c3)C[C@@H](C(C)C)/C=C1/[C@@H]2O,-49.40314512232817,756,False,4.613484598392622,0.5947399661726332
Cc1c[nH]nc1-c1c(NS(c2cc3oc4ncncc4c3cc2C)(=O)=O)sc2ccccc12,-49.49622745183001,757,False,3.2941876041025733,0.352923023397778
N=C1[C@@H](C)N2C(CO2)[C@@H]2CC[C@H]3C[C@@H]4CC=CC=C4[C@@H]3C=C12,-49.52086657176551,758,False,5.472068960668036,0.7424940860331789
CN1C[C@@H]2N3C[C@H](c4ccccc4)CN[C@H]3[C@@H](C=C)[C@H]2N(CC=C)C1=O,-49.52405854035169,759,False,4.648966979599849,0.8438250825107887
O[C@@]12C(O)C(=C1)C1=CC=C(Br)C(C2=O)C=C2CCCC=C12,-49.54878453470883,760,False,6.479018210771538,0.7078972790012443
CN1CCN2[C@@H](C3=CCC(O)(c4ccccc4)C3)C[C@@H]1C=CC(=O)[C@@H]2O,-49.593339409263535,761,False,5.424994746010027,0.7868869318644308
CN1CCN2[C@](C1)(c1c(-c3cccs3)noc1Cl)C[C@H]1[C@H](C)OC[C@]21F,-49.6063288449659,762,False,4.932880264698149,0.7240589120388649
CCN1CCN2C(C1)C1=CC=CC=C3CCC4=CC=C/C=C(\c5cccc(F)c5OC)C=C4CC321,-49.65157428023019,763,False,4.977205839338628,0.5407321834079348
c1cc(N2C3C(=O)CC(=O)c4[nH]ccc4[C@@H]3Cn3c2cc2ccccc2c3=O)ccc1C,-49.70841839300829,764,False,3.8736746168238305,0.4679776751364727
ClC1=CC(c2cc3nccnc3[nH]2)N2C(C1)C3=CC=CC=C3CC4=CC=C[C@H](OC#N)C[C@H]42,-49.77605869641593,765,False,5.0044003059617115,0.5340351766182688
O1CCN2C(C1C)C1=C[C@@H](O)[C@H]2CC2=CC=CC=C3[C@@H]5O[C@H]3C=C[C@H](Cl)[C@]521,-49.78665439668112,766,False,7.245636892067619,0.5136439524210237
O=C1C(CCC)=C[C@H]2N1CC1=C2[C@H](O)C=C2COC=C12,-49.9113384259399,767,False,4.944819718930404,0.8267070165526622
C1(C(=O)/C=C/c2cc(O)c(O)cc2)=C2CC(N=CC=C2C)=NC=C1,-49.97052748980786,768,True,4.411641645366565,0.6618118474858449
COc1c2n(nn1)C1=CC=CC=C3C(=C3/C=C/c3cccnc3)[C@@H]1O[C@@H]2OC,-50.05228860291754,769,False,4.522635848570939,0.8190406312912842
C1=CCN2C(C1)C1=CC=CC(C1OC(C)C)=CC=C3C(=O)C(CN1CCCC1)=C23,-50.167528354515525,770,False,5.562725203312617,0.6854348447904577
C1(c2ccccc2)C2c3cc(Cc4c(cc3N=CC=C)ccn42)ccc1OC,-50.53621523027323,771,False,5.838291296095369,0.6676453569223912
CC1=C(C)CN(CCCCC#C)CC2=CC(=O)c3cc(OC)ccc3[C@]2(O)[C@H]1O,-50.60933680882954,772,False,4.08193377420999,0.4558219776706573
C1[C@H](CCN)n2c(CC=C)c3n2-c2c(OC)cccc2C[C@@]13CO,-50.61433711498466,773,False,5.254309615171188,0.7986656483456174
N1C/C(=C\c2cc(O[C@H]3O[C@H](CO)[C@@H](O)[C@H]3O)ccc2)S/C1=C\C[n+]1c2ccccc2nn1C=C,-50.66547488040305,774,False,4.919250748153289,0.3647054481724909
C1CO[C@@H](c2n(Cc3cc(F)c(F)c(F)cc3=O)ccc2)CCN1Cc1cc[nH]n1,-50.79202314665861,775,False,3.78821824855916,0.6921222836855001
O1CCN2C1[C@H]1c3c(-n4cncc4)cccc3C3=CC=CC[C@H](CCl)[C@]231,-50.87476058801985,776,False,5.192066052900223,0.7619505780703056
CN(C)[C@@H]1C(N2[C@H](CC)CO/C=C\c3nc4ccccc4o3)C[C@H](C)[C@@H]2C1,-50.87660077138571,777,False,5.221019160712329,0.6900483058713667
[C@H]1(n2ccnn2)C2=CC1=CCCN(CC)C2=Cc1cccc2c1CO2,-50.91261884095002,778,False,4.738688518412623,0.8644775687365929
C1CN2[C@H](C[C@@H]1C)C1=CC(Br)C=CC=C=C3CC4=CC=CC=C4C=C3C21,-51.01219258713536,779,False,5.548999125091191,0.314682053863362
N1CCN2C(C1)c1cccc3c4n5c3c(ccc1Cc4)CCN(C)[C@@H]2C5=O,-51.06988372374326,780,False,6.621985091797381,0.71330749704647
CN1CCN2C(C1)C1=CC(=O)C=C(Cl)Cc3cc4c(O2)O[C@H](C)C=C4-c2ccccc2C=C3C1=O,-51.13183482735985,781,False,6.167215030862707,0.5459005385705634
CN1CCN2[C@H](C1)C1=CC(=O)N2C1C2(CC3=CC=CCOC3=O)SC=C2C#N,-51.26938320552472,782,False,5.972500039190144,0.6586436542484789
C/C=C\c1c[nH]c2nc(Cn3c4ccc(=O)c4[n-]c3=O)sccc12,-51.28565363528617,783,False,4.774838824056908,0.9335949849685532
CCCN1CCN2C(C1)[C@]13C[C@H](OCC)[C@]4(OC4=CC=CC=C23)C[C@H]1OCc1ccoc1,-51.4565030480735,784,False,6.849813456212565,0.6027311885211134
CN1CCN2C(C1)[C@H]1C(O)C=C(Cl)C(=O)[C@H](O)c3c(S(=O)(NCC)=O)cccc3[C@@H]21,-51.644817584333424,785,True,5.038071330267548,0.6036262563362965
N12C(c3ccccc3S[C@@H]1Cc1ccccc1)C=C1NC(=O)SC[C@@]12OC,-51.75719223512215,786,False,4.435478160151909,0.8328045110267597
c1c(N)c(NC2=CC[C@H]3C=CC=C4[C@]3(O2)Cc2cc(OC)c(OC)cc24)sc1,-52.0777905710238,787,False,4.750960558014374,0.7942578229816802
FC([O-])(F)COc1c(Sc2nc3n(n2)cnn3[C@@H]2O[C@H](CO)[C@@H](O)[C@@H]2O)cccc1,-52.094566056902295,788,False,4.5405226101704805,0.4148743782729284
CN1CC=C=Cc2c(cc3c(c2)Sc2cnncc2C3=O)[C@H]1C1=CC(=O)c2ccccc2C1=O,-52.23123194641266,789,True,4.25899703618382,0.3081838277357588
CN1C[C@H](C)N[C@@H](C)c2c1n(C(=O)c1ccc3c4ccc(OC)cc4cc1)ccn23,-52.25785625582853,790,False,5.610153417101163,0.5285081466226202
OCCCN1CCn2c3ncccc3C(C1)C1=CC=CC(O)=C3C[C@@H](O3)C12,-52.34840042552969,791,False,5.7403764823749635,0.852846400749384
O=C(NC)N1C2(/C=C\c3ccccc32)C2=CC=C3CC3CC=CC=CC=CC12,-52.38651640464377,792,False,5.50845153565717,0.695580314949815
FC(c1cc[nH]c1-c1nc2c(c(N)n1)C1=CC[C@H]3C[C@H]4[C@](C)(C[C@H]13)C=CC=CC=C42)(F)F,-52.47910099554247,793,False,6.224740826627341,0.5734365879819746
C[C@@H](CO)c1c(O)c2c3occ(-c4ccc(O)cc4)c3c1CCc1c-2c(OC)c(C=O)cc1,-52.52660070396087,794,False,4.326121436748179,0.3662764681835645
CN1CC[N+]2(C)Cc3cc(Cl)c(C(O[C@@H]4COC(=O)c5c4ccc(Cl)c5)=O)cc3C=CC2C1,-52.531177910896645,795,False,4.4977975594452735,0.4650345621416914
CN1C[C@@H](N([C@H]2C[C@@H]2O)[C@H]2[C@@](O)(C=C)[C@H]1C)CC=C2CO,-52.61049533856567,796,False,5.840557698854959,0.6255306541605994
C1[C@H]2C=C(CC)O[C@@]23C2=C1[N+](=O)c1ccsc1[C@@H]32,-52.65942114904465,797,False,5.881397419815079,0.7200800436302902
C1CCN2C(=C1)C1=CC=CC=C3c4c([nH]cn4)C=C=C3CC4=CC=C=CC=C1C42,-52.85750014276709,798,False,6.792487355835809,0.6344628700080875
C[n+]1c2[n+]3c4c(ON2Cc2ccccc2[nH]3)ccccc4NC1,-52.99672521663888,799,True,5.470001634181172,0.7051853170099721
O(c1ccc(C#C)cc1)C(=O)N1CCN2C(C1)C1=CC=CC3CC4=CC=CC=CC=C4O[C@]123,-53.090795595224336,800,False,5.141494905261668,0.6148270472808534
N#CCOC(c1c[nH]c2[n+]1C(C)=CSc1cc(Cl)c(Cl)cc1OC2)=O,-53.22583426070938,801,False,4.278420900502594,0.616292047958857
c1ccccc1N1[C@@H](C)[C@H]2[C@@H]3c4ccccc4OC[C@@H]3[C@@](C)(OC)CO[C@@H]2CC1,-53.3095998226745,802,False,4.297561658244263,0.7518297576317001
CCN1CCN2C(C1)[C@@H]1C(C2)[C@@H]2C=CC=C[C@@H]1O[C@]12CC=C[C@@H]4C=C=CC=C41,-53.4404212734662,803,False,6.856373261659074,0.517129150442476
C1[C@@](O)(CN[C@H](c2cnccc2)c2ccccc2)OC[C@@H]1/C=C/C=C/c1c(OC)cccc1O,-53.53313507919847,804,False,4.081913108387608,0.4105498750546145
CN1CCN2C(/C1=C3\[C@@H](O)[C@H](C)C(F)=C1)C=CC=C3C2C=CC=C1C,-53.53907751270617,805,False,6.821307610284302,0.7340015843523644
N1(C)C(C)=C(CCO)C12CCN1CC=CC=C3O[C@@H]1C[C@@H]32,-53.62588644842617,806,False,6.222992051952039,0.8410514856533936
C[N+]1([C@@H]2COCC2)C2=CC=CC=C(/C1=C\c1cc([N+](=O)[O-])c([O-])cc1)[C@@H]2O,-53.79136568223453,807,False,5.8437929098067976,0.5001092028703663
FC(F)(F)C1CC(c2c[nH]c(=O)c3cc4ccc(OC)cc4cc32)=C(C)C(=O)[C@]1(C(F)(F)F)F,-53.90959696631012,808,False,4.054614072330715,0.3626609744943219
c1cc2c3c(cnc(OC)c3CCc1Cl)/C=C(/CCc1ccccc1)C=C2O,-53.97823749231975,809,False,3.3365135275686457,0.6930013189852469
N1CCN2C(C1)C1=CCc3cc(Cl)ccc3C2=CC=CC=C2C=CC=C3C(C)=CC321,-54.1876532584439,810,False,6.066871026807581,0.5755972492825896
C1CN2C(C3=CC=CC=C2C(CC=C(C)C)=C=C1)/C=C/c1c(CC=C3)cncc1,-54.25432099826867,811,False,5.0805535972965945,0.4551595416644946
[O-][N+]1=N[C@@]23C4=NC[C@H]2[C@@H]3[C@@H](OC=C4)C[C@H]1OC(C)=O,-54.40273190755397,812,False,6.931252406125377,0.3934461815058422
O1C(C)(C)NC(c2cc(C)co2)=C1C1=CC=CC(=O)C=C2C1(CO)C=C2,-54.52870198122628,813,False,4.639146048265001,0.875251025606303
C1N2[C@@]1(O)C(O)[C@H](CO)C=C1OC(C)(C)[C@@H](O)[C@H]1C2,-54.56584894284606,814,False,5.358461614313488,0.4404023389720966
CN1CCN2[C@@H]([C@H]1CO)[C@](O)(C(c1ccccc1O)(/C=C/c1cc(OC)cc(OC)c1OC)C)C2,-54.8371365951316,815,False,4.371628438341024,0.5246525315309495
C1CN2[C@](OC)(C1OC)Cc1cc3cc4c(-c5c(Cl)cccc5)cccc4c-3c1N2,-54.88072321493928,816,False,4.379325213013161,0.7577969327882322
CN(C([C@H]1O[C@@]2(COCC1)CCC2=O)=O)/N=N/c1ccc2c(c1)OCO2,-54.888882120591006,817,True,4.613683836148706,0.6010274509139961
OC1=CCN2C(C1)[C@@]34C[C@H]1N3C[C@H](O[C@@H]1C=C4)C=CC=C[C@@H]2O,-55.00118889566511,818,False,7.750825056345224,0.6558575082256843
Cn1cnc2c(C1)/C(c1ccc(-c3cnccc3N)cc1N)C(CCl)=CC=C2,-55.31467566044307,819,False,4.078174846351253,0.6125906234091181
CN1CCN2[C@@H](C1)[C@H]1O[C@H]1c3c([nH]c4ccccc43)[C@H]1c2cc2c1COC2O,-55.38044861180242,820,False,4.89487043919011,0.6865044988462006
CN1C(=O)[C@]2(OCCCCCC)C=C(OCCCCCCCC)C1=CC=CC=C(C)O2,-55.51183776012158,821,False,4.953926862465542,0.2991542780271773
C1NCCN2C(C1)C1(CC[C@@]3(C)C[C@H](Cl)[C@H](CNCCO)C=C13)CC2,-55.52883876553096,822,False,5.331271423011815,0.4037450082625901
c1(NN2c3cncnc3C=C(C)C2=O)c(Br)c(Br)nc2cccc[n+]12,-55.54572303616078,823,False,3.616387314183144,0.3657419607146446
C1OC[C@H]2C([C@@H]1C)C1=CC(/C=C/c3ccoc3)=C2C=C1NC(N(C)C)=N,-55.60569451970514,824,False,5.2269563291054855,0.6424044104829861
C(NCc1ccc(CN2CCOCC2)nc1)C[C@H]1[C@@H]2N(C(c3c[nH]nc3)=O)C=CC=C21,-55.60869152040687,825,False,3.972806377361396,0.6326507584514712
O[C@H]1[C@H](O)[C@@H](CO[N+](/C=C\c2c[n+](C)ccc2OCc2cccc(C)c2N)=O)O[C@H]1CO,-55.66384189101882,826,False,4.517966536645117,0.242008786073751
C([C@@H]1O[C@]12[C@@H]1C[C@@H]1[C@](c3oc(=O)ccc3)(C)C/C=C/C=C\Br)O2,-55.71999728868923,827,False,5.383889056721816,0.5608097761201974
n1[nH]cnc1/N=C/C(O)(Cc1ccccc1)N1CCN2C(C1)C3=C(c1c(C)c4ccccc4o1)C=CC=C3CC4=CC=CC=C42,-55.87446114725435,828,False,4.3425828447269765,0.2104462739802425
C1CCN2C(C1)C1COC[C@H]3C1=C(C(Cl)=O)[S@+]([O-])C[C@@]32C,-56.11454651475833,829,False,6.389767183029669,0.5421003731445694
C=CCn1c(C#N)ncc1-c1n[nH]c2s/c(=N\c3c(OC)ccc(c3OC)C)c21,-56.15742634296021,830,False,3.761867172928355,0.624291501426183
C(NCCNC(CC)c1c2cc(C3=CC=CN(CC)CS3)ccc2[nH]c1)(=O)CC,-56.18651788415082,831,False,3.6746184094934105,0.5262924380154334
CN1CC2C([C@]3(c4ccc(C(C)=O)cc4)SCCN(C3=O)[C@H]2C(=O)OC)C1,-56.44388298020931,832,False,4.931425858992041,0.5759608608229858
CN1C[C@@H](COc2c3c(c4ccccc4c2)N(CC=C)CCO3)[C@@H]2[C@H]1Cc1cc(C)c(C)cc12,-56.49935492931581,833,False,4.0412018339477624,0.4761085799958376
[C@]1(C(/C=C/c2cnccc2)=CCOC(O)=O)=C2N(C)c3ccccc3C=CC=C12,-56.50901646737475,834,False,2.9108110753673806,0.3660173338856138
FC(Oc1c(-n2cnc3c2-c2sccc2C3)c(Cl)c(Cl)c(N2CCCCCCCC2)c1Cl)(F)F,-56.5683801536008,835,False,3.845202432573144,0.2395174748836147
CN1CCN2C(C1)C(c1sncc1COC(=O)c1n[nH]sc1=S)=C\c1nccn1C2,-56.72127225424856,836,True,4.601506016124392,0.4676139642138203
Oc1cc2c(cc1OC)C1=CC=C[C@@]3(O[C@@H]1CC=C2)[C@@H](O)[C@H](/C=C/C(OCC)=O)[C@@H]3O,-56.85092542996426,837,False,4.996294613973205,0.5013997609940931
O1CCN2[C@H](C1)C1=C=C=C(Br)[C@@H]3CC43CC=CCC(Br)(Br)C=C4[C@H]21,-56.88304403089569,838,False,6.3093217672007205,0.2606708849159594
C[C@H]1[C@@H](O)CN2[C@@](C1)(c1ccc(Cl)c(N3CCNCC3)c1)[C@H]1O[C@H](CO)C[C@H](C)[C@@H]1C2,-57.10631022253392,839,False,4.890086168108725,0.656006020155323
N1(C(=N)C2CN(C(C)C)C2O)C2C(=Cc3ccccc3O1)C2,-57.15353483939544,840,False,4.636635454360462,0.6483069131341302
C1CCOC1N/N=C/c1sc2c(c1)C1=CC=CC=C3CC4=CC=C[C@H](O)C=C4c3c1c(OC)c2,-57.190160793546966,841,False,4.929268368188703,0.5297333667213362
N1CCN=C2[C@H]3C=C[C@@H](O1)C=C(C)C=C3c1c(O)c(OC)c(OC)cc1CC=C2C,-57.24479134962894,842,False,5.7989800352794205,0.729121343804786
C[C@@H]1C=CN2C(C=O)=CC[C@H]3CC4=CC=CC=CC=C4c4[n+]3C[C@H](OC)[C@@]42C1,-57.24842676657136,843,False,7.117065157503989,0.5483767011591112
C1C(F)(F)[C@H](F)CC[C@@H]1N1C2=CN[C@H](Cc3[n+]([O-])cccc3CC3=CC=CC=C32)CC1,-57.25807632756755,844,False,5.823338110881561,0.5513971235108852
C1(Cc2nncc(N)c2Br)(C)S/C(=N\c2ccc([N+](=O)[O-])cc2F)C=CC=C1,-57.30548493938159,845,False,4.2854839883630875,0.5166243345510478
c1cc(OC)ccc1C(=O)N1CC(N2C(C1)[C@]34C[C@@H]2[C@]1(O4)Cc2c-3c1ccc2OC)=O,-57.6127926621848,846,False,6.12984446169232,0.7608161740817642
C1c2ccncc2N2C(CCC)N1C[C@H]1N(Cc3cccc(Cl)c3)C=CC=C[C@]12C,-57.78685583301933,847,False,5.140868295939956,0.6766306714291693
C1c2c3c(ccc2)C2=CCC1[C@H]1C[C@@](C)(C=C1O)N=C3CC2O,-57.81722536397501,848,False,6.566272062654987,0.7714048538657694
OC(C)(N1CCN2[C@@H](C1)c1c(Cl)c(-c3ccc4cc(C)c(=O)[nH]c4c32)c1C)C,-57.88097545583335,849,False,4.712379206033022,0.7743307968434595
CN1CCN2C(C1)[C@@H]1c3ccc(OC)c(O)c3CC4=CC=CC=C4c4ncnc-4c2c3cc4c(cc3O1)OCO4,-57.985188738966826,850,False,5.293496300543555,0.5034096798110627
C[N+]1([O-])CCc2cc3sccc3c3c(=[N+](Cc4cc(Cl)ccc4O)c23)CC1(C)C,-58.01546306513421,851,True,5.67660559927819,0.329557174635375
C(C1(CC)N(CCc2cccc(NC[C@@H]3c4cc(Cl)c(Cl)cc4CC3)c2)C1)F,-58.22169924819536,852,False,3.881429648039843,0.5174219552658373
CN1CCN2C(C1)=CC(CC[C@H]1/C=C/c3cc4c(cc3)OCO4)([C@@H]1C/C=C/C)O[C@H]2C,-58.27006594557315,853,False,5.160288318987013,0.6591230925438591
N1CC(n2c3nc4[nH]cnc4cc3cc2C1Cc1cc2nccnc2nc1)c1c4ccccc4[nH]c1,-58.3426282976294,854,False,4.201008333946938,0.3558761133473446
Cc1c(-n2c(=S)n(-c3ccc(Cl)cc3)c3ccc(F)cc3n2-n2cnc([N+](=O)[O-])c2)nn1,-58.45694334355892,855,False,3.6265571270113224,0.2949117592851114
c1nc2nc(C#C)c(O)c(=Nc3nccc(C#N)c3SSc2=S)[nH]1,-58.563933019609976,856,False,5.491907159724837,0.3554356676677761
N[C@@]1(N(CC)Cc2ccc(OC)c3c2ccs3)[C@@](c2ccccc2)(C)N=C1C,-58.57548142039377,857,False,3.787880012249187,0.6134800643614395
NC(N1c2c([nH]/c(=N\c3ccccc3C)c2=O)C=C(Cl)Cl)N(CO)C1=O,-58.80167787942173,858,False,4.292592365366769,0.7169946116058041
C[N+]1([O-])CCN(C(c2nc(-n3ccnn3)[nH]n2)=C2C1C=CC=C)C2=CC=Cc3cc4ccccc4[nH]3,-58.95917213669054,859,False,5.713519704950718,0.2483090314462897
CCCC[C@H]1N2[C@@H]([C@@H](CS1=S)C1=CC=CC=CC=C(C)C1=C2)Cc1ccccc1,-59.31499186321162,860,False,5.872086109374824,0.5715871026936361
Nc1nc2c(o1)CC[C@@]3([C@H]2C)CC[C@H](CCCCC)[C@@](O)(C)[C@@H]3O,-59.53511083189278,861,False,5.156224319496519,0.7329231578974087
Fc1ccc2c(c1)O[C@]13[C@H](OC(=O)c4cc(O)c(O)cc4[C@@H]1C1=CCC[C@H]3C12)OCC,-59.63580319974972,862,True,6.140041274063666,0.428671090415313
C1CCN(C2c3c(cccc3-c3ccc(Cl)cc3)C2=O)C(=O)OC1(CC1=CCc2ccccc21)c1sccc1,-59.75066316680466,863,False,3.958510331123276,0.2497728179933941
O1CCN2C(C1)[C@H]3CCC(Br)=C3CC1=C3CC1=CC(=O)[C@H](N13)C[C@H]2OC1=O,-59.75196540888828,864,False,6.707823551126617,0.5883320162043891
s1nc(NCC2CCC2C)nc1[C@@H]1N2C[C@@H]2C3=CC=CC2=CC=CC=C3C21,-59.77174402022706,865,False,6.276178446323018,0.7969700168970197
C1([C@H](N)c2cccnc2O)C2Cc3cc(Cl)c(O)cc3[C@@H]1[C@@H]2[C@@H]1O[C@H](CO)[C@@H](O)[C@H]1O,-59.87286714037384,866,False,5.632450127847512,0.4024386087089531
CN1C(=S)N2C(C1)[C@@H](c1ccccc1)[C@H](Nc1nccs1)CC[C@H]2OC(=O)/C=C(\Cl)CC(OCC)=O,-60.15076914682777,868,False,4.591762635829012,0.2938806332902384
C1=CC(=O)N2[C@]1(CO)C1=CC(=O)[C@H]3C[C@H]4C[C@@H](O)C(OC)=CCC[C@H]1[C@@]42O3,-60.15214291388838,869,False,7.235540794846938,0.7288621449912743
O1CC(F)(F)CN2C(C1)C(/C=C\c1ccc(OC(c3c4ccccc4[nH]c3)=O)cc1)=C2C1(CCCCC1)Br,-60.15387423992115,870,False,3.9126313454984905,0.1978783856434204
N1CC2C(c3c1cccc3N[C@@H](C(=N)N)CO)CCC(n1ccnc1)=C2C,-60.170944256708026,871,False,4.364052583197218,0.4121282020045588
C=CCN1[C@@H](C=O)N2[C@H](C1)C(Sc1nc4c(cccc4)o1)=CC=C/c1c2c(O)ccc1,-60.28327502141474,872,False,4.312734671675775,0.4730963188090463
c1c2c(c3c1cc1c3[nH]c3c(OC)c(=O)n(-c4ncc(C#N)cn4)n32)ccc(OC)c1F,-60.34883277072754,873,False,5.042405147407271,0.4629170993460365
N1CC(CO/C(=C2\c3ccc(C(=O)O)cc3C=C2[N+]([O-])=O)C(C(OCC)=O)N1C)=O,-60.35511469396488,874,False,4.0273510248583,0.4071239630255793
CN1CCN2C(C1COC)[C@@H]1[C@@H]3Cc4cc5occc5cc4Cc4c(nccc4)N3C[C@H]1C2,-60.36247377842665,875,False,4.624904077253666,0.6055555395098154
C(O[C@H]1C=CC[C@@H]2[C@@]1(C(CCCC2(C)O)=O)OC)/C=C/c1ccc([N+]([O-])=O)cc1,-60.46158750460472,876,False,4.357919115559131,0.4452263769316608
Brc1c(/C=C/C=C/C=C/C)cc2c(c1)N1C[C@H](OCc3cc(OC)ccc3)O[C@H]2C(=O)C=C1,-61.11819263302732,877,False,4.868062981544878,0.4220856749928438
[O-][n+]1c(C(OC2[C@@H](OCc3ccccc3)C(OCc3ccccc3Cl)C2C)=O)n2c(c1)C3=CC=CC=C3CC4=CC=C=CC=C42,-61.17773996565484,878,False,4.8366460669142,0.0935724603871792
O1CC[N+]2([O-])[C@@H]3Oc4cc(O)c(OC)cc4[C@@]31C[C@@H](O/C=C\c1ccoc1O)C[C@H]2C(C)=O,-61.20326546333672,879,False,6.164629774548603,0.3935907450048955
CN1[C@@H](CN)CN2[C@@](CC1=C)(C)C1=CC(Br)[C@H]2C(CO1)/C=C/c1ccoc1,-61.23422953305999,880,False,6.185225138944623,0.7410602474893143
N1CCN2CC3=CC=CC=C3C[C@@H]4C[C@@H](Cl)C[C@H]4[C@@H]4[C@@H]3CN=C=C3[C@@]124,-61.30813875656531,881,False,6.1565440612783435,0.7262152674535076
CN1C(C)CN2CC3=CCC(NS(CC=C)(=O)=O)C=C3C[C@]4(Br)C[C@H]2C(=O)C=C[C@@H]14,-61.3256738588974,882,False,6.5082803888635965,0.47746553014112
CN1CC(C2Sc3c(cnn3-c3c(Cl)c(Cl)cc(C)c3OCC)C2=O)=CC[C@H]1C[N+](=O)[O-],-61.3498849000363,883,False,4.593911451728056,0.3309561632888237
C1C[N+](C)(C)N=C(OCC2C(C(C)C)Cc3cc(O)ccc32)/C=C/C=C/C1=C\c1ccc(OC)cc1,-61.51263879355611,884,False,4.81193259641984,0.502336125539739
CN1CCN2C(C1)/C(=C\[C@@H](C=C/Cl)C)CC=C2C[C@]12OC1(CO)CCCO2,-61.60811455364456,885,False,5.480596916892689,0.5735970470231186
Cn1c(C)nn2c1c1c(c1O)/C(=C\c3ccc(C)cc3C)CCC=C2S(=O)(c1cncn1C)=O,-61.84576822693021,886,False,4.360004457941393,0.7143204892707223
FC(F)(F)CCN1C[C@@H]2N3C(C1)C1[C@]4(C[C@]241)CC/C[C@@H]3O,-62.12650187942745,887,False,6.7759303000965465,0.8427044012401056
C1[C@@H]2C(CCN1)/C(=C\C)[C@@H](Cc1cocc1)CC[C@@H]2[C@@H]1OC(=O)[C@@H](OC(=O)C)C1,-62.42920466269334,888,False,4.799699279057186,0.6163328071811887
N1CCC[C@]2(C1)[C@]1(OC)CC=C3CC(=O)C5=C(Br)C(=O)C(C)=C1[C@H]5[C@H]32,-62.73006453386552,889,True,6.2838362701840875,0.6834114719120523
CS[C@H]1C=N/C(=N/C[C@H]2[C@@H]3C=CC=C3CC4=CC=CC=C2C1)C(=O)C=C(C)C4,-62.80841507110745,890,False,6.718528027464584,0.6284987306155866
O=C1[C@@H](C2C3C(C)(C)C2(Cc2c1coc2Cl)CC=CC=C3)NC#N,-62.85135099766194,891,False,6.333543749101284,0.6208496552596688
[O-][N+](=O)c1cc[n+]2c(c1OC)-c1cc3c(c4cc(OC)c(OC)c(OC)c(O)c4cc1C)OCOc3OC(=O)C2,-63.128936958405575,892,False,5.50742800958516,0.2480418904906908
C1=Cc2n(c3c(n2)c(F)ccc3SC)/C(=N/NC=C/c2[nH]ccc2)C(C1)=O,-63.19271139671992,893,False,4.0450857251516315,0.5345269505730419
C(N1CCN2[C@@](C[C@H]1C)(CC#C)Cc1cc(F)c(F)cc12)/C(C=O)=C/C(=C(/C)C)C,-63.2935449999782,894,False,4.573640610567667,0.3040442682806031
s1nc2n(C(=S)N3CC4=C[C@H]5[C@@H](C3)CC=C5[C@H]4O)c3ccccc3c2c1[N+]([O-])=O,-63.37342096188718,895,False,5.413591132452783,0.2787053832922331
CN1CCn2c(n1)nc(-c1c(OC)c3c(nc(-c4cc(Cl)ccc4)[nH]3)nc1C)c(-c1c[nH][nH]c1=O)n2,-63.53906630766346,896,False,3.855898408940524,0.3889969685284596
COc1cc(N2C(C)C3=CC=C[C@H](OC(=O)CC=C(C)C)C=C(C#N)C(=O)C=C3CC4=CC=CC=C42)c2[nH]nnn12,-63.66507715546948,897,False,5.370942109407515,0.352739128872699
C[N+]1(C)[C@@H]2[C@@H]([C@@]34C(=O)O[C@H]4C[C@@H]4[C@]53CO4)[C@H]2[C@@H](O1)CC[C@H]5O,-64.00713842897676,898,False,6.603164449329614,0.4978232617781889
N1CCN2C(C1)C[C@]1(Cl)[C@@]3(COC1=O)C2=C2CC(=O)C=C/C=C/C1=C[C@]123,-64.21413579561158,899,False,6.410071842152423,0.5165994195403867
C[N+](Cc1c2c(ccc1)/C=C(\C)C(C=O)=C\C)=CC=C1\C(OCCCl)=CC=CC=C12,-64.25646528971265,900,False,4.180067154910136,0.2003115400643093
CN1CCN2C(C1)-c1c(C)nc(C)c3c(c1CC\C=C\COCc1c4c(OC)cc(OC)cc4[nH]c13)=CC=CC=C2C,-64.46937339683063,901,False,5.762347344777538,0.4168724705603171
CN1CCN2C(C1)[C@]1(CC)OC1=C=CC=C[C@@]34[C@@H]1O[C@H]4[C@H]1c1ccc[n+]([O-])c1N23,-64.50203737406991,902,False,7.788978624304624,0.3083871575139394
C[C@@H]1[N+]2(C)[C@@]3(CCCCC2)c2ccccc2[C@H]3[N+]1(CC/C=C/C1CCCN1C)C,-64.63992754928768,903,False,5.688427002432521,0.5225872887570452
CN1[C@H](C2C=CC(Br)(Br)c3c2[C@](Cl)(CBr)[C@@H](/C(CO)=C/Cl)C3O)C1,-64.6976765626714,905,False,5.854588331921847,0.3096022889817306
N1CC[N@@+](C)(C)[C@]2(C1)C1=CC=CC=C3C(=C4NCNCC4)[C@]34CC=CC=C[C@]421,-64.8468517549336,906,False,6.434730522523962,0.5679603724363886
N1CCN(C(=N)c2nc(CC)nn2-c2csc(N3C(=O)C(c4cc(Cl)cc(Cl)c4)=CCC=C3C)n2)CC1,-64.85026090197391,907,False,3.791167494070246,0.3527250154267218
O=C1N2C(COC1(C)C)/C(=C\c1cc(Cl)c(Cl)cc1OC(C=C(C)C)=O)Oc1c2cc(Cl)c(Cl)c1CC(F)(F)F,-64.97541795416646,908,False,4.280158029717816,0.1917917958461649
C(N)(C1[C@H](C)[C@@]23CCc4c(O)c5cc[nH]c5c4=CCN(C2=O)O[C@H]13)CC=C,-65.10036174698325,909,False,6.981700713981721,0.7165616262392702
CN1CC=Cn2nc(C)cc2C(N=C1/Cc1cccnc1)=C(OCC)c1ccc2ccccc2c1OC,-65.4786646893026,910,False,3.861432725819428,0.3240472953115466
c1c2c([nH]c1N)C1=C/C(=C2/c2cc(Cl)c(Cl)cc2)N2/C1=C\c1ccc3cc[n+]([O-])cc3c1OCO2,-65.49006857093434,911,False,4.699309067420209,0.2661596055570753
Clc1ccccc1N(c1cccc(Sc2cc(-c3sccc3)ccn2)c1)C1=CC=CC=C3CC4=CC(O)C=CC=C3C=CC=C41,-65.54306571670622,912,False,5.703567764229983,0.2274179538292657
O=C1c2cc(OC)c(OC)c(OC)c2OC/C1=C\N1Cc2[nH]c3c(c2C(=O)c2[nH]1)C=CC(C)=CC3=Cc2Cl,-65.77128931697825,913,False,5.203148841249798,0.5530162777290991
CN1CCN2C[C@H]3[C@@H]1[C@H]3[C@@H]3[C@@H](O4)C=C1CC3=C(C=C2)CS[C@H]1[C@H]4O,-65.8061848160869,914,False,7.456210775011838,0.6733043747219178
n1cc2cc(Cl)ccc2[o+]c1[N+]1([O-])CCN2C(C1)C3=CC(C/N=C/s1)CC1=CC=CC=C3CC4=CC=CC=C42,-65.85991001668208,915,True,6.514768806335145,0.1819584181271002
NC1[C@H](Oc2cc(SC)c(O)cc2Br)C(OS(c2ccc(C#N)c(OCC)c2)(=O)=O)=CC=CO1,-65.98449292027294,916,False,4.269964368188703,0.3538781508435247
CC1=CCN2C(C1)c1ccc(O)c3c1O[C@H](Cc1ccc(O)cc1)[C@](c1cc(O)c(Cl)cc1)(c1cccc(Cl)c1)OC2=C3,-66.05676318542532,917,False,5.550274137882493,0.2018112764653642
C(N(c1ccn2c1on2-c1ccc(F)cc1C)[C@H](C(=O)O)/C=C/c1[nH]nnn1)C(C)O,-66.15961241988816,918,False,4.782885918360127,0.3843276224834062
CN1CCN(S(N(C)C)(=O)=O)COC1=CC=C1CC(Br)=CC1=CC=CCc2c1c(O)cc(OC)c2C1=O,-66.20528996802648,919,False,4.7876422113356085,0.5261519504569956
c1cc2n(C3CC=CC=C3)cc(C(O)=O)c(Cl)c2c2cc(-c3ccc(C(=O)C(C)(C)C)ccc32)c1,-66.33310878757152,920,False,4.743588949505771,0.475024304934386
CN1CN2[C@H](CC[C@H]1C1CC3=CC=C(C(OC)=O)c3cn(C)cc3[C@@]1(O)C)CC=CC=C23,-66.3436952319662,921,False,6.615427902245809,0.6391811823453623
c1ccccc1/C=C1\[C@@H](O)C[N+]2(C)CCN3C[C@@]21OC[C@@]2(Cc1ccccc1S2)[C@H]3O,-66.68114821251584,922,False,6.508556772076588,0.6711167970443671
N(C1=C/C(=C\c2nc(OCC)oc2Cl)Br)=C\c2c(cccc2)C1Cc1ccc(Cl)cc1O,-66.68440030347176,923,False,4.134915531827552,0.3645354534435145
N1(c2[nH]c3c(n2)Cc2ccc(N(C)C)cc2C3)CCN2N1c1cccc(OC)c1C/C=C\C=C2\c1c(OC)cccc1,-66.69642345316606,924,True,4.140672641120538,0.3003457288913171
CCN(CC)C(=O)c1cn2c(c1)C=CC=C1CC3=CC=CC=CC=C5N(CC=C5CC=C)C3=CC=C[C@@H]21,-67.18248985693481,925,False,5.103626954179478,0.4142302679698271
CN1CCN2C(C1)C3COc5ccccc5C[C@@]3(C=O)C=C3CC4=CC(C)=C(C#C)N=C4[C@H]23,-67.24851469007262,926,False,4.956897164762163,0.3884606343701843
CN([C@H]1[C@H](O)C[C@@]23C=C[C@H]1[N+]1(N[C@@H](c4cccs4)CCSC1C2=O)C3)C,-67.46297986770514,927,False,7.284501508599529,0.5935676998350734
C1CC[N+]2(Br)c3c(c4[nH]ccc4cc3OC)OC2=NC1Cn1cnn2c([O-])ncc21,-67.4832331307025,928,False,5.332596300546317,0.4612277197768539
C[N@@]1CCN2[C@@H](C1)/C(=C\C#N)[C@@H]1C[C@H]3[C@H](OS(=O)(N(C)C)=O)C1[C@H]3Oc1c-2cccc1,-67.54665134752594,929,False,6.238350326646009,0.652880770508219
CN1CCC[C@H]2[C@@H](C1)[C@]1([C@H](CC(C3=C1OC)OCC3=O)OC(C(C)C)C)[C@@H]2CO,-67.858186234811,930,False,5.563615859044814,0.7540244516250639
CC1N(Cc2ccccc2)CCCC2=CC1/C=C/c1cc(N2CCN(c3nccn3C)CC2CCCC=CC2)ccc1,-67.91995925792253,931,False,5.927395725870594,0.2636026556884917
C1C[C@H]2C(=C1)N1[C@@H]3C[C@@H](OC)C[C@H]3c4c(c-2cc1=O)[C@H](Cl)nc4OC,-67.97559098451165,932,False,5.926351844542867,0.533427113354926
C1[N+](C)(C)[C@@]2(C1)CN1C3=C(C\c4c-3c(O)ccc4CCO)C1=CC=C2,-68.05573792569339,933,False,5.0038120909081005,0.8132518501557446
CN1CCN2C(C1)C(c1coc3c1c1cc[nH]c1-3)C(S(=O)(=O)CC)=C[C@H]1C=CC(C)=C[C@@]1(C)C2=O,-68.14957900384047,934,False,5.1687045554492475,0.5970915230178875
n1n2c(cn1)C2=C(C(C)N/N=C(/c1ncccc1C(F)(F)F)O)/c1c(F)cccn1,-68.17355792894125,935,False,4.0404858948663405,0.2233294975007188
C1CCN2C(C1)C1=C(c4c(cccc4)N(C([C@H](C(=C)C)O)C1)c1ccc[nH]1)[C@@H]2C(N)=O,-68.78081706888042,936,False,4.622355702613109,0.6650500376297519
Cc1cc(/C=C\C#N)cn1C/C(=C\C)[C@H]1CC(=O)c2cc3n(c2[C@]1(O)COC(C)=O)C=C3,-69.63560153587946,937,False,4.986227299924803,0.3648207206794785
C[N+]1([C@@H]2C[C@H]2[C@H](CC=C)C2C[C@H]2O[C@H](C[C@H]2[C@@H](O)[C@@]2(C)O)[C@@H]1C)C=C,-69.69761229120195,938,False,6.347722140314641,0.5926999595777923
c1cc4c(c[n+]1C)C1=CC2=Cn3cnc4c3c(c3C4=CC=CC=C23)OCO[C@@]14C,-69.73677475942168,939,True,6.644550194076836,0.6566865091863572
C[N+](C)(C)C[C@@]12[C@H]3[C@H](C(C)(C)SC[C@@]13/CC3=C/c1c2cccc1C[C@@H]3O)C,-69.86754323542118,940,False,6.465777241486698,0.7744725643462221
c1ccc(C)cc1NC(N1C(C(C)(C)CC(CC2=C(c3cc(O)cc(OC)c3)Cc3ccc(OC)cc3OC2)=O)=O)cc1OC,-70.07907158604576,941,False,4.066483900725068,0.2618423434753522
CNCCN1C[n+]2c(cc1)C31COC=CC(C)N3CC4=C(C(=O)C=C43)C[C@@H]1CC=CC=C23,-70.30436755077653,942,False,7.310579175356258,0.6939244728943028
O=C[C@H](C(=O)O)N1CCN2[C@@H](C1)C3=C[C@@H](O)C=C3C4=C(CC=C52)C(=CO4)C=CC=C5,-70.54507275340893,943,False,6.268286378149251,0.581973209108827
O=C1N(CC[C@H]2C(=O)O[C@@H](Oc3cc(C(F)(F)F)cc4[nH]c(SCC)nc43)C2)C(=C)CC#CC1,-70.57440560927489,944,False,4.808393194099635,0.3476613906317364
Cn1c2c(c[n+]1S(CC=C)(c1ccc(C)cc1)=O)C=CC=C3C1=C2C(C)(C)OC2CC=CCOC123,-70.73537903516558,945,True,5.932354255628219,0.3966233315206771
c1ccccc1N1[C@@H](Oc2cc(OC)c(O)cc2)[C@@H]2C=C[C@H](C)O[C@H](C)[C@@H]2[C@H](C)C[C@@H]1Oc1c2c(ccc1)O2,-71.21846835111137,946,False,4.772022054697505,0.2185437428770568
ClC1OCN2C(C1)[C@]1(Cl)[C@@H]2[C@@H](Cl)C=CC=C3[C@@H](OC(=O)/C(C)=C/c4ccc(F)cc4F)O[C@]31O,-71.37196929950244,947,False,5.581210763446232,0.3588364202434625
CN1CC(Nc2cc3cccnc3c3c(OC)c(Cl)ccc3n2S(c2cnccc2)(=O)=O)O[C@H](C)[C@H]1[C@@H](OCC)COC,-71.65956641919479,948,False,4.891624447131491,0.3528502714214591
O=C([O-])CN(c1c(C)[nH]c2n[nH]cc12)Cc1cc2c(cnc(-c3cc(Cl)c(C)n3C)c2)cc1C,-71.71283931791413,949,False,3.877246355580912,0.3885092671385628
O1CCN2C(C1)C(=C(CC(C)(C)C)O)c1c3cc(O)c(O)c3[nH]c1=C[C@]1(c3cc(O)ccc1O3)[C@@H]2O,-71.77844167599687,950,False,6.663232367217834,0.3273303356575572
O[C@@H](C[C@@](CC)(CC)C=C1[C@H](C=C)CC[C@]12C)CC[C@H](C(OC)=O)C/C2=C\C,-72.2566461811075,952,False,5.269744791626225,0.4749907577308552
[N+]1(C)(C)CC(c2c(OC)cc(OC)c(OC)c2)(C)[C@@H]2C=CC=C2C=CC=CC=C3C=C[C@H]1CC=C=C3,-72.59976645733332,953,False,6.266251407941816,0.3734011768840233
C(/C(NC)=C(\C)C[C@@]1(C)[C@H](C)[C@]2(OC(=O)C)[C@H]3C[C@@]12C)CC/C(=C/C)CN3C,-72.8808935489509,954,False,6.509583122116939,0.551335479072354
C[N+]1([O-])C2C[C@H](CCl)C3=CC=CCC=C3CC4=CC=CC=C4OC21OCc1cc2ccccc2nc1,-72.91778585759675,955,False,5.186365461111654,0.1792762958172356
n1c(-n2c(=S)n(O)c3c2CC(C)NC=N3)ccc2c(n1-c1cc(O)ccc1)C(=O)NCO2,-72.97583195604739,956,False,4.781902175952658,0.382202429613579
N1=C(N2C(CC)C3=CC[C@@H]4[C@](O)(C)O[C@H](C=O)[C@@H]42)\C2=CC[C@]4(C)C=CC=C4C=CC=C2N31,-74.11394197971094,957,False,7.240405351477385,0.7262724322475068
N1[C@@H](C(c2cc[n+]([O-])c(O)c2)=O)CC2=CC(O)[C@H]([C@@H]1C)c1cc3cc(OCc4cc(OC)cc(OC)c4)ccc3cc1-2,-74.1610197248749,958,False,5.227450878187376,0.1717943759541627
[C-]#[N+]/C(=N\[N+](=O)[O-])N1CC([C@@H]2[C@H](CCN2)c2c3ccccc3ccc2C/C1=N\OC)CCl,-74.25269698743205,959,False,5.259589298349279,0.1912790640049969
CN1CC(C(OC)=N)N2C(C1)[C@](/C(c1ccoc1C)=C\CC/C(C=C/c1ccccc1C)O)(C)[C@@H]2O,-74.68237401012448,960,False,4.96707991768681,0.3790810459166464
N1CC23C(CC2)c2c(cccc2OC)[C@@]3(C)C=C[C@@](C)([C@H]12)C=CC4=CC=N[C@H]24,-74.74514486890985,961,False,5.776121576969283,0.745321446053087
O1CCN2C(C1)C3=C[C@@H](C)O[C@@H]1C[C@]34[C@](CS(=O)(=NC[C@@H]3CC=C)OC=C14)=CC=CC=C32,-75.15209649737062,962,False,7.943417273917108,0.5960646025561823
c1ccc2c(c1)C1=CC(=O)N[N+]4([O-])C[C@H](OC(C3=C(C)C)C(=O)c4ccccc4CC[C@@H]3[C@@H]14)C2,-75.44199977855442,963,False,7.163420011598444,0.362761999671902
C1Cc2c(c(O)c(CC)c(OC)c2)N2C(C1)C1=CC=CC=C3CC4=C[C@H](c4c2ccc(O)c4O)C=CC=C(C31)CO4,-75.6180123140075,964,False,6.886225189316767,0.3652642146171574
CCCCN1CCN2C(C1)C3=CC=CC=C3C[C@@](c4ccccc4)(OC)C=C3\C=C2\OC(C(C)=C)=CC(=O)[C@H]3CO,-75.86733425468265,965,False,5.667055657897935,0.4753895574313194
N1CCN2[C@](C1)(c1[nH]c3cc(OC)c(Oc4c(CCC#CCC5N(C)CCOC5)c(OCCc5ccccc5)cc43)cn1)C2=O,-76.12954598705983,966,False,5.681452925792627,0.3262219626670897
CN1CCN(Cc2cc3cc(OC)c4c3[n+](C(c3ccc(-c5ccccc5)o4)=O)o2)[C@H](CN(C)C=O)CC31,-76.14681475391171,967,False,6.211525739456268,0.2985142292991478
CN1[C@H](CN(C)CCc2ccc(F)cc2)C2[C@H]1C[C@@H]1c3cc(OC)cc(OC)c3[C@H]3c4c(CCO)CO[C@@H]4C[C@H]1[C@]32C,-77.12049714004343,968,False,6.099898536629209,0.4242050024186539
c1conc1CO[C@@H](CSc1sc(SC)nn1)CN1C(Cc2ccc(N)cc2)C2=COC=CC=CC2c2c1cccc2OC,-77.60009714791522,969,True,4.772656775115162,0.1308331902296825
CCO[C@@H]1CN2C(=C(Cc3ncnn3-c3nn4c(n3)nn[nH]4)[C@H]12)\OCCOC(=O)c1cc(OC)c(OC)cc1,-77.74600065707637,970,False,4.489296888394604,0.1915561934224383
CN1CC2N(CC1)C1=C3C[C@@H](O)[C@H]2C=C/C(=O)C=C3\C[C@@H]4[C@H]([N+]([O-])=O)C=CC[C@@]34C[C@]13C,-78.28021823328709,971,False,7.120201911219954,0.3849378373482934
CN1CC(c2ccoc2)=N[C@]23c4cccc(F)c4CC2N2[C@H](C1)CC25C[C@H]5[C@H]3CC6=CC=CC=C6,-78.56120361695685,972,False,6.490513611974339,0.5607817177093378
CN1CCN2CC1C[C@@]1(OS(=O)(c3ccc(C)cc3)=O)N(C[C@@]13C)C[C@]24O[C@H](C[C@@H]14)C1C=C3C,-79.18399082796543,973,False,7.740226176569427,0.4813947974136004
CCN1CCC2N(C1)[C@@]1(C)C3=C([C@]4([O-])OC(C)(C)ON4C(OC(C)(C)C)=CC=CC=C3[C@@H]1C2N)Cc1ccccc1,-79.90302553409128,974,False,5.830816212017506,0.5947603621277877
n1nn(CC)c2c1C1=C\C[C@@H](OCl)C=C3C[C@@]4(O)C(=O)N5[C@H]4[C@@H]2C=C[C@H]5C=C[C@H]1O3,-80.09262997478027,975,False,7.60857314172029,0.5706796730284268
C1CN2/C(=N\[C@@H]3C[C@@H](C)OCC[C@H]31)C=[N+]1\SC(CCC1)=CC=C3C(C)=CC=C32,-80.29781966563314,976,False,6.486057256450966,0.4467016052213767
N1CC(CC2COC2)N2C(C1)[C@]3([O-])c1nn([C@H]3O[C@H](CO)[C@@H](O)C3O)c(C)cc1=C(Cl)C2=CC=C3C,-80.57017284986068,977,False,7.171859399144456,0.375275841925172
CNCCN1[C@@]23[C@@H]([C@]34[C@H]([C@H](O)[C@H]1[C@]4(C#C)CCN3)C=C\CC2)O3,-80.71999052807223,978,False,7.108143024724647,0.5008696849204006
N1C(N2C[C@@H](C1)C=CC=C1CC2=C\[C@H]2[C@]1(/C(OCOC[C@H](O)CO)=O)F)=CC=CC=CC=C2C,-80.89014328824123,979,False,6.884976241645731,0.3120034226660615
O/N=C1\c2[n+](C\[C-]=C\C=C\C3=CCC3c3ccccc32)[C@@H]2OC[C@@H]3O[C@@H]1[C@@H](O3)O2,-81.36231325503468,980,False,7.222118799390106,0.3167852650511433
C[C@@H](N1CCO[C@@H](OC)C1)[C@@H]1[C@]2(CCC=C1)C1(C)CC[C@@]3(C/C3C=C\C(=O)C=C[C@]21O)C,-82.1032509027973,981,False,6.3620667434583345,0.6737268575970727
n1c(N2CCOCC2)scc1C1=CC[C@@]2(C)[C@H]3[C@@H](O)CC[C@@]23[C@H]([C@@H]1N1CC[C@@H]2C[C@@H]23)C(O)=C3C1,-82.45536890440098,982,False,6.407867439108062,0.6715242855880439
C1(=O)N2C(C[C@@H]2C)Nc2c(c3c(c2[C@@H]1C(OCc1conc1)OCO3)C(C)=C)=C/C=C(/C)OC,-82.991366095579,983,False,6.116569951115498,0.6373563183219486
C1CS(=O)(=O)c2cc(C#N)c(C(=O)N/N=C\C=C/c3c(C)c4ccoc4[nH]3)c(O)c1c[n+]2C2=CCC=C2,-83.22074262827894,984,False,5.451746374231536,0.3146385995576797
O=S(C=C)(=O)N(C(=O)[C@]1(n2cncc2)N=C2[C@@]35c4cc(OC)cc4c([C@H]25)C[C@@H]3C1)C,-84.24781824164984,985,False,6.588916099712669,0.7176240732586783
NC(C)COC(OC1C=CC=Cn2c3nc([N+](=O)[O-])ccc3[nH]c2=C1/C=C/COC(N)=O)=C/C=C\Br,-84.44024899959163,986,False,5.095794002898448,0.1659152948452435
OC/N=C\CN1CCN2[C@](C1)(c1ccnn1CC=C)CC1=C(Cl)C2=[N+](C)/[C@H](CC/OC)Oc2c1cncc2,-86.73728334068801,987,False,5.76572453676682,0.2959178038785186
C1CC[C@@H]2[N+](CO)(/C=C\C3=CC[C@H]34)C[C@@H]2c2c1c1c2O[C@@H]2[C@H](C1)[C@@](O)(C2)O[C@H]4O,-87.72133980703074,988,False,7.966835954191038,0.5873678182828509
c1cc(F)cnc1Cn1cnc2c1cccc2N1CCN2C(C1)[C@]3(C1CCCC1)C(F)C(O)=C3CC4=CC=CC=C3c1cn(C31O)C=C42,-89.41611383583768,989,False,5.756210883848874,0.3591306146808826
C(S/C=N/N)C[C@H]1[C@@H](O[N+](=O)[O-])c2c(C(O)=O)c3cc(Br)ccc3[n-]c2=NC1C[C@](CF)(C)C,-90.07846141403728,990,False,5.7029103111848105,0.1056188939585573
O=S(C)(c1ccsc1-c1nnn([C@@H]2O[C@H](CSc3noc4c3c([N+](=O)[O-])c(Cl)c4=O)CCC2)c1S(=O)(=O)c1n[nH]c(=O)n1C)O,-90.23989303403948,991,True,5.414406679126872,0.0967533332401099
CO[C@@H]1[C@@H]2[C@H](O[C@]34[C@H](C5=CC5)CC=CCN13)c1cc(O)ccc1CC1([C@]42O)OC4OC(=O)C=C4C1,-94.05340150376378,992,False,7.455616973013182,0.4945594545691511
O1CCN2C1C1C=CC(=O)[C@H]2[C@]23[C@@]14C1(OO[C@H]1[C@H](N[C@H]4OC)[C@@H]3C)c1ccc(OC1(C)C)C2,-94.09797194977456,993,False,7.085308785517598,0.5967997635888372
C1(C=O)S/C(C=C/[N+]([O-])=O)(C)CC2=C1CSC=C2N/C=C/c1nc2c(cc1SC)C(C)=N/N(C)C2,-95.04991558632535,994,False,5.562462644677463,0.2336236178089918
CCN([C@H]1[C@@]([C@@]23C1)(C)\C[C@@H](OC(C(C)C)=O)C(=O)C(=C/[C@]13CCl)O[C@H]2O[C@@H]1C)C,-99.35055753178858,995,False,6.928927980433148,0.4977435586959018
CNCC12C[C@@H]3[C@H]([C@@H]2O1)C1=C([N+]1(C)CC[C@](C)(OC)[C@@H]1[C@@H](O[C@H]2OC[C@H](O)C(/C=C/O)=C12)[C@@]31CC=CC=C)C1,-111.62137608855846,996,False,7.806459190644462,0.1982256687514603
CN1CNc2c(c1)Cc1c(c3[nH]ncn3c1Cl)CC=CC=C1CCCCC=C1-c1c3ccccc3CC=C[C@H]3C=CC=CC=C3-c1n3c2O[C@H]3C,-114.80314832561815,997,False,5.912555176880382,0.2305097741374955
O/N=C(/C)[C@@H]1[C@H]2C(=C/C=C\C(OC)=O)/[C@]34[C@@H]5O[C@@]63[C@H]5C1(C/C4=C\C1(O[C@H](O3)[C@]12O6)C=CC=C)N3,-123.201402115752,998,False,7.994807346303309,0.1203815408997243
C[N+]1([O-])CCN2C(C1)C(=C)C[C@@]13[C@@]26O[C@@]21C=CCOC(=O)[C@]63CCC2[C@]3(O)CC[C@H]2O[C@H]2[C@@H]3[C@]2(O1)OC=C3C=C1[C@]23O,-123.21191013252974,999,False,5.568000486707875,0.1588672866947379
C1CN2[C@H]([C@H](C1=C)C3=C(C(C4(C)O)CC[C@@H]1CC5=CC(OC)O[C@H]6C=C[C@]16O5)[C@@]23O)C2O[C@H]2/C(C2CCC=C)CC4=C/c3c2O3,-144.94435079651885,1000,False,8.178807601894112,0.3192982067728339
