SMILES,Score,Compound_ID,PAINS,SA_score,QED
c1ccccc1CN1CCN2C(C1)C3=CC=CC=C3CC4=CC=CC=C42,-6.945719030882231,1,False,2.484675755649292,0.6696455065389466
O1CCN2C(C1)C3=CC=CC=C3CC4=CC=CC=C42,-7.20323522848048,2,False,2.6279155771969123,0.7128083442936124
N1CCN2C(C1)C3=CC=CC=C3CC4=CC=CC=C42,-7.594422142901749,3,False,2.639099382864929,0.7731602116506519
CN1CCN2C(C1)C3=CC(=O)C=C3CC4=CC=CC=C42,-7.833501744135219,4,False,3.28924326949382,0.7151736538826275
CN1CCN2C(C1)C3=C(Cl)C=CC=C3CC4=CC=CC=C42,-7.95161707836246,5,False,2.844558040657958,0.7309501418044754
c1ccccc1N1CCN2C(C1)C3=CC=CC=C3CC4=CC=CC=C42,-7.983017439997695,6,False,2.5123992301729228,0.641634620319896
C1CCN2C(C1)C3=CC=CC=C3CC4=CC=CC=C42,-8.264664545145934,7,False,2.4183552533102723,0.6717172797228298
C1CN2C(C1)C3=CC=CC=C3CC4=CC=CC=C42,-8.40634323595441,8,False,2.4164441379369137,0.6683991858786186
N1CCN2C(C1)C3=CC=CC=C3Cc4ccccc42,-8.561337623767031,9,False,2.639099382864929,0.7731602116506519
OCCN1CCN2C(C1)C3=CC=CC=C3CC4=CC=CC=C42,-8.60643991449615,10,False,2.6654285582836312,0.9214359359532084
c1ccccc1CCN1CCN2C(C1)C3=CC=CC=C3CC4=CC=CC=C42,-8.664784421766,11,False,2.5485504002787476,0.6727695960269369
CN1CCN2C(C1)C3=CC=C(Cl)C=C3CC4=CC=CC=C42,-8.70957634883439,12,False,2.6930970066100386,0.7309501418044754
CN1CCN2C(C1)C3=CC=CC(=O)C=C3CC4=CC=CC=C42,-8.77012657291209,13,False,2.9305045531061147,0.7449692872765866
CN1CCN2C(C1)C3=CC=C(Br)C=C3CC4=CC=CC=C42,-8.854077054784284,14,False,2.75054492590386,0.7170347947560627
c1cc(F)ccc1N1CCN2C(C1)C3=CC=CC=C3CC4=CC=CC=C42,-9.416088480487872,15,False,2.581043049893509,0.6256941134434815
C1CN2C(CC1)C3=CC=CC=C3CC4=CC=CC=C42,-9.515720802279247,16,False,2.4183552533102723,0.6717172797228298
N1CCN2C(C1)c3ccccc3CC4=CC=CC=C42,-9.52917098862963,17,False,2.639099382864929,0.7731602116506519
c1cc(Cl)ccc1N1CCN2C(C1)C3=CC=CC=C3CC4=CC=CC=C42,-9.530906663123517,18,False,2.5764000928505517,0.5797159946256791
FC(F)(F)CN1CCN2C(C1)C3=CC=CC=C3CC4=CC=CC=C42,-9.545495785308276,19,False,2.8069746708959986,0.7782776298449355
CN1CCN2C(C1)C3=CC=CC=C3Cc4ccc(OC)cc42,-9.554660236433849,20,False,2.6920867646445767,0.8036262979518562
CN1CCN2C(C1)C3=C[C@H](O)C=C3CC4=CC=CC=C42,-9.647168384311954,21,False,3.7785184345523497,0.7738818738966307
CN1CCN2C(C1)C3=CC=CC=C3Cc4cc(Br)ccc42,-9.752198189280534,22,False,2.739059427795413,0.7170347947560628
CN1CCN2C(C1)C3=CC=CC=C3c3ccccc32,-9.76095782272023,23,False,2.504179761696623,0.7083884838993633
CN1CCN2C(C1)C3=CC(O)=CC=C3CC4=CC=CC=C42,-9.998795225590584,24,False,2.767214787190115,0.8036256485370672
CN1CCN2C(C1)C3=CC(OC)C=C3CC4=CC=CC=C42,-10.109301006887108,25,False,3.8590558999809583,0.7855155377045921
CN1CCN2C(C1)C3CC=CC=C3CC4=CC=CC=C42,-10.18539528004476,26,False,3.578757480544347,0.7122439801493412
CN1CCN2C(C1)C3=CC=CC=C3Cc4cc(OC)c(OC)cc42,-10.214965928927995,27,True,2.7314709919662317,0.8473801118913364
CN1CCN2C(C1)C3=CC=CC=C3Cc4c(Cl)cccc42,-10.277511687944298,28,False,2.7927302979089053,0.7309501418044754
CC(C)N1CCN2C(C1)C3=CC=CC=C3CC4=CC=CC=C42,-10.298848393329536,29,False,2.6725507069522685,0.7872073533104486
CN1CCN2C(C1)C3=CCCCC3CC4=CC=CC=C42,-10.474157082440795,30,False,3.374848223699497,0.6671961931337123
c1ccccc1CCCN1CCN2C(C1)C3=CC=CC=C3CC4=CC=CC=C42,-10.520357870205828,31,False,2.580346879318286,0.6330268236480836
N1CCN2C(C1)C3=CC=CC=C3CC4=CC=CC(=O)C=C42,-10.575917619244308,32,False,3.012489371252274,0.800773090020232
C=CCN1CCN2C(C1)C3=CC=CC=C3CC4=CC=CC=C42,-10.581826385474416,33,False,2.767589741715584,0.7791852727490153
CN1CCN2C(C1)C3=C/C(=C\C)C=C3CC4=CC=CC=C42,-10.619853921831236,34,False,3.6108768300652727,0.7189846987568972
CCCCCN1CCN2C(C1)C3=CC=CC=C3CC4=CC=CC=CC=C42,-10.867469047312625,35,False,3.3670460468965064,0.7057643029635622
CN1CCN2C(C1)c1c3ccccc3ccc1C=C2,-11.0271607239265,36,False,3.119369322136184,0.7085917582159321
N1CCN2C(C1)c1c(cccc1)C2=O,-11.03848346864106,37,False,2.641651574059903,0.6524222674613287
c1c(Cl)cccc1N1CCN2C(C1)C3=CC=CC=C3CC4=CC=CC=C42,-11.056363563169782,38,False,2.618253239703698,0.5797159946256791
CN1CCN2C(C1)C3=C[C@H](Cl)C=C3CC4=CC=CC=C42,-11.056484322567483,39,False,3.851425596356063,0.676880838132466
c1cc(N)ccc1CN1CCN2C(C1)C3=CC=CC=C3CC4=CC=CC=C42,-11.188807581791536,40,True,2.634457494295841,0.6981663372674517
s1cccc1CN1CCN2C(C1)C3=CC=CC=C3CC4=CC=CC=C42,-11.209780464727372,41,False,2.7142281532498487,0.6625920856490749
CN1CCN2C(C1)c1ccccc1CCc1ccccc12,-11.2511999748167,42,False,2.5085586020215036,0.72949284071202
CN1CC(=O)N2C(C1)C3=CC=CC=C3CC4=CC=CC=C42,-11.29007756095963,43,False,2.814711634604995,0.7393318036054828
c1ccccc1/C=N/N1CCN2C(C1)C3=CC=CC=C3CC4=CC=CC=C42,-11.34313849405595,44,False,2.9047384344667826,0.6323562143580115
C[N+]1([O-])CCN2C(C1)C3=CC=CC=C3CC4=CC=CC=C42,-11.478879839553429,45,False,3.545011511582471,0.5473515598481884
c1ccccc1CN1CCN2C(C1)C3=CC=CCC3CC4=CC=CC=C42,-11.50809582534572,46,False,3.2549961971820096,0.796188618657323
CN1CCN2C(C1)c1cccnc1C=C2,-11.5494171349128,47,False,3.4977246512617377,0.6314413106278679
c1cc(F)ccc1CCN1CCN2C(C1)C3=CC=CC=C3CC4=CC=CC=C42,-11.62055715249886,48,False,2.619563071559778,0.6493333092795086
CN1CCN2C(C1)C3=CC=C(Br)C(=O)C=C3CC4=CC=CC=C42,-11.639269075007292,49,False,3.049268018718367,0.7107359342543785
CN1C(c2ccccc2)CN2C(C1)C3=CC=CC=C3CC4=CC=CC=C42,-11.673622655414874,50,False,3.0092565214731017,0.6261993874743823
CN1CCN2C(C1)C3=CC(Br)=CC3CC4=CC=CC=C42,-11.705023556305605,51,False,3.708108354976753,0.7203596140208928
c1ccccc1COCCN1CCN2C(C1)C3=CC=CC=C3CC4=CC=CC=C42,-11.88754612933559,52,False,2.661918655570558,0.5946695100710321
O1CCN2C(C1)C3=CC=CC=C3Cc4ccc(Br)cc42,-12.066447620928216,53,False,2.8254965716562968,0.7256485036345336
CN1CCN2C(C1)c3c(Cl)cccc3CC4=CC=CC=C42,-12.165198581438744,54,False,2.844558040657958,0.7309501418044754
c1ccccn1,-12.197643840918374,55,False,1.3717690098246216,0.4531479654842905
CN1CCc2c(cccc2)C1,-12.220060586959448,56,False,1.7169887978356897,0.5393256779453853
CN1CCN2C(C1Cc1ccccc1)C3=CC=CC=C3CC4=CC=CC=C42,-12.274869768036751,57,False,3.062970006834476,0.6583513187946919
CN1CCN2C(C1)C(C)=Cc1ccccc12,-12.334900649773772,58,False,3.034378636568693,0.6531644606697283
CN1CCN2C(C1)C3=CC(CO)=CC=C3CC4=CC=CC=C42,-12.665274060636875,59,False,2.789784360798423,0.875520383451405
c1ccccc1N1CCN2C(C1)C3=CC=CC=C3CC4=CCC=CC=C42,-12.68047645557823,60,False,3.2548538621581677,0.7301554108928721
CN1CCN2[C@H](C1)c1ccccc1C=C2,-12.699694314796943,61,False,3.123016259653345,0.6314031964699618
c1cc(F)c(F)cc1CN1CCN2C(C1)C3=CC=CC=C3CC4=CC=CC=C42,-12.741181393466904,62,False,2.6796995461636346,0.625561374222671
CN1CCN2C(C1)C3=CC=CC=C3c3c(O)cccc32,-12.782781766120024,63,False,2.786553879573395,0.7940130389729279
C=CCN1CCN2C(C1)C3=C(Cl)C=CC=C3CC4=CC=CC=C42,-12.786236790430962,64,False,3.0080488140424464,0.7601770618823244
CN1CCN2C(C1)c1c3ccccc3[nH]c1-2,-12.813442374317674,65,False,3.1039962271187544,0.7225470774876764
CN1CCN2C(C1)c1c3ccccc3ccc1CCC2,-12.862076631980017,66,False,2.66023685848811,0.7228330223221363
CN1CCN2C(C1)C3=CC=C[C@H](Br)[C@@H]3CC4=CC=CC=C42,-12.902914141862311,67,False,3.95633904348148,0.6663718665058544
CN1CCN2C(C1)CC(=O)c1ccccc12,-12.910149872215868,68,False,2.7527388372375903,0.6545593251701075
C[C@H](N1CCN2C(C1)C3=CC=CC=C3CC4=CC=CC=C42)C,-12.911618971804272,69,False,2.6725507069522685,0.7872073533104486
CN1CCN2C(C1)C3=C[C@H](O)C=C3Cc4ccccc42,-12.91392494100728,70,False,3.7785184345523497,0.7738818738966307
CN1CCN2C(C1)C3=CC=CC=C3CC4=CC(OC(C)=O)=CC=C42,-13.231944603737702,71,False,2.789279687618407,0.5967658350003517
N1(C)CCN2C(C1)C3=CC=CC(C)=C3CC4=CC=CC=C42,-13.350595919822808,72,False,2.7472717859290814,0.7285992171480499
CN1CCN2C(C1)c3cccc(C=O)c3CC4=CC=CC=C42,-13.382349848972863,73,False,2.941261283875347,0.7551454381727838
N1CCN2C(C1)c1cccc(OC)c1C2=O,-13.485860923334258,74,False,2.814667265331236,0.757585886752769
CN1CCN2C(C1)C3=CC(O)=C(Cl)C(=O)C=C3CC4=CC=CC=C42,-13.516075040672206,75,False,3.177438137352816,0.7992598748907083
CN1CCCN2C(C1)c1ccccc1CC2,-13.540471866086593,76,False,2.5547988457766913,0.6535416103579783
N1CCN2C(C1)C3=C/C(=C\Br)C=C3CC4=CC=CC=C42,-13.596511753683458,77,False,3.824029557314707,0.7865289168372843
N1CCN2C(C1)c1cc3ccccc3cc1C=C2,-13.627222600160168,78,False,3.2485518302446064,0.7563574802026165
C=CCN1CCN2C(C1)c3ccccc3Cc3ccccc32,-13.671601155321696,79,False,2.767589741715584,0.7791852727490153
CN1CCN2C(C1)C3=CC[C@H](OCC)C3CC4=CC=CC=C42,-13.748549470168657,80,False,3.741865797102396,0.7808999342353572
CN1CCN2C(C1)c1c3ccccc3ncc1C2,-13.798697470221668,81,False,2.925800064400388,0.7010514728729924
Cc1cc[n+]2c(c1)C3=CC=CC=C3CC4=CC=CC=C42,-13.854005318280542,82,False,2.641188546369275,0.4218555711607563
O=[N+]([O-])C1CCN2C(C1)C3=CC=CC=C3CC4=CC=CC=C42,-14.039099903237911,83,False,3.3060044694909063,0.5963531987516462
N1CCN2C(C1)C3=CC=CC=C3Cc4cc(OC(C)=O)ccc42,-14.116745466366424,84,False,2.8372637394155813,0.6494872326153631
CN1CCN(C2CCCCC2)C1,-14.165543749928474,85,False,2.366367495473773,0.5855597436915232
N1CCN2C(C1)C3=CC(C)=CC3CC4=CC=CC=C42,-14.168416458865975,86,False,3.7263503511583354,0.7630500156154195
CN1CCN2CC1c1cc3ccccc3cc1CC2,-14.189736256012113,87,False,3.735864396154791,0.7110551471680883
COc1c(OC)c(OC)c(OC)c(OC)c1,-14.20325982791843,88,False,1.743570644077776,0.7676082174111861
CN1CCN2C(C1)C3=CCCC3Cc4c(O)cccc42,-14.21271111430542,89,False,3.6887619358786097,0.733411432923064
CN1CCN2C(C1)C3=CC(C(C)(C)C)=CC=C3CC4=CC=CC=C42,-14.224841966075472,90,False,2.8124229789817736,0.7105148788989598
OCCN1CCN2C(C1)C3=CC(C)=CC=C3CC4=CC=CC=C42,-14.239130521717016,91,False,2.758520455833491,0.923974946321958
c1ccc2c(c1)C3=CC=CC=C3CC4=CC=CC(=O)C=C42,-14.29426868557502,92,False,2.031796225891227,0.4657559880406189
FC(F)(OC(=O)N1CCN2C(C1)C3=CC=CC=C3CC4=CC=CC=C42)F,-14.335002897569552,93,False,2.9001683192187784,0.7070898117030622
CN1CCn2c(c1)-c1cc(OC)ccc1CC2,-14.465009416012435,94,False,2.5564066132377317,0.7313669842698406
CN1CCN2C(C1)C3=C(OC)C=CC=C3CC4=C=CC=CC=C42,-14.498037446697708,95,False,4.091931936889749,0.7416968614565705
N1CCN2C(C1)c3c(cccc3)Cc1ccccc12,-14.581975217042782,96,False,2.639099382864929,0.7731602116506519
CN1CCN2C(C1)C=CC=C1CC(=O)C=C12,-14.673104692599791,97,False,4.003365593090432,0.602236995550593
CN1CCN2C(C1)/C(=C\c1ccco1)C3=CC=CC=C3CC4=CC=CC=C42,-14.699547727313984,98,False,3.0693167250650717,0.6379141792403873
CN1CCN2C(C1)C3=C(OC)C=CC=C3Cc4cc(OC)c(OC)cc42,-14.699557768712111,99,True,2.9123791300295885,0.8460659957340917
CN1CCN2C(C1)c1cccc3cc4ccccc4cc1N23,-14.730300338123923,100,False,4.99339199624001,0.7269289865153499
CN1CCN2C(C1)C3=CC=CC=C3Cc3c2cccc3Br,-14.885106087414895,101,False,2.8534649763452222,0.7170347947560628
CN1CCN2C(C1)C1=CC=CC=C3Cc4ccccc4CC[C@@]321,-14.956334444435925,102,False,4.426030644545757,0.7269353906447411
CN1CCN2C(C1)c1cccc(OC)c1CCC2=O,-14.972102235537022,103,False,2.7478109888028506,0.7660756118664832
N1CCN2[C@@H](C1)C3=CC=CCC3CC4=CC=CC=C42,-15.010847287703657,104,False,3.5989123812335233,0.7630500156154194
Clc1cc(N2C(Cc3ccccc3)C3=CC=CC=C32)ccc1,-15.017002092845388,105,False,2.437018144082447,0.5929945541608769
C=CCN1CCN2C(C1)C3=CC=CC=C3CCc4ccccc42,-15.033135510326249,106,False,2.7001331153864054,0.7779949608080841
CN1CCCN(CCO)C1,-15.08875261247158,107,False,2.4939539820601286,0.5696655618469353
CN1CCN2C(C1)C3=CC(OC)OC3CC4=CC=CC=CC=C42,-15.089038649544818,108,False,4.699348440644927,0.6934203636519108
Clc1cn2c(c1Cl)C3=CC=CC=C3CC4=CC=CC=C42,-15.095123004692226,109,False,2.4580577052057624,0.412053940418044
CN1CCN2C(C1)C(=O)c1c-2ccc2ccccc12,-15.186546264944011,110,False,2.818643762695624,0.7175670207523864
CN1CCN2C(C1)c1cc(-c3ccccc3OC)ccc1CC2,-15.221069330360931,111,False,2.5917094340194833,0.8471263439786499
OCCN1CCN2C(C1)C3=CC=CC=C3Cc4ccccc4C=C2,-15.233665956860932,112,False,3.4790062264354535,0.9215562377575958
NS(=O)(O)=O,-15.261826661107534,113,False,2.1976653053652857,0.3703626655558803
c1ccccc1N1CCN2C(C1)C3=CC=CC=C3CC4=CC(=O)N=C42,-15.306349264553262,114,False,3.1639565939982885,0.8068734998650993
N1CCN2[C@@](C1)(C)c1ccccc1C2,-15.329755652346648,115,False,3.2639348761236917,0.6603314184496032
Clc1cc(Cl)ccc1CN1CCN2C(C1)C3=CC=CC=C3Cc4ccccc42,-15.349124064002496,116,False,2.681258082749002,0.5153093181516866
CCCN1CCN2C(C1)c1ccc(OC)cc1CC2=O,-15.386149677011415,117,False,2.779118461452496,0.843018506116083
CN1CCN2C(C1)-c1ccccc1[C@H]2O,-15.399438932014164,118,False,3.265476323013253,0.6821555915607621
CN1CCN2C(C1)C3=CC=CC(OC)=C3CC4=CC=C(Cl)C=C42,-15.411842534500463,119,False,2.8646484382987865,0.792716177891237
CN1CCN2C(C1)Cc1ccc(C=O)cc1-2,-15.489046980510494,120,False,2.971471947605483,0.6584816496210192
N1CCN2C(C1)/C(=C\c1ccccc1)C(=O)C=C2C,-15.518014812823992,121,False,3.2894155109473715,0.7760396305614107
CN1CCN2C(C1)c1c3ccccc3[nH]c1CCC2=O,-15.72561782808043,122,True,2.9779483092816186,0.7935073122376942
c1ccccc1CN1CCN2C(C1)C3=CC[C@H](OC(=O)C)C=C3CC4=CC=CC=C42,-15.85213091086922,123,False,3.4992489168954855,0.7258508818869889
N1CCN2[C@@H](C1)C3=CC=CC=C3CC4=CC=CC=CC=C42,-15.8735727181338,124,False,3.531797240802078,0.7829691971712238
c1c(OC)cccc1Cl,-15.910252088157051,125,False,1.222710468764019,0.5850627747795066
CN1[C@@H](c2ccncc2)CN2C(C1)C3=CC=CC=C3CC4=CC=CC=C42,-15.9304341418042,126,False,3.1966777002942823,0.660521579955092
CN1CCN2C(C1)c1coc3ccccc3c1=C2O,-15.93179830396548,127,False,3.5519889375207985,0.7678275121854118
CN1CCN(CCO)C2=CC=CC=C2C1,-16.07906228781212,128,False,2.0819098629899635,0.7795686803531656
C1N2C(C)=CC=CC=C2CC=C1,-16.08522346551763,129,False,3.713072110858387,0.4909738613953789
CN1CCN2C(C1)c1ccc3c(c1-c1ccccc1)C=CC=C3CC4=CC=CC=C42,-16.0859035133617,130,False,3.92079759035988,0.3989315306465021
c1ccc2c(c1)C1=CC=CC(=O)C=C1N2C,-16.098102065414494,131,False,2.002669211134286,0.5576269816508115
n1c[nH]c2c1-c1c(cccc1)C2,-16.11222221575099,132,False,2.532791561407837,0.5293697062637043
CN1CCN2C(C1)C1=CC=CC-c3ccccc3C=C12,-16.11467217250174,133,False,3.9075680910763086,0.7106609759959541
N1CCN2C(C1)C3=CC=CC=C3CC4=CC(O)=C=C42,-16.13377546249103,134,False,3.9978014649933273,0.6937178409395843
Brc1c[nH]c2c(C1)C3=CC=CC=C3CC4=CC=CC=C42,-16.14464523241628,135,False,2.812477203474879,0.7412850984630506
C1CCN2C(C1)C3=CC(O)=C(Cl)C(=O)C=C3CC4=CC=CC=C42,-16.14789124088577,136,False,3.047709277459626,0.7935062819036139
ClC1=CCN2C(C1)C3=CC(=O)C=C3CC4=CC=CC=C42,-16.326073709278774,137,False,3.754593402119814,0.7274364934053795
CN1CCN2C(C1)/C(=C\c1c[nH]c3ccccc13)CCC2,-16.431712101188964,138,False,3.0098117037584764,0.867960137875248
CN1CCN2C(C1)c3ccc(Cl)c4c3CC=CC=C42,-16.454600018565543,139,False,4.514569782685356,0.7161078266022696
CN1CCN2C(C1)C3=CC=CC=CC=C3CC4=CC=C(F)C=C42,-16.52140172601503,140,False,3.560965002331769,0.7238294983404795
N1CCN2C(C1)Cc1c3c(ccc12)OCO3,-16.5728430192612,141,True,3.2453236616523053,0.6964467209871372
CN(C)CCc1ccc2c(c1)C1=CC=CC=C2CC2=CC=CC=CC=C21,-16.593200217914273,142,False,4.035569242962141,0.7016775138217575
c1cc(CN2C(C)C3=CC=CC=C3CC4=CC=CC=C42)cnc1,-16.629161889992304,143,False,2.630623386879618,0.6784695281587294
c1ccnc(N2CCCC2)c1,-16.690425313456274,144,False,1.623756979653873,0.6020475569644353
CN1CCN2C(C1)c1nc(OC)c(OC)cc1CC2,-16.69850546354428,145,False,3.0940853477772094,0.7937966062955731
CN1CCN2C(C1)/C(=C/c1c[nH]c3ccccc31)CC2,-16.719619872084934,146,False,3.0441578493616435,0.857665761564002
Clc1ccccc1CN1CCN2C(C1)C3=CCc4ccccc4C=C32,-16.720523525073105,147,False,3.1653617915034857,0.7950780870602566
CN1CCN2C(C1)C3=CC=CCC3Cc4cccc[n+]42,-16.779198763368186,148,False,4.54614366046612,0.6563458233618384
CN1CCN2C(C1)C3=CC(Cl)=CC=C3CC4=CC=C(Cl)C=CC=C42,-16.784153740691863,149,False,3.6945693197254306,0.6632827482513497
CN1CCN2C(C1)C3=CC=CC=C3Cc3c4cc(Br)ccc4ccc32,-16.836176180266534,150,False,2.894711314472186,0.5305043909725786
N1CCN2C(C1)C3=CCCCC3CC4=CCC=CC=C42,-16.875977964373305,151,False,4.376852917310971,0.6789301332645789
N1CCN2C(C1)C1=CC=CC=C3C=CC=CCCC321,-16.960228985961294,152,False,5.005533670776364,0.711675074240923
COc1ccc2c(c1)C3=CC=CC=C3CC4=C(Cl)C=CC=C42,-16.97331757900298,153,False,2.0123245591098335,0.4454226727497931
c1c2ncccc2cc2[n-]ccc12,-16.980340374691934,154,False,3.6871438920206607,0.5134994230458568
CN1CCN2C(C1)C3=CC=Cc4c-3cc3c(c42)OCO3,-16.986286462837597,155,False,4.181099106995088,0.7321324249929458
CN1CCN2C(C1)C3C=CC=CC=C3CC4=CC(F)=CC=C42,-17.052440525496422,156,False,3.7663501425678287,0.7253817147629886
CN1CCN2C(C1)C3=CC(Br)=CC=C3Cc4ccccc4C=C2,-17.17646175945083,157,False,3.5654249044796,0.6828202113281504
C1CCN2C(C1)C3=CC(=O)C=C3CC4=C/C=C/C=CC=C42,-17.199859072548975,158,False,3.978144706239865,0.6738233013561923
N1(CCc2ccccc2)c2ccccc2CC1,-17.220322386652725,159,False,1.602142599940105,0.7714558864697822
C1CCN2C(C1)C1=CC=Cc3cc4c(cc3C2=CC=CC=C41)OC,-17.22564042545855,160,False,5.373463534277512,0.737130346778999
CN1CCN2C(CC1)C3=CC=CC=C3Cc4cc(-c5ccccc5)ccc42,-17.23229008468479,161,False,2.614448071218918,0.5968296986851965
CN1CCN2C(C1)C3=CC=C(F)C=C3CCC4=CC=CC=C42,-17.241964822279897,162,False,2.633803110798423,0.7348238482394279
N1CCN2C(C1)c1cc3ccc(OC)cc3c[n+]1CC2,-17.256176805589348,163,False,3.6060019171582542,0.7865903377284792
CN1CCN2C([C@@H]1CSC)C3=CC=CC=C3CC4=CC=CC=CC=C42,-17.261478525644634,164,False,4.111332299086692,0.7892392523813939
CCN1CCN2C(C1)-c1ccc(OC)cc1C2=O,-17.3053481906245,165,False,2.6621709855990563,0.793028896863608
C1CCN2C(C1)c1[nH]c3ccc(OC)cc3c1CC2,-17.308144802576862,166,True,2.67259349796036,0.8479515831019516
CN1CCN2[C@@H](C1)C3=C[C@H](Cl)[C@@H](O)C=C3CC4=CC=CC=C42,-17.374386208783108,167,False,4.122489938585913,0.7434078787815595
CN1CCN2C(C1)C3=CC=CC(C)=C3C(C)(C)C4=CC=CC=C42,-17.38422248547431,168,False,2.945459175254138,0.7219640316419909
N1CCN2C(C1)C3=CC[C@H](O)C3(C)C4=CC=CC=C42,-17.393239041033667,169,False,3.961544316132465,0.6893101946256878
o1cccc1C1N2C(CC1)C3=CC=CC=C3CC4=CC=CC=C42,-17.468605039510294,170,False,3.140868199241192,0.6087896439659457
N1CCN2C(C1)C3=CC=CC=C3CC4=C(Cl)C(=O)C=C(Br)C=C42,-17.47791751838247,171,False,3.3626337529841006,0.7456535142708514
Clc1nc[nH]n1,-17.50124346697706,172,False,4.1585748921775645,0.5183346373173644
Cn1cc2c(n1)-c1ccccc1-2,-17.519527162770828,173,False,2.1072307921770683,0.4868626319710877
CN1CCN2C(C1)[C@H](C)C=CC=C2Cc1ccccc1,-17.547546772490023,174,False,3.4768155167804657,0.8134942788934291
N1CCN2C(C1)C3=CC=CC=C3CC4=C[C@H](OC)[C@@H]42,-17.691030198140652,175,False,3.995659755692904,0.7709555644561519
CN1CCCN2C(C1)C3CC=CC=C3Cc4cc(F)ccc42,-17.781431928481197,176,False,3.662640286798597,0.7241777239189611
c1cc(CN2C(CN)C3=CC=CC=C3CC4=CC=CC=C42)sc1,-17.785740227489498,177,False,2.857093522626224,0.7767560405124574
CN(C)CCC1=C2CC=CC=C2CC2=CC=CC=CC=C21,-17.79098056764633,178,False,3.6950789293855113,0.7337009591961613
CN1CCN2[C@@H](C1)C(=O)c1c(-c3ccccc3)cccc12,-17.82514710314723,179,False,2.7045461869379093,0.8010216110562757
CN1CCOc2c1ccc(OC)c2,-17.826826504897895,180,True,1.9851819537510291,0.6521265364908055
CCCCN1CCN2C(C1)c3ccccc3CC4=CC(=O)C=C42,-17.86806266116764,181,False,3.2350926716773483,0.857103778672459
CN1CCN2C(C1)c1c(ccc3cc(OC)c(OC)cc31)CC2,-17.877237899243482,182,False,2.832760326410675,0.8511101872082864
N1CCN2C(C1)C3Cc4ccc(Cl)cc4C=C3CC4=CC=CC=C42,-17.88035690972174,183,False,3.5415430570038087,0.7838339490558894
CN1CCN2C(C1)c1cc(-c3ccc4ccccc4c3)ccc1CC2=O,-17.88041490137084,184,False,2.7491206170631823,0.6699992855716475
CN1CCN(C)CCc2cc(OC)cc(OC)c21,-17.885641341083897,185,True,2.26858804137653,0.7962351623266537
CN1CCN2C(C1)C(=C)C(OC)=CC=C1C=CC=C12,-17.913442759250756,186,False,4.014285347777209,0.7142012568817185
C1CN2C(C1)c1cccc(F)c1CC2,-17.950037573871697,187,False,2.598985157549583,0.6087511428707549
N1CCN2C(C1)c1ccc(Cl)cc1CCc1ccccc12,-17.95290959961497,188,False,2.674198800532668,0.7994539009978603
c1cccc(/C=C/c2[nH]c3c(c2)cccc3)c1,-17.957238793756744,189,False,1.9710367175871628,0.6596070051432266
CN1CCCN2C(C1)c1cc3ccccc3c[n+]1CC2,-17.987161450088024,190,False,3.490693964094368,0.6747508400812628
CN1CCN2C(C1)C1=CC(=O)N(c3ccccc3)C1=CC=CC=C2,-17.990213641788785,191,False,4.0269301546199445,0.7957939195828878
CN1CCN2C(C1)c1ccoc1CC2CC=C(C)C,-18.023181212949567,192,False,3.975337347495332,0.7623803895274637
CN1CCN2C(C1)C(=O)c1c(cc(OC)cc1)CC2,-18.08556441571284,193,False,2.7347802195720803,0.7554282048535698
CN1CCN2C(C1)C(=Cc1ccoc1)CCc1c-2cccc1,-18.310258671670457,194,False,3.2114633511830384,0.8031634698343454
CN1CC(F)(F)CN2C(C1)C3=CC=CC=C3Cc4c(OC)cccc42,-18.379412785684508,195,False,3.204371208504452,0.7840019281440201
CN1CCN2C(C1)C3=C/C=C(/C(O)=O)C=C3CC4=CC=CC=C42,-18.40588002880895,196,False,2.7101400466903947,0.8796183968722593
CN1CCN2C(C1)C3=NC(OC(C)(C)C)=CC=C3CC4=CC=CC=C42,-18.42196752860036,197,False,3.203008044907486,0.7939871743118279
CN1CCN2C(C1)C(=C)c1cc3c(cc1C2=O)OC(C)(C)CC3,-18.436635548016056,198,False,3.4465120746624223,0.7379950081999112
CN1CCN2C(C1)C3=C/C(=C/c4ccc5c(c4)OCO5)C=CC=C3CC4=CC=CC=C42,-18.48701652061004,199,False,3.527739884889649,0.6861666451905434
C1(O)(C)c2ccccc2CC1,-18.518796795577373,200,False,2.697432935752568,0.5948702815425212
O1CCN2C1C3=CC=CC(OCC)=C3CC4=CC=CC=C42,-18.527792509747087,201,False,2.987224606984281,0.8403382484417892
N1(S(c2ccccc2)(=O)=O)CCN2C(C1)C3=CC=CC=C3Cc4ccccc42,-18.54603564751602,202,False,2.619223936407538,0.6674908593531019
N1CCN2C([C@H]1C)C3=CC=CC[C@H]3Cc4ccccc42,-18.55253402957169,203,False,3.9471962527451474,0.7765119608934653
CN1CCN2C(C1)C3=C/C(=N/O)CCC3CC4=CC=CC=C42,-18.592194566794205,204,False,3.678085238721674,0.5906487092795315
CN1CCN2CCC1c1cc(O)cc(O)c1C2,-18.614206514284888,205,True,4.255498517987314,0.7098686816830463
c1cccc(N2C(C)C3=CC=CCC3CC4=CC=CC=C42)c1,-18.61970759640104,206,False,3.283472550112206,0.6901641970524633
CN1CCN2C(C1)C1=CC=CC=C3C(CCc4ccccc42)=CC=CC=C31,-18.62748926423956,207,False,5.099457109680457,0.6718242255513958
N1(CCC)CCN2C(C1)c1cc3ccccc3cc1C2=O,-18.628137794265054,208,False,2.682548961212815,0.843819903561495
C1CCN2C(C1)c1c3ccoc3ccc12,-18.628541239057085,209,False,3.0424115743386597,0.6454955844750183
N1CCN2C(C1)C3=CC=CC=C3C=C(Br)C1=CC=CC=C12,-18.638974605467865,210,False,3.0435538873813046,0.7779195247166505
CN1CCN2C(C1)c1c(oc3ccc(OC)cc13)Cc1c-2cccc1,-18.655778201909925,211,False,3.091550513629194,0.6760382565976535
CN1CCN2C(C1)C(=O)C1=CC2=CC=CC=C1,-18.70195026148588,212,False,4.623372080801896,0.6205516302513366
CN1CCN2C(C1)Cc1c(c3c(cc1OC)CCCC3)C2=O,-18.704920256102923,213,False,3.131356098435786,0.7938132675104822
CN1C(=O)N2C(C1)C3=CC=C=C=C3CC4=CC=CC=C42,-18.74473776406377,214,False,4.453683322544217,0.6593233622987378
Cn1c(=O)n(C)c2c(c1=O)CC=CC=CC=C2,-18.787276794715595,215,False,3.568938556196904,0.6603338746796196
C[N+]1(c2cc(OC)c(OC)c(OC)c2)CCN2C(C1)C3=CC=CC=C3CC4=CC=CC=C42,-18.787660236211195,216,True,3.686920101773664,0.5546905810857893
CN1CCN2C(C1)C1=CC=CC=C3CC4=CC=C(CC=C42)C13,-18.79129895730875,217,False,5.888813268238454,0.6758078065825915
CN1CCN2C(C1)C1=CC(=O)c3c(O)c(O)ccc3C1CC2,-18.80960910022276,218,True,3.762186037418944,0.7076768607979397
C(N1CCN2C(C1)C=Cc1ccccc12)(C)C,-18.825115899249795,219,False,3.1317982241884863,0.7287795851791213
C1CCN2[C@@H](C1)Cc1c(ccc(OC)c1)C2=O,-18.87286707311432,220,False,2.483337627642177,0.7415482719910083
COC(/C=N/OC)=O,-18.886043302714825,221,False,3.035714923721512,0.2854583451970298
CN1CCN2[C@@H]([C@@H]1Cc1ccc(OC)c(OC)c1)C3=CC=CC=C3CC4=CC=CC=C42,-18.908296316830047,222,False,3.1871562101373136,0.617187935221947
c1c(N2C(C(=O)OCC)C3=CC=CC=C3CC4=CC=CC=C42)cncc1,-18.969351135078057,223,False,2.809843289127958,0.65939766042448
C1CCN2C(C1)c1nccc3cc4c(cc31)OC=CC=C42,-19.026229955023155,224,False,4.79832859290973,0.7263115499309839
CN1CCN2[C@](C1)(OC)C=CC=C3Cc4ccccc4C=C32,-19.0344500241481,225,False,3.910126428106116,0.7918089702831288
FC(F)(c1ccc2c(c1)-c1ccccc1CC2=O)F,-19.036359056943866,226,False,2.091163021898973,0.6978548759013234
CN1CCN2C(C1)c1cc(Cl)ccc1CC=C2CC1=CC=CC(=O)C=C1,-19.197404239763344,227,False,3.2955079449984037,0.8097753857564125
CN1Cc2c(nccc2)C1,-19.20820499997717,228,False,2.4302115417418264,0.5264683311970741
C(N1CCN2CC1C1=CC=CC=C2CC2=CC=CC=C21)CC,-19.242437236302067,229,False,4.848952108579488,0.8232510746536438
CN1CCN2C(C1)C3=Cc4c(cccc4)CC3O2,-19.28153276159719,230,False,3.873113070407819,0.6863830180102701
C1CCCC(N2C(C)c3ccccc3CC4=CC=CC=C42)C1,-19.300676898977144,231,False,2.6647575523664706,0.6711199238511772
N1CCN2C(C1)c1[nH]c(=S)n(C)c1CC2,-19.33069865224388,232,False,3.821791467004134,0.63309107764785
CN1CCN2C(C1)c1ccc(-c3nnccn3)cc1CC2,-19.386174427894275,233,False,3.083486641723736,0.7900616414283348
CN1CCN2C(C1)[C@@H]3CC=CC=C3CC4=C(Cl)[C@H](Cl)C=CC=C42,-19.407194395549595,234,False,4.8223871735538095,0.6087080658120545
CN1C(=O)N2C(C1)C3=CC=CC=C3Cc4c(C)cc(C)cc42,-19.42206573800651,235,False,3.1306058325726163,0.7238055766479229
N1CCN2C(C1)c3ccc(C(F)F)cc3CC4=CC=CC=C42,-19.47768336904123,236,False,2.990302630029193,0.8640541175124137
CN1CCN2C(C1)c1cc3ccc(OS(=O)(=O)C)cc3cc1CC2,-19.507224992019477,237,False,2.979584743687658,0.7789379071622454
C1CN2C(C1)C1=CC[C@H]3CC4=CC=CC=C4[C@@]123,-19.605946711904835,238,False,4.337056337585056,0.611283468794534
CN1CCN2C(C1)C1=C/C(=C\c3cc4c(cc3)C=CC=CC=C41)C2=O,-19.6144657611585,239,False,4.294123312045977,0.6237373433713745
CCN1CCN2C(C1)C1=C(C2)C=CC=C2CC=CC=CC=C21,-19.66100726800505,240,False,4.101894593786589,0.7318666892104673
n1c(N(C)C)cccc1-c1ccccc1,-19.6973130981138,241,False,1.7447270365141136,0.7372829046573085
N1(C)CCN2C(C1)c1ccccc1CCn1c-2nc2ccccc12,-19.77189003194508,242,False,2.8096903711173944,0.6365026678169406
CN1CCN2C(C1)C1=CC=CC=C3C=C(C(=O)OCC)C=CC=C3C=C21,-19.79787785108786,243,False,3.0454916313023768,0.7708388900363286
O1CCN2C(C1)C3=CC[N+]([O-])(C)C3CC4=CC=CC=C42,-19.86266168505699,244,False,4.255054032720873,0.4095506076291994
CN1CCN2C(/C1=C\C)C3=CC=CC=C3CC4=CC=CC(Br)=C42,-19.869703847231,245,False,3.440824662075011,0.6613257185965125
O1CCN2[C@H](C1)C3=CC=CC=C3C[C@H]4N(C)CC=CC=C42,-19.94076475391193,246,False,3.7758469954534384,0.7263955038297903
CN1CC=C2C([C@@H]1C)c1ccccc1C2,-19.95917455543531,247,False,3.662815857896973,0.5804614653001927
CN1CCN(C)c2c(cc3c(c2)cccc3)C1,-19.96723722201,248,False,2.128876942908059,0.6812418644683803
CN1CCN2C(C1)c1cc(O)c(OC)cc1C2c1ccc(OC)cc1,-20.04864189919317,249,False,3.1572197773811137,0.9308335233635616
CN1CCN2C(C1)C(CCC=C(C)C)=CC=C3Cc4ccccc4C=C32,-20.08260894162231,250,False,3.7193737911522504,0.7246253143046704
Clc1ccc2[nH]c(Cc3cccnc3)nc2c1,-20.091657761753623,251,False,2.0614810433790183,0.7510336231018168
CON1CCN2C(C1)C3=CC=C(Cl)C(=O)C=C3CC4=CC=CC=C42,-20.162845612875003,252,False,3.3037004234043597,0.797224060044164
C1C2(CCNCC2)CC1,-20.18325823545456,253,False,3.004911551517697,0.5175580547368914
N1CC(=O)N2C(C1)Cc1cccc(O)c1C2,-20.23961571816473,254,True,3.2403311449298986,0.6559914001027448
N1(C(c2ccc(OC)cc2)=O)CC=CC=C2C=CC=CC=C12,-20.256713598120317,255,False,2.8926132610329116,0.8322207147508371
N1CCN2C(C1)/C(=C\c1ccc(F)cc1)SC=C2,-20.289852057778266,256,False,3.622933010699372,0.8373982881804114
CN1CCN2C(C1)[C@H](C)c1c(-c3cocc3)cccc12,-20.322176652734925,257,False,3.5773935008653464,0.7916888165625391
C1CCN2C(C1)C1Cc3c-2cccc3C=C1,-20.326335998470316,258,False,4.166147719187397,0.6364720552109
CCCCN1CCN2C(C1)C1=CC=CC=C3CC4=CC=CC=CC=C4C321,-20.32873124726757,259,False,4.891680871113741,0.7517618991814965
C[N+]1(CCl)CCN2C(C1)C3=CC=CC=C3Cc3ccccc32,-20.33251856544723,260,False,3.6325227387216743,0.4396586089309955
O1CCN2C(C1)[C@H]1[C@H]3CC=CC=C3C[C@@H](O)C=C12,-20.432440483215032,261,False,4.819024401516678,0.7012323596955891
C1CN2C(CC1)C3=CC=CC=C3C/C2=C\c1cc(OC)c(OC)cc1,-20.512221975630386,262,False,2.822001936179248,0.8018907044583667
CN1CCN2C(C1)C1CCc3c(cccc3C1=O)C2,-20.542514686778304,263,False,4.331516560958257,0.7036280257911182
C1N2CCC(C1)c1c3ccccc3sc1-2,-20.58011371345492,264,False,3.0467287022619107,0.6487554537829304
C[n+]1c2c(ccc1)C1=CC=CC=C3Cc4ccccc4C=C3C=C12,-20.62491143492161,265,False,3.924738691810784,0.6340422727419329
CN1CCN2C(C1)C3=CC=CCC[C@H]3CC4=CC=CC=C=C42,-20.625227322627325,266,False,4.815849828218716,0.6311505656014518
c1(N2C(CO)C3=CC=CC=C3Cc4ccccc4C=C2)ccccc1,-20.628951693957845,267,False,3.2661640308220115,0.7305252246427012
N1(C(C)c2ccccc2)CN2C(C1)C3=CC=CC=C3CC4=CC=CC=C42,-20.69053159353461,268,False,3.085633344649926,0.6346303544965606
c1ccccc1N1CCN2C(C1)c1ccc(O)cc1CC=C2c1ccccc1,-20.721348867373365,269,False,2.8671489844420783,0.7002178105290632
CN1CCN2C(C1)C(Cc1ccc(O)cc1)c1cc(O)ccc1C2,-20.724272074516197,270,False,3.2759598924647353,0.8911919246141704
O1CCN2C(C1)-c1c3cc4c(cc3oc1C2=O)OCO4,-20.76309458234755,271,False,3.3141156068583832,0.7306210009190839
c1c(Br)cccc1CCN1CCN2C(C1)C3=C(Cl)C=CC=C3CC4=CC=CC=C42,-20.778936551934837,272,False,2.9070047345220313,0.4581853087099468
CN1CCN2C(C1)C3=CC[C@@H](OCC(=O)Nc1ccccc1)C=C3CC4=CC=CC=C42,-20.794555442827946,273,False,3.561455702952191,0.8281635398978081
C(N1CCN2C(C1)Cc1ccc(O)cc12)c1cnccc1,-20.813565321172973,274,False,2.757630810458227,0.9141296658509324
N1CCCN2C(C1CCCCCC)C3=CC=CC=C3CC4=CC=CC=C42,-20.88573722193541,275,False,3.2189682097847925,0.7207406456980017
O1CCN2C(C1)C(=O)/C(=C\C)OC2=O,-20.89176293308276,276,False,3.800768271996112,0.5243060425997281
CN1CCN2C(C1)C3=CC=CC=C3C[C@@H]4[C@H](c5ccccc5)C=C[C@H]42,-20.935865535946505,277,False,3.749863341972461,0.7325246414769392
CN1CCN2C(C1)c1cccc3c1c1ccc(=O)n(C)c1cc23,-20.94230991433145,278,False,4.033532779966841,0.5975162334302634
C(N1CCN2C(C1)C3CC=CC=C3CC4=CC=CC=C42)CSC,-20.950309360428943,279,False,3.651101329282507,0.8378787258255577
CN1CCN2C(C1)c1[n+](cccc1)CCS2(=O)=O,-20.977674367401505,280,False,4.066295872476884,0.6018389969505
CN1CCN2C(C1)[C@H]3[C@@H](CO)[C@H]3CC4=CC=CC=C42,-20.987994783674367,281,False,3.8411344040736903,0.8202467366121404
C1[C@H](N2C(CC)C3=CC=CC=C3CC4=CC(=O)C=C42)CCCC1,-20.997094720529333,282,False,3.2735498473375104,0.7875795698642385
CN1CCN2C(C1)CCc1cc3c(c(OC)c1C2=O)CC=CC=C3C,-21.003731383010745,283,False,3.554041197670216,0.7892463806607181
c1cc2c3ccccc3nc(-c3ccccc3)c2[nH]1,-21.00769524498179,284,False,1.9506878099212788,0.5284572795680212
CN1CCN2C(C1)c3cc4c(cc3Cc3ccccc32)CCCC4=O,-21.033015871071257,285,False,3.015013527327824,0.7363111869529748
c1(-n2nccc2)ccc(Cl)c(Cl)c1,-21.06882516061904,286,False,1.910730810299885,0.7107230715189377
N(C)(C)CCCc1cc(O)ccc1OC,-21.08812844219005,287,False,1.8977946572654556,0.8035472707537252
CN1CCN2C(C1)/C(=C\CCCCC=C(C)C)C(=O)C=C2,-21.09738328808453,288,False,3.754818660060785,0.4409570691394098
CCN1CCN2C(C1)C3=CC=CC=C3CC/C(=C\C)C2=O,-21.10512886525248,289,False,2.9893589990438354,0.740404557339594
C1CCN2C(C1)C1=CC=CC=C3CCCC=C3CC4=CCOCC421,-21.11695043521468,290,False,5.396447221594422,0.6102837873922584
C1CCc2nc3c(cc2CN1C)cccc3,-21.16188393040829,291,False,2.0605792445791007,0.6670313420925188
CN1CCN2C(C1)c1c([C@@H]3O[C@H](CO)[C@@H](O)[C@H]3O)cc(OC)cc1CO2,-21.18132466454699,292,False,4.405446710753553,0.6643026101110702
N1CCN2CC1c1ccc(SC)cc1C2,-21.222136526286704,293,False,4.369237782223402,0.7274026279972742
N1(C)C2=C(CC1)C1=CC=CC=C2CC2=CC=CC=C=C21,-21.34376909991261,294,False,5.12824770218711,0.5947315611164711
C1CCN2C(C1)c1cc3c(cc1CC2)C2=CC=CC=CC=C32,-21.36222289831494,295,False,2.611409644889333,0.5604269848451843
N[C@@H](C)Cc1c2c(cccc2)[nH]c1,-21.369514334025556,296,False,2.2738259810113455,0.7185527164618345
C1N2C(CC2)C2C=CC=CC=C2CC2=CC=CC=C12,-21.407338288016035,297,False,3.679103474350933,0.6801114331870117
O1CCN2[C@@H](C1)c1ccc3cc4c(cccc4)cc3c12,-21.42683537211269,298,False,2.895446558618488,0.5692840450250993
CN1CCN2C(C1)C1=CC=CC=C3Cc4ccc([N+]([O-])=O)cc4[C@]21CO3,-21.47393698802364,299,False,5.915620028987597,0.5742619659227886
CN1CCN2C(C1)C3=C/C(=C/C)C=C3C[C@@H]4[C@H](C)C=CC=C42,-21.482320143317335,300,False,4.79335367484965,0.6742353304874648
c1cccc2c1C1=CC=CC=C2CN2CCC=C21,-21.52246557398763,301,False,3.8605910094499096,0.6611551954487294
CN1CCN2C(C1)C3=CC=CC(=O)/C3=C\CCC1=CC=CC=C21,-21.527594125727887,302,False,3.7493782913911975,0.7362001584991824
CN1CCN2C(C1)c1n(C3CCCC3)nc(C)c1CC2=O,-21.55983108177315,303,False,3.3909666913515277,0.7892798134943514
c1cc(Cl)ccc1N1CCN2C(C1)C3=CC(O)=C[C@H]3CC4=CC=CC=C42,-21.56986211093323,304,False,3.511102441342707,0.8013170542466657
Cn1c(=O)n(C)nc1-c1c2c(ccc1)cccc2,-21.584305449245008,305,False,2.0821602223720053,0.6507302158905651
CN1CCN2C(C1)C3=CC4=C(C(=O)OC)OC=C4C3CC4=CC=CC=C42,-21.58618585145452,306,False,3.847558611383192,0.7402489354026428
C1(C)=CC=CC=CC1OC(=O)C,-21.60248627071286,307,False,3.561669807152371,0.5538473670926536
CN1CCN2C(C1)C1=CC=CN(OC)C=C1CC4=CC=CC=C42,-21.617120939787128,308,True,3.805326885224995,0.7934073367009294
C(N1CCN2C(C1)C1=CC=CC(Cl)=C(Cl)C=C12)CBr,-21.628559303776115,309,False,4.17671098880285,0.6948107746214088
Clc1cccc2sc3cc(OC)ccc3c12,-21.659759015834453,310,False,1.9875407830406395,0.6056977742634163
CCn1c(=O)[nH]c2c(cnc3ccccc32)c1=O,-21.663387621014408,311,False,2.1658235707882945,0.6519838281639578
CN1CCN2C(C1)C3=CCC=C3CC4=CCC/C=C42,-21.69322512013605,312,False,4.1775393770812395,0.6556560490077952
CN1CC(Sc2ccccc2)C2=CC=CC=C2C1,-21.698620012022744,313,False,2.705181196475859,0.7986692810127892
[nH]1c(=O)[nH]c2c1-c1c(cc(O)cc1O)C2,-21.70029057209285,314,False,3.167889162759961,0.4339313010518975
N1CCN2C(C1)C(=C1c3ccccc3NC1=O)C=CC=CC=C2,-21.748944810344256,315,False,4.054976005310289,0.7230329804159573
CN1CCN2C(C1)c1ccc(CCC)c(C#N)c1CC2,-21.75941983982922,316,False,3.128777570764238,0.8254072303769961
C1CCN2C(C1)C1=CCN(CC)C2CC2=CC=CC=C21,-21.776038448653708,317,False,4.26099864418487,0.7718237219444366
C1N(C)CCN(c2ccccc2OCC=C)C1,-21.787115387986773,318,False,1.9196361265815296,0.738507038095258
C(N1CCN2C(C1)C3=CC=CC=C3Cc4cccnc4C=C2)c1ccccc1,-21.83550805659615,319,False,3.4884125876002825,0.664016569636942
C1CCC2=C(C1)c1cc3ccccc3cc1O2,-21.85406737006269,320,False,2.129034907632411,0.5468319335510595
CN1CCN2C(C1)c1cccc3c1CC=CC(=O)O[C@@H]32,-21.861462935863543,321,False,4.865283002890285,0.6710424694525267
OC(=O)N1CCN2C(C1)C3=CC=CC=C3CC4=CC=C(F)C=CC=C42,-21.879005805824136,322,False,3.6467543070960016,0.7821419282449721
c1cccnc1CN1CCN2C(C1)c1c(c(Cl)ccc1)C2,-21.88596049517224,323,False,2.7648799419718753,0.849264486507206
C=CCN1CCN2C(C1)C(Cc1ccccc1)=C(CC=C)C2=O,-21.9749208213143,324,False,3.336582004732353,0.7545698347252909
CN1CCN2C(C1)C1=CC=CC=C3CC(c4ccccc4)=CC=CC=C3C21,-21.98405959304364,325,False,4.064479622219093,0.7385103102019455
C1CN2C(CC1c1ccccc1C)C1=CC=CC21,-22.00479418065038,326,False,3.8133983457696745,0.7231173764032087
N1CCN2C(C1)C1=CC2=C=CCC2=CC=CC=C21,-22.06958477745502,327,False,4.7478274137026,0.6926623059988665
CN1CCN2C(C1)C1=CC=CC=C3c4ccncc4CC3=C12,-22.156027272110805,328,False,3.9504964872777135,0.730935730102101
c1(NC(OC)=O)cccc(F)c1,-22.21615844499384,329,False,1.53724086210714,0.6977859611180045
CN1CCN2[C@@](C1)(CO)CCc1c2c(OC)ccc1,-22.28680728480685,330,False,3.3241853477772088,0.8663794755840024
c1ccccc1CN1CCN2C(C1)C3=CC=CC=C3C/C(C)=C\c3cc4ccccc4cc32,-22.314514135338012,331,False,3.378753623657559,0.3425857548945328
c1ccccc1Cn1c2c3cc(OC)ccc3[nH]c2c2ccccc21,-22.41324056367381,332,False,2.1021657891911936,0.476823483864411
Cn1cc(C(OCC)=O)c2cc(O)ccc2c1=O,-22.41791505972003,333,False,2.1323520036999213,0.8147835357340969
CN1[C@@H](CC)CN2[C@@H](C1)C3=CC=CC=C3Cc4cc(C)ccc42,-22.44059307841235,334,False,3.213181789998262,0.7799638107625633
ClCCN1CCN2C(C1)C3=C(CCC3)CC4=CC=CC=CC=C42,-22.44454511422373,335,False,4.025953251133012,0.5575133785225721
CN1CCN2C(C1)C3=CC=CC=C3C(CC(C)C)=CC=C4C=CC=CC=C42,-22.470116310578305,336,False,4.103959914327627,0.7025710438429742
O1CC(N2C(C1)C3=C/C=C/c1ccccc1)C=CC=C3CC4=CC=CC=C42,-22.483849522279343,337,False,4.84774804702623,0.7571281679728927
C1CCN2C(C1)[C@@H](F)c1cc(OC)c(OC)cc1-2,-22.49149497607664,338,True,3.200795986825474,0.8058950224865007
Brc1ccc2c(c1)Cc1c(cc(O)cc1OC)C2,-22.495476678304897,339,False,2.491023570788295,0.7432921298984841
CN1CCN2C(C1)C1=CC=CC=C3Cc4ccc(Cl)cc4C=C3CC12,-22.52054416171427,340,False,4.530864874747884,0.6949916875418585
c1(C(F)(F)F)noc(C)c1,-22.52409836067908,341,False,2.454556348924033,0.5663115659043771
CN1CCN2C(C1)C3=CC=CC=C(Br)C3=CC=CC=C2,-22.527975709185284,342,False,4.561457480996733,0.6713651826883447
CN1CCN2C(C1)C1=CC=CC2=CC(C(C)=C)C1,-22.541757080238312,343,False,5.079069760328718,0.6521150802392675
CN1CCN2C(C1)/C(=C\c1[nH]ccc1Cl)c1cc3c(cc12)OCO3,-22.61622543054185,344,True,3.727479391392892,0.8636324911570703
CN1C2CN3C(C1)CCc1c-3cccc1O2,-22.657937371201115,345,False,4.784960487324431,0.6529249907223575
CN1CCN2CC3CC=CC=C3Cc3c2c(C)ccc3C1,-22.659341634484008,346,False,4.545196457758777,0.7192179177686366
ClCCN1CCN2C(C1)C1=CC=CC=C3CC(=O)OC123,-22.66729301682801,347,False,4.948001346320513,0.5671506572427528
CN(Cc1c2c(ccc1)-c1cccc3c1CC=CC=C23)C,-22.677639603352876,348,False,3.804185946738537,0.6884330090355788
N1CCN2C(C1)C3=CC=CC=C3C(C=C)(CC=C)C4=CC=CC=C42,-22.703125999571057,349,False,3.7395866292062543,0.8538820811021312
CN1CCN2C(C1)C3Cc4c(O)cc(O)cc4CCN3C2,-22.774606537510408,350,False,3.7680707423517017,0.7263433463120016
CN1CCN2C(C1)c1cccc3c1[C@H](C)O[C@@H](c1ccccc1)[C@H]32,-22.843749387466232,351,False,4.812541167645806,0.793320664722657
N1(C)CCN2C(C1)[C@@H]3C(C)=CC=C3C[C@H]4C=CC=CC=C42,-22.89599439688027,352,False,4.643117353695855,0.6724397500973123
C=CCN1[C@@H](c2cc(F)ccc2F)CN2C(C1)C3=CC=CC=C3CC4=CC=CC=C42,-22.957547698311828,353,False,3.39286473555958,0.521792821911136
C[C@@H]1CCN2C(C1)C1=CC=CC=C3Cc4ccccc4C=C3C=C12,-22.99682122125887,354,False,4.504379822397707,0.6478696605399252
CN1CCN2C(C1)C3=CC=CC=C3Cc4nc5ccccc5[nH]c4=C2,-23.001409219388737,355,False,3.4354029557446504,0.801010233373257
CN1CCN2C(C1)c1ccc(Br)cc1C(C)=CC=C1CC12,-23.00503667751866,356,False,4.344308428655678,0.7046983391509656
CN1CCN2C(C1)/C(=C\c1cc(O)ccc1O)Cc1c-2cc2ccccc2c1,-23.013206552652264,357,False,3.2438712993427057,0.6338247697542609
N1CCN2C(C1)c1nc(C)ccc1CC21CC2=CC=CC=C21,-23.066655154238106,358,False,4.158277869552275,0.8073730712760555
N1=CCN2C(C1)C3OC(CBr)=CC=C3CC4=CC=CC=C42,-23.08339894961796,359,False,4.525093645577508,0.730978589986158
CN1CC(C)CN2C(C1)C3=C(C)C(=O)C=C3Cc4ccccc42,-23.090360194513792,360,False,3.774497249922952,0.7361754487667369
CN1CCN2C(C1)C=Cc1cc(Cl)c(C#N)c(Cl)c12,-23.152615221508317,361,False,3.8212762524700006,0.7365761547926349
CN1CCN2C(C1)C1=CC=CC=C3CC4C=CC=CC=C3C421,-23.15949647623347,362,False,6.215749617368669,0.6767170885649472
C(N1CCN2C(C1)c1cc(N)ccc1CC2=O)c1ccc2ccccc2c1,-23.20184191561475,363,False,2.797198263526612,0.7156543028187583
N1CCN2C[C@@H](O1)c1cc(O)ccc1C=C2,-23.219009773463767,364,False,4.802424347401626,0.687704577705589
CN1CCN2C(C1)C1=C/C(=C\C=C\c3ccc(OC)cc3OC)C=C2CC1,-23.23893415824205,365,False,4.297971480120699,0.8095349361630674
C[n+]1cc2c(c(C)c1C)cc(OC)cc2,-23.25657022488531,366,False,2.64144118634613,0.6466003133814819
CN1CCN2C(C1)C3=CC=CC(C=C)C3Cc4c(C)cccc42,-23.28299111386877,367,False,4.193866194532831,0.7317340488393925
CN1CCCN2C(C1)c1c3ccc(OC)cc3cc3c1cccc32,-23.28632801225467,368,False,3.859959397396611,0.6255218502938932
CN1CC(CCc2cnccc2)=NN2C(C1)C3=CC=CC=C3CC4=CC=CC=C42,-23.394903923650418,369,False,3.220150997807311,0.6698967942172017
CN1CCN2C(C1)C1=CC=CC=C3Cc4cc(Br)cc(Br)c4C=C3C=C12,-23.463497842436027,370,False,4.5527082466869935,0.5196674455235363
N1CCN2[C@@](C1)(CCn1cncc1)C3=CC=CC=C3CC4=CC=CC=C42,-23.539268942462517,371,False,3.353376347365268,0.792123017720934
N1CCN2C(C1)C1=C(C=C)C=CC=C(C)C12,-23.68163299190928,372,False,4.51517656716753,0.7136295513585263
C1CCN2C(C(CC(C)C)C3=CC=CC=C3CC4=CC=CC=C42)=C1,-23.711193246592305,373,False,3.095815874909378,0.6657754052435615
CN1CCN2C(C1)C1=CC=C[C@H](OC)C3=CC=CC=C1C=C32,-23.752274149024743,374,False,5.770744451479749,0.7385805320129958
[C@@H]1(N)C2=CC=CC=CC=CC=C2CC2=CC=CC=C21,-23.796942465472966,375,False,2.8020174480005977,0.75327982696818
COc1cc(-c2c(-c3ccncc3)[nH]c3c2cccc3)ccc1OC,-23.86001793964573,376,False,2.0363277377572544,0.5779096433116248
CN1CCN2CC1(C)[C@@H](C)CC2,-23.881497088819746,377,False,4.819353356634618,0.5329070218284249
N1C(n2cccc2)CN2[C@H](C1)C3=CC=CC=C3CC4=CC=CC=C42,-23.92073529522169,378,False,3.5292603105249354,0.7380031779349818
O1CCN2C(C1)C1=CCc3cc4ccccc4[nH]c3=CC12,-23.936875315994257,379,False,4.1720466764176365,0.7385771369446913
CN1CCN2[C@@](C1)(C)c1cc(O)c(CO)cc1C2=O,-23.97811710491078,380,False,3.4684960972841115,0.7734022528124823
N(CC)(CC=C(C)C)CC#N,-24.011352375615388,381,False,2.9429690365624825,0.4534275668277778
CN1CCN2[C@@H](C1)c1cccc3c1c(c1OC)C=CC=C3C=CC=CC=C12,-24.039253431139517,382,False,5.28003974356556,0.7457101086244963
CN1CCN2C(C1)c1cc(O)c3c(CC(C)C)cccc3c1O2,-24.07149693233077,383,False,3.561992193005618,0.9224427260492324
CN1CCN2C1C1=CC=CC=C1CCCc3ccc(Cl)cc32,-24.089813745347783,384,False,3.2403645951793196,0.7161868849213591
C[C@@H]1CN2C(CC1)c1c(cccc1)[C@H]2C,-24.106345243584656,385,False,3.34228273112564,0.6203499862233621
N1CCN2C(C1)C3=CC=CCC3/C(=C\C)[C@H]2O,-24.122829975909557,386,False,4.7266821428315495,0.6126301403502934
CN1CCN2C(C1)C1=CC=CC=C3Cc4cc5occc5cc4C=C3C=C21,-24.19122810744375,387,False,4.505652680599815,0.702882755955817
N1CCN2C(C1)C/C(=C\c1[nH]c3c(c1)cccc3)C=CC=C2C,-24.220891361124817,388,False,3.71853402036378,0.8417046389143885
CN1CCN2C(C1)C1=CCCC3C=CC=C3CC4=CC=CC=C4C=C21,-24.27632253439515,389,False,4.4854779155020195,0.7084472905782764
CN1CCN2C[C@]1(COCc1ccccc1)C(=O)C=C2,-24.297815043211926,390,False,4.209177738893459,0.8265828245368956
C1CCN2C(C1)C3=CC(=O)C=C[C@]3(C)CC4=CC=CCC=C42,-24.328949148977813,391,False,4.311447257952444,0.6703302605732853
N1CCN2[C@](C1)(Cc1cccc(Br)c1)CCCC2,-24.333487071096897,392,False,3.049926914908371,0.903593693792994
CN(C)C/C=C/C=C/C(c1coc2ccccc12)=O,-24.407226479854216,393,False,2.7319104819860556,0.4667741711295936
Cc1c2n[nH]c(C)[n+]2ccc1,-24.40874933078885,394,False,3.469292147711622,0.5497018648835879
O=C(CN1CCN2C(C1)C1=CC=CCC[C@H]3Cc4ccccc4C=C32)O1,-24.47162397270222,395,False,5.520442257707703,0.6750446425072286
CN1CCN2C(C1)/C(=C\c1ccc(C)o1)C1=CC=CC=C1C=C2,-24.52441205080333,396,False,3.405666954111333,0.8002088261772926
C1CN2C(C1)C1=CC=CC=C3CC4=CC=CC=C4C=C3N21,-24.55176868158742,397,False,3.859671966076803,0.7121409361574509
c1cc2c(cc1)c1c(cc2)-c2c(OC)cc(OC)cc2NC1=O,-24.55590882614712,398,False,2.0882572554913157,0.5722554917630134
CN1CCN2C(C1)C3=CCc4cnccc4C=C3Cn3c2ccc3,-24.5631937541184,399,False,3.981656134931046,0.7460880696666773
N1C(=O)/C(=C/c2ccc3c(c2)OCO3)C2=CC=CC=CC12,-24.632036993428883,400,False,3.5303846566120747,0.8027105369594226
CN1CC=C2Cc3c4c(ccc3C1=O)OC=C42,-24.64617894257936,401,False,3.7964099831949394,0.6896736257396292
N1C(C(C)C)CNC1=O,-24.71957914158702,402,False,3.730019539683376,0.5244566255746697
CCN1CCN2C(C1)C1=CC=CC=C3C=CC=CC=C4C=C=CC=C4C123,-24.733271255041476,403,False,5.874560165809323,0.6687240287649039
CN1CCN2C(C1)C3CCC1=CC=C[C@]3(O)C=CC=CC=C21,-24.7502424082486,404,False,5.9507764521681645,0.7425704255684532
CCN1CCN2C(C1)C1=CC=CC=C3CC4=CC=CC=C4C=C3C=C12,-24.83849538740469,405,False,4.215896047454029,0.7700015578160027
CN1CCN2C(C1)C1=CC=CC=C3C=Cc4ccc(O)cc4C=C3C=C21,-24.89106434159476,406,False,3.1835050645007588,0.6476340652478463
CN1CC(C)N2C(C1)C3=Cc4[nH]ccc4C=C3CC4=CC=CCC=C42,-24.94400466530351,407,False,4.1773518986651945,0.7825322480955079
O=S(=O)(c1ccc(C)cc1)n1ccn2c(C)c3ccccc3cc2c1,-24.96973532431969,408,False,3.2572122329263715,0.8340141378233159
C1CCN2C(c3ccc4ccccc4c3Cc3c2cccc3O)C1,-24.994970394589476,409,False,2.8179571100123013,0.617553460147492
n1c(N2C(O)C3=CC=CC=C3Cc3ccccc32)[nH]c2c1cccc2,-25.010139053849343,410,False,2.8519578413995355,0.548017343706223
C(N1CCN2/C(=C\c3ccccc3)c3cc4ccccc4cc32)C1=O,-25.01596319919554,411,False,2.4780352193167907,0.6765957662899287
C1C2(CC1)C1=CC=C2CCc2ccccc21,-25.03040407349272,412,False,3.8806682099220833,0.6011550607508703
CN1CCN2C(C1)CC1=CC=CC=C3Cc4c(cccc4Br)C=CC=C3C12,-25.04277923450036,413,False,4.27114429115775,0.5964256651895855
CN1CCN2C(C1)C1=CC=CC=C3Cc4cc(Oc5ccccc5)ccc4[C@@H]3C12,-25.04515704012374,414,False,3.999536179639012,0.7584391950151564
CNC1=CN2[C@@H](C1)C3=CC=CC=C3CC4=CC[C@@H](O)C=C42,-25.045506330992797,415,False,4.312721725958259,0.8298677155872161
CN1CCN2C(C1)C3=CC=CCC3[C@@H]3C(CC(=O)OCC)=CC=C32,-25.049679205752923,416,False,4.4419720561966285,0.7462535900596514
BrC(C(NC)=O)=O,-25.077207849211845,417,False,3.056605486976568,0.4271775275563054
C(CCN1C(CC)C2=CC=CC=C2Cc2c1c1c(cc2)OCO1)#C,-25.10072827361546,418,False,3.384808841942344,0.7873821196865303
CN1CCN2C(C1)C3=CC2=CC=CCC1=CC=CC=C13,-25.117246655310737,419,False,4.58498891573378,0.7106609759959541
O(C)CCN1CCN2C(C1)C1=CC=CC=C3CC4=CC=CC=CC=C4C123,-25.139985395464464,420,False,4.9304213306542,0.7805918460257925
CCOC(N1CCN2C(C1)c1c(F)cccc1C2=O)=S,-25.15626220969717,421,False,3.280458976200906,0.7413665934851148
CN1CCN2C(C1)C3=C(CC=C3CCCC2)C,-25.2285181399202,422,False,3.443667297971845,0.632739984083267
Cn1c(=S)sc2c(c1=O)CCc1cc(OC)c(OC)cc1-2,-25.231742652169487,423,False,2.6791295620767315,0.7975107160949684
CN1CCN2C(C1)C1=CC(=O)C=C3C=C(O)C=C1C=C23,-25.280063858015808,424,False,5.09357885430336,0.7193517405165438
CN1CCN2C(C1)/C(=C\c1cccs1)Cc1c(OC)cc(O)cc1C2=O,-25.293120655576782,425,False,3.4528506477011067,0.8832549843652265
CN1CCN2C(C1)C3=C/C4=C\C(Br)=CC=C4C=C32,-25.30486261978831,426,False,2.918000449573995,0.7357236777112063
C[N+]1(C)CCN2C(C1)[C@@H](C)c1c(C)cc(OC)c(OC)c12,-25.316748094919603,427,False,4.032906248424577,0.781083599918039
Clc1ccc2c(c1)c1ccc3c(c1[nH]2)-c1[nH]cnc1C3,-25.358606897396413,428,False,2.8630109714018666,0.4367680570575976
Cn1ccn2c1cc1cc3cc4c(cc3cc1cc2)OCO4,-25.37144281763176,429,False,3.5307460790802487,0.74029165945199
C1CN2C=CC=C(C=CC1)C2,-25.40191125217825,430,False,4.658766828846133,0.5068520492271736
CN1CCN2C(C1)[C@H]1CC=C3C=C4C=CC=CC=C4C=C3N21,-25.4041876916308,431,False,4.665359177331141,0.7046865590291506
N1CCN2C(C1)c1c(CC)ccc(C#N)c1Cc1c2cccc1,-25.407224297290725,432,False,3.189867413353582,0.8792428859577618
CN1CCN2C(C1)C3=CC=CC=C3Cn3c2nnc3-c1ccccc1F,-25.413045273882744,433,False,3.0123906575490107,0.6769284384726436
CN1CCN2C(C1)c1cccc3c1O[C@@H]2C[C@@H]3/C=C/c1ccccc1,-25.44291202511522,434,False,4.563591173531566,0.8295671340205085
c1cc2c(n1O)[nH]c1c(c2=O)cccc1,-25.45983525662456,435,False,2.6106461778379053,0.5426615977958918
CN1CCN2C(C1)C3=CC=CCC(C)=C3C=C4C=CC(=O)[C@@H]42,-25.47327071172191,436,False,4.442713226359038,0.6844833630143072
N1CCN2C(C1)c1cncc(C)c1Cc1c-2cnc2c1cccc2,-25.532666143000824,437,False,3.3924983884521716,0.6921080423021707
C1[C@]2(C)[C@H](C3=CC=CC=C3C=CC=C2)C1,-25.576534098014235,438,False,3.540563247716456,0.5843461545430444
O1CCN2C(C1(C)C)C1=CC=CC(O)=C3CC1=CC=CC=C32,-25.595423625141848,439,False,5.450576104439504,0.741491527290795
O[C@@H]1C(=O)N2Cc3ccccc3CC2CC1=O,-25.604860579216847,440,False,3.3469652422216267,0.6521259749018272
CN(C)C1CCN2C(C1)C1=CC(O)=C2C=C2C=CC=CC=C12,-25.634112053114222,441,False,5.189461337289558,0.8048766286078435
CCN1CCN2C(C1)C1=C(C(=O)c3ccccc3CC)C=C1CC2,-25.64923840330449,442,False,3.3148556073508493,0.7960728896981594
CN1CCN2[C@H](C1)C3=C[C@@H](O)[C@@](C)(O)[C@@H]3CC4=C[C@H](O)C=C42,-25.66375602277185,443,False,5.110695706393869,0.5436559965588571
S1CCN2C(C1)C3=CC=CC=C3C[C@H]4CCC=CC42,-25.668137336615477,444,False,3.9762639922458254,0.6624260268309784
CS(N1CCN(C(c2nc3c(cc2)cccc3)=O)CC1)(=O)=O,-25.69486630880239,445,False,1.9797144241842768,0.8262530093462159
OCCN1CCc2c(cc(OC)c(Br)c2)CC1,-25.90562066599161,446,False,2.1266338895328634,0.9245511164617386
CN1CCC2(CC1)Oc1c(-c3ccccc3)coc1C2,-25.924712537243977,447,False,3.2070120866497795,0.7936744591726048
N1CCN2C(C1)c3nccc(C#CC#Cc4ccccc4)c3C2,-25.933130843681283,448,False,3.572390669980148,0.7537115334376595
c1ccccc1N1CCN2C(C1)C1=CC=CC=C3C(=O)C=C(Cl)C=CC=C3C=C21,-25.96466661512396,449,False,3.216910158382568,0.5526105082899013
CN1CCN2C(C1)C3=C(Br)C=CC=C3C=C4C=C=C=C[C@@H](Br)[C@H]42,-25.978608589783107,450,False,5.074789970756607,0.447594093398609
CN1CCN2C(C1)[C@H](C#CC=CC=C)C(=O)C=C2,-25.985331992793377,451,False,4.7170801497214025,0.5072760030302119
N1CCN2C(C1C)C3=CC=CC=C3C(F)(F)C1=CC=C12,-25.992278694094026,452,False,4.1507840914000385,0.7822182845355732
c1c2c([nH]c1CCc1ccccc1)C=CC=C1CC1O2,-26.012832491444044,453,False,3.5561619432338727,0.8921148484085657
N#CCOC1=CC=CC=C(Cl)C1=O,-26.05253220348095,454,False,2.248039750008825,0.7204415500700764
CN(C(C)C)CCc1ccc(O)c2c1oc1ccccc12,-26.103062099996805,455,False,2.4598543114360805,0.7802576302870882
N1CCN2C(C1)C3=Cc4cc(CO)sc4[C@@H]3CC4=CC=CC=C42,-26.111081821654807,456,False,3.922768976341331,0.8466022329767339
n1c[nH]c2ccc(O[C@@H](c3ccccc3)C)cc12,-26.120294066129645,457,False,2.524078729131883,0.7550441506181509
S1C(N2C(C1)C1=CC=CC=C3C=C2C=C=CC=C31)=O,-26.14574339002138,458,False,6.037988229238803,0.6247972526173977
N(CCN1CCOCC1)C(c1c[nH]c2ccccc12)=O,-26.147803425398703,459,False,1.9437249218581911,0.8806657743809787
CN1CCN2C(C1)/C(=C\c1ccc(-c3ccncc3)o1)C=C(OC)C2=O,-26.153672080763727,460,False,3.4490045603830186,0.8499132060419501
c1ccc2c(c1)C1=CC=CC=C3CCCCN3C2=CC1,-26.19963562247,461,False,4.221039834384175,0.6508731672847368
O[C@H]1[C@H](O)[C@@H](COC(=O)/C=C/c2sccc2)O[C@@H]1CO,-26.203359169490795,462,False,3.552052284911639,0.5140718051966572
N1[C@H]2[C@]3(C1)C=CC=CC=C3CC3=CC=CC=C32,-26.30799432314234,463,False,4.533829851602524,0.7099711664931965
c1cc[n+]2c(c1)C1=CC=C[C@H]3CC4=CC=CC=C4[C@@H]1OC32,-26.32420431758516,464,False,5.14343832169202,0.6713175269647704
CN1c2cc3c(cc2-c2[nH]c(=O)n(C)c21)OCO3,-26.334459924774592,465,False,2.8220661047249465,0.6445042515547504
C1[C@@H](c2ccc(O)cc2)c2c(cc3c(c2)OCO3)O[C@H]1CO,-26.33859348196484,466,False,3.237158796413981,0.8911070999251368
C1CCN2C(C1)C3=CC=CC=C3Cc4ccnc(COC(CC)=O)c42,-26.348613378737355,467,False,3.1014476685290884,0.7890610380645547
OCCCN1C(CO)c2cc(OC)ccc2C2=CC=CC=C21,-26.351879300978908,468,False,2.766301153380841,0.8908526929745519
O=[N+]([O-])c1ccc2c(c1)C1=CC=CC=C3CC4=CC=CC=C4C=C1N32,-26.383630444018337,469,False,4.206196637333153,0.5094355236823848
CN1C[C@H]2N3C(C1)c1ccccc3cc1Cc1ccccc12,-26.43003369314829,470,False,5.109319064991665,0.7230444359740548
CN1CCN2C(C1)C3=CC=C[C@@](C)(OCCCCN)C=C3CC4=CC=CC=C42,-26.437856561344237,471,False,4.039349794787324,0.7973316189437863
O1C[C@H]2C3=CC=CC=C4C3CC=CC=C2N41,-26.548039340879768,472,False,6.192745383441451,0.6105223341371996
CN1CCN2C(C1)c1ccnc3c1c(c(C)cc3)CC[C@H]2C,-26.57600550632924,473,False,3.494073665919476,0.7440142657005158
CN(C)CCN1C2Cc3cc(O)ccc3C(=O)C2Cc2ccc(OC)cc21,-26.62395283536173,474,False,3.371285958251481,0.9017700173682728
c1c(Cl)cnc2c1cc1cc[nH]n1c2=O,-26.64511487772694,475,False,3.2620787359774415,0.6272149547181337
CN1CCN2C(C1)C1=C(Cl)C(Cl)=CC=C3Cc4ccccc4C=C3C=C12,-26.66277188289952,476,False,4.3621297851485314,0.6411743133664525
CN1CCN2C(C1)c1c(OC)cc(OC)c3cc4ccc(OC)c4cc3c1O2,-26.70729324198692,477,False,3.431874461735868,0.6915872051866586
CN(C)CCN1C(C)=CC=C2CC3=C(C)CC=CC=C3C12,-26.74285702593625,478,False,4.224480198522324,0.7790740497270767
Brc1cc[n+]2c(c1)C3=CC(Br)=C3Cc4c(O)cccc42,-26.841749991585687,479,False,3.801914175958239,0.6731807594256697
O1CCN2C(C1)-c1ccc3c(c1C2)cc(C)c[n+]3[O-],-26.914907981830765,480,True,3.6394412452131073,0.5314638889021984
CN1CCN2C(C1)C1=CC=CC=C3Cc4ccc(C#N)cc4C=C2N31,-26.94062436947935,481,False,4.099692768634462,0.733130271989462
C1CNN(Cc2ccccc2)C(CCOc2ccccc2)C1,-27.01609529116149,482,False,2.6800991553788425,0.8808096566778219
O1CCN2C(C1)C1=CC=CC=C3CC4=CCCC=C4C=C1C23,-27.02104345706175,483,False,5.612493072522596,0.6774161478671256
c1cc2c(cc1)C1=CC=CC=C3C=C(C(=O)C)[C@@H]3C=CC=CC=C12,-27.108708806307103,484,False,4.271251473301263,0.6946872413371706
CCN1CCN2C(C1)C3/C(O)=C(C)C(=O)C=C3Cc4ccccc42,-27.147922409945764,485,False,3.7099206046425817,0.862523556766323
O=C1N(c2ccccc2)C2=CC=CC=C3CC4=CC=CC=C4C=C2N1C3,-27.166474865622263,486,False,4.6864566622908335,0.6688293760494127
CN1CCN2C(C1)[C@H]1C(=O)C=C[C@H]3c4ccccc4CC=C3C[C@@H]21,-27.170319136930686,487,False,4.3798864363673635,0.6859448854549983
C1CN2C(CC1)Cc1ccc(OC)c3c1C(=O)C=C3OC2,-27.177587508573257,488,False,4.77093937735405,0.7948435048356104
CN1CCN2C(C1)c1c3c(no1)CC(O)=C3CC4=CC=CC=C42,-27.21930216259716,489,False,3.721257998887451,0.8103323331956245
CN1CCN2C(C1)C1=CC=CCC3=C(O)C=CC=CC=C3C21,-27.255814364092657,490,False,4.498378988721674,0.7439928110289494
C1CN2C(C1)C1=CC=CC=C3CC4=CC=CC=C4C=C3[C@H]21,-27.3748211307684,491,False,3.979725797296757,0.6928101897913859
O1CCN2C(C)(C1)c1ccccc1C(F)(F)C=C2,-27.4072722345592,492,False,3.9474822978162503,0.7027005156207707
CN1CCN2C(C1)C(=C)C1=CC=CC[C@]12OC(C=C)=O,-27.42115943459794,493,False,4.555244950278003,0.5629939565059567
Oc1ccc(COc2ccc3[nH]c(=O)ccc3c2)cc1O,-27.449114915712485,494,True,2.05497438966294,0.644960209878737
Nc1c2c(ccc1)-n1c(-c3ccccc3)ncc1C=C2,-27.465373329898316,495,False,2.291878246499651,0.5291187171099418
c1cc(C(c2c(O)cc([N+]([O-])=O)cc2O)=O)ccc1F,-27.47109107482204,496,False,2.134510667186309,0.5092678323758479
OC1Cc2cc(O)c(O)cc2CC1(C)C,-27.52130228864507,497,True,3.276155035877121,0.5672269540596291
c1cc2c(cc1O)C1=CC=CC=C3C=CC=CC[C@@H]3C=C12,-27.6161038500141,498,False,4.307144055074857,0.7188428028799985
CN1CCN2C(C1)c1[nH]ccc1-c1c3c(ccc1OC)cccc3CC1=CC=CC=C21,-27.621815435559256,499,False,3.6798559147564145,0.4664466512179011
CN1CCN2C(C1)C1=CCC3=CC=CC=C3C3=C=CC=CC=C3C21,-27.622772473841906,500,False,4.4765913776972,0.5358642955103581
c1ccccc1C(=N)NN1CCN2C(C1)C3=CC=Cc4ccoc4C=C3CC2=O,-27.679349294812766,501,False,4.205901024114793,0.6146603987392609
CN(CCN1CCC[C@@H]([C@@H]2CCC=C2C)C1)C,-27.730910698883235,502,False,3.3164863960677806,0.6923934767425725
CN1CCN2C(C1)C3=CC=C(N)C2=CC=CC=C3CC4=CC=CC=C4C=C,-27.776177069026744,503,False,5.021220704886212,0.8961826923002693
CN1CCN2C(C1)-c1ccc3cc(O)c(O)cc3c1C=CC1=CC=CC=C21,-27.780342030710017,504,True,3.2213929380828237,0.590627267474656
[N-]=[N+]=Nc1ccc2ncc(Br)cc2c1O,-27.78507154213743,505,True,2.95272982210062,0.4846460526449318
C[N+]1(C)CCN2C(C1)C3CC=CC=C3Cc3cc(Cl)sc3C2=O,-27.912029586965215,506,False,4.5614785516981,0.6575904270337849
CN1CCN2C(C1)c3ccc(Cc4c(F)cc(OC)cc4Cl)cc3CC4=CC=CC=C42,-27.91493661348977,507,False,3.0247078981172617,0.5406435266553223
N1CCN2C(C1)C3=CC=CC=C3C/C(=N\OC)CC=C3CC4=CC=CC=C4C=C32,-27.9239067446033,508,False,4.1348131027159365,0.7510114054336523
n1c(N)nc2oc3nc[nH]c3c2c1,-28.044767862418663,509,False,3.3509846892800805,0.5235896703348342
CN1CCn2c3c1c(c1ccccc1)nn3-c1ccccc1C2,-28.13046988898259,510,False,2.4835519901684044,0.6890826938079356
C1N2CCC3=CC=CC(C3)C2=CC=C1C(=O)c1ccccc1,-28.191258548454694,511,False,4.468195266001979,0.7695747540568922
CN1CCN2C(C1)CC1=Cc3c4ccccc4[nH]c3CC=CC(=O)N12,-28.279568322061092,512,False,4.411386566634959,0.8043421743375385
CN(C)CC1CN2c3ccccc3C2c2ccccc2C=C1,-28.29870298822061,513,False,3.462225863721674,0.8298143058410821
C(CC(=N)CCCc1ccccc1)#N,-28.31614221057862,514,False,2.3772532779998308,0.7059313441420779
N1CCN2C(C1)C1=CC=CC=C3Cc4occc4C=C1CCC32,-28.331044690070485,515,False,5.820544636079536,0.7983002944878782
Cn1c2ccccc2n(S(c2cc(Cl)ccc2N)(=O)=O)c1=O,-28.498985135162,516,False,2.35977951103291,0.7223955084767388
N1CCC2C(C1)CCc1c-2cc2c([nH]1)cc(OC)c2,-28.561573556551597,517,False,3.5428443072022926,0.8229330708780788
CN1CCN2C(C1)c1ccc3c(c1Cc1ccccc12)CCC[C@H]3C(O)=O,-28.58990534237455,518,False,3.4163808352368443,0.8419961472471009
N1(C)CCN2C=C3C4=CC=CC=C3C=C2C=CC=CC=C41,-28.720799030503255,519,False,5.629318171073502,0.667351380520508
C1CN2C(C1)-c1ccc3c(c1CC2)OC(C)(C)S3,-28.754583360212564,520,False,3.545952816437901,0.7077825093734178
CN1CCN2C(C1)c1cccc3c1C1=C2C=CC=C2CC=CC=CC=C2N13,-28.78638180391863,521,False,4.053942686603534,0.6855276062044997
CCCCN1CCN2C(C1)C1=CC=CC=C3CC4=CC=CC=CC=C4N2[C@@H]31,-28.807193547778297,522,False,4.593015006834478,0.7499583335940463
c1cc2c(cc1)[C@@H]1[C@@H](CN(C)C1)C=C[C@@H]2O,-28.824471028056053,523,False,3.815015152304106,0.6684694354676459
CN1CCN2/C(=C1/c1[nH]c3ccc(OC)cc3c1OC)C(=O)c1c-2cccc1,-28.907668447358503,524,False,2.8465802369703557,0.7593147095842263
CN1CCN2C(C1)C1=CC=C[C@@H](Oc3ccccc3)C(=O)/C(=C/c3ccc(C)cc3)C=C12,-28.91888431589635,525,False,4.216186054341528,0.6838570650048662
CN(C)CCCCCN1CCN(C2=CC3=CC=CC=C3C2=O)CC1,-28.92358697785028,526,False,2.335471599976641,0.7193590868688069
CN1CCN2C(C1)C3=Cc4ccccc4C=C3CC4=C(CC(=O)C(=O)OC4)C2=O,-28.99529263989828,527,False,3.487648622653744,0.5086668224794291
CN1CCN2C(C1)c1ccccc1C(=O)O[C@H]2C(Oc1ccccc1)C,-29.0211834087678,528,False,3.534323631302378,0.7947653205803353
CN1CCN2[C@H]([C@H]1c1ccccc1)C1=CC=CC=C1C=CC=C2,-29.024903626414016,529,False,3.382060379056263,0.7765091127677429
CN1CCN2C(C1)C1=C(C(=O)C)C[C@@H]3C=CC=CC=C3CC2=C1,-29.06629367760617,530,False,5.220538492337374,0.7440476756714222
c1cc2c([nH]1)C1=CC=CC=C3CC4=CC=CC=C4C=CC=C3C21,-29.105874678716702,531,False,3.9169010378731257,0.6883626902291166
O1CCN2C(C1)C1=CC=C(Cl)C=C3CC4=CC=CC=C4C=C3C21,-29.109314409725695,532,False,4.208940469554,0.7216120227069246
CN1CCN2C(C[C@H]1c1ccc(OC)cc1)C=C1C2=CC=CC=C1C,-29.167859014242595,533,False,3.8919479734807902,0.8103108552103406
CN1C2=CC(=O)C3CC=CC=C3CC(C)=CC=C21,-29.183885309467428,534,False,4.764373604029727,0.605201816727235
C1CC2=C(C(=O)NC2=O)C(=O)c2c(cc3c(c2)OCO3)C1,-29.191997646990444,535,False,2.726415928124476,0.5651898212655392
CC(C)n1c2c(c3c1OCO3)CC=CC=C1CC=CC=C1O2,-29.20444625195546,536,False,4.334149745413809,0.7833596902495992
c1cc(Br)ccc1CN1CCN2C(C1)C1=CC=C(Cl)C2C1,-29.25735274620844,537,False,4.338357460740339,0.7869701798684244
C1CN2C(C1)C1=CC=CC=C3Cc4c(C)c[n+]([O-])cc4C=C1C=C32,-29.31704592491405,538,False,5.719654098656464,0.5426067931070083
CN1CCN2C(C1)C3=C(C=O)N(CC=C(C)C)C=C3Cc4ccc(O)cc42,-29.32793849207951,539,False,3.736969518587339,0.6692437115515982
c1c(SC)n2c(n1)C1=C(CC3=CC=CC=C1CC3)C2=O,-29.356961719808226,540,False,4.71339641863723,0.7378956676865187
CC1(C)N2C(C1)C1=CC=CC=C3CC4=CC=CC=C4C=C3C21,-29.362508000573143,541,False,4.290303748337059,0.6880332316365841
C[C@@H]1C[C@H]2N(Cc3c2cccc3)CC(=O)C1,-29.378083043928427,542,False,3.251696968505323,0.6625661915675761
CN1CCN2C(C1)C3=CC(CC1=Cc4c(O)cccc4CC1)=CC=C3CC4=CC=CC=C42,-29.38023131110822,543,False,3.3293520473578493,0.6021094263863385
CN1CCN2C(C1C)C3=CC=CC=C3CC4=C[C@H](C(=O)N(C)C)C=C=C42,-29.41179582873769,544,False,4.63466576828868,0.7294165840306746
CN1CCN2C(C1)[C@H]3[C@H]([C@@](C)(CC=C)CC=C3)Cc1c2cccc1,-29.433814937452556,545,False,4.253056154475342,0.7552228818564276
O1Cc2c(ccc3c2cccc3C#C)CC1,-29.445568136652128,546,False,2.6337245800946487,0.6047872340225948
C1CN2C1C1=Cc3c(ccc(Cl)c3)C2CC2=CC=CC=CC=C21,-29.45074430508249,547,False,4.842999537174888,0.6322054411467214
OCc1c(O)cc2c(c1O)C1=CC=CC=C3Cc4c(O)cccc4C=C1C32,-29.538667732744276,548,False,5.068355732067792,0.6229925438791606
O=C(N1CCN2C(C1)C1=CC=CC=C3Cc4ccccc4C/3=C\CC=C12)OCC,-29.559572032363576,549,False,4.1864455429979515,0.7134608028047926
CN1CCn2c(c1)c1c(s2)Cc2cc(OC)cc(C)c12,-29.591861173773395,550,False,3.673424297415729,0.7371298520540001
CN1CCN2C(C1)C1=CC=CC=Cc3cccc(c32)C=C(CC=C)C=C1,-29.60896715682975,551,False,5.068766680347418,0.7093003117553583
C1CN2C(C1)C1=CC=C(Br)C=C3CC4=CC=CC=C4N2C13,-29.684987485696183,552,False,4.19988992349314,0.7049073578667562
C1(=O)C2=CCC[C@@]2(C)CCCC2=CC(=O)C=C12,-29.68575915342592,553,False,3.8925619604522232,0.6385231937412804
CN1CCN2C(C1)C1=CC(O)=CC=C3Cc4ccccc4C=C2C1CC3,-29.702880621377066,554,False,5.447057006651233,0.7712809586292765
C=CCN1CCN2C(C1)C1=CC[C@@]3(C)[C@H](Br)CC=C1CC=CC=C32,-29.718153927796152,555,False,6.024226419456376,0.510926147655637
C1CN2[C@H](CN1Cc1ccc(C)cc1)Cc1cc(C)c(C)cc12,-29.72665596794377,556,False,2.5939519348022824,0.831113729885498
[nH]1cnc2c(C1)C1=CC=CC=C3CC4=CC=CC=C4C=C3C21,-29.737124910694547,557,False,4.305876777756465,0.7736618726612658
CN1CCN2C([C@H]1C)C1=CC[C@@H]3C(C(C)C)=CC2=CC=CC=C31,-29.73850606798078,558,False,6.216782364516693,0.7243924221740968
CN1C(=O)CN2C(C1)C1=CC=C[C@@H]3Cc4c(OC)c(OC)ccc4[C@]21O3,-29.7456131227482,559,False,5.578707009172454,0.8046869159523158
CN1CCN2C(C1)-c1cc3c(c(OC)c4cc(N)ccc4n3)cc1CC2,-29.78318649932044,560,False,3.0755073296137887,0.5413090131790146
C1CN2C(C1CC=C)c1c(=O)oc(O)cc1C2=O,-29.802470781083684,561,False,4.15296547098837,0.8025801562968444
CN1CCN2CC(C1)C1=CC(=O)c3c(cc4c(c3)C=CC=CC=C42)OCCO1,-29.841633854659506,562,False,5.680484365612491,0.6964377863007223
C1C2N(CC1)C1=CC(=O)c3c(ccc4c3CC=CC=C12)C4=O,-29.882092871150405,563,False,5.165554601714238,0.6875340406044607
CN1CCN2C(C1)[C@](CC(C)=C)(Cc1ccccc1)C3=CC=CC=C3CC4=CC=CC=C42,-29.896066996363515,564,False,3.481128144712491,0.486132432061432
CN1CCN2C(C1)c1cccc3c1CC/C=C\CC1=CC=CC1=C32,-29.89886591228424,565,False,5.115309006003634,0.6652813768162217
N1CCN2[C@](C1)(C)C1=C(CCc3ccccc31)COc1c-2cccc1,-29.91958942330893,566,False,3.3757316459733397,0.7969200673553095
C1=C(CCC)CN2CC(c3ccccc3)=CC=CC=CC=C21,-29.994853305644934,567,False,3.5725028778102565,0.7460215794901236
C1CN2c3ccccc3C=CC2C2=C1Cc1c(OC)cccc12,-30.0045077468385,568,False,3.340884246608125,0.7779565898113131
CN1CCN(C)C2=CC(CC)=C(C)C1CCC2=O,-30.008920471649617,569,False,4.87648396447544,0.7105785788012442
N1CCN2C(C1)C3=CC=C3[C@@H](CCCC)c4c(C#N)cccc42,-30.021824669820543,570,False,3.9472585252033543,0.9288576034143188
CN1CCN2C(C1)[C@]1(C)c3cc4c(O)cc(O)cc4cc3C[C@H]1CO2,-30.03962266108283,571,False,4.409931050821427,0.7703058614522399
CN1CCN2C(C1)c1cc3c(cc1C2)[C@H](c1ccc(OC)cc1)OS3(=O)=O,-30.0859379867361,572,False,3.836908238602709,0.7385322199391067
O1CCN2C(C1)C1=CC[C@H]3[C@H](CC[C@H](O)[C@H]3CO)C=CC=C12,-30.0936925940332,573,False,5.123990178637314,0.7700583273749108
CN1CCN2C(C1)/C(=C\CC[C@](C)(O)C=C)CC(=O)C=C2,-30.099079551873743,574,False,4.440134323253559,0.8009760025872321
C1(N2CCC(=O)CC2)c2ncccc2CCC1=O,-30.14942500865078,575,False,3.120319384485237,0.7469313221313185
O1CCN2C(C1Br)C3=CC=CC=C3CC4=C(COc3ccccc3)C=CC=C42,-30.16162209844049,576,False,3.302198049344012,0.5087023749783646
CN1CCN2C(C1)/C(=C/CC=C(/C)c1ccccc1)Cc1c2c(O)ccc1OC,-30.192780978013616,577,False,3.5683266578715385,0.7801788301512409
OC1=Cc2c(cccc2)-c2c(nccc2)CC1=O,-30.32147740386569,578,False,2.707910100548128,0.7660617939530403
O=C(/C=C/c1c2cc(O)ccc2n(C(=O)/C=C/c2ccccc2)c1)OCC,-30.32931123159005,579,False,2.5062436441557043,0.5440407896963924
Cc1cc2c(c(O)c1C)C(=O)C(=O)c1c-2ccc(O)c1O,-30.35530777036917,580,True,2.5682867523003026,0.5100013993717302
CN1CCN(C(Sc2cccc(OC)c2)=O)C(c2ccc(OC)cc2)C1,-30.3739984856677,581,False,2.8558250759755346,0.761550856510489
CN1CC=C2C(C1)C3=C(Cl)c1c3cc2cc(O)cc1,-30.374815834163652,582,False,4.19227118764546,0.7917069226219324
N1C(=O)Cn2c(c1Cc1c(Cl)cccc1F)c1ccccc1c2=O,-30.39020659704421,583,False,2.662272849238887,0.911828738462589
CN1CCN2CC1c1c(cc3c(c1O)-c1cc(OCC)ccc1C3=O)CC=CC=C2,-30.42916382390831,584,True,4.809993682900734,0.7042577875405511
N1CCN2C(C1)C1=CC=CC(=O)C=C3CC4=CC=CC=C4C=C3N21,-30.470089070848204,585,False,4.419027461538379,0.794198535252901
C1NCCN2C1C1=Cc3cc(-c4ccccc4)c(O)cc3CN1CC2,-30.481124837111565,586,False,3.2836004609421545,0.8410550359651309
c1ccccc1CN1CCN2C(C1)/C(=C\c1ccccc1Cl)Sc1cc(C(F)(F)F)ccc12,-30.52262901211924,587,False,3.162104764090758,0.3863615942669159
CN1CCN2C(C1)C3=CC[C@H]4[C@@H]3CC3(O)C=CC=C4N32,-30.53071562218247,588,False,6.344263591547522,0.6642728797172073
CN1C2CCc3[nH]c4ccccc4c3C=C3C=CC=CC=C3C21,-30.541349060513312,589,False,4.606939483469466,0.7212154374269454
CN(C)C1=C(Br)C2=CC=CC=C3CC=CC=CC=C1[C@@H]23,-30.548787665116865,590,False,4.7654879291329895,0.6771943435631635
N1(CC=C)CCN2C(C1)C1=C(C3C=CC=C3CC4=CC=CC=C42)CC=C1,-30.703502466349164,591,False,4.525234317667186,0.7400020754943158
CCCN1C(C)Cn2cc(C=O)c3cc(OC)c(OC)cc3c2=C1C,-30.756275783817003,592,False,3.740096113116068,0.7677124626656964
O1CC2N(C(=O)OC2)Cc2ccc3c(c21)C=CC=CC=C3C,-30.764388175951467,593,False,3.861881235798423,0.7362043793285479
C1CN2[C@@H](CN1CC1CCC3=CC=CC=C31)c1ccccc1CCC2,-30.77620072616264,594,False,3.0173378965577147,0.8193815286328622
N1CCN2C(C1)[C@@]1(C)C3=CC(Cl)=CC=C3CC4=CC=CC=C4C=C12,-30.799622582653228,595,False,3.740844651184276,0.7862270061439239
N1CCN2C(C1)[C@@H]3[C@@](O)(CCC=C3C)C(=O)[C@H]2C,-30.80100811478775,596,False,4.604719431995633,0.6079769690210479
C1CCN2C1[C@]13CC=CC=C2CC1=COC=C3,-30.83791020535864,597,False,5.945732584381785,0.6301801473815958
O(c1cccc2c1CN1C(C2)C2=CC=CC=C2CC(C)=C1)C,-30.842965197927697,598,False,3.1408817165676544,0.7783593643311616
C=CCCN1CCN2C(C1)C1=C(CCCC)C(C)=C1C2=O,-30.848726346564945,599,False,3.588901841286339,0.7009866153631414
CN1CCN2C(C1)C1=C(/C=C/c3ccccc3)C=C1CC(CC)=CC=C2O,-30.8606201585626,600,False,4.335158730895674,0.8468744317727043
n1c(Nc2ccc(OC)cc2)n2c3c1C=Cc1c-3cccc12,-30.8853334832595,601,False,3.13406123301296,0.5383556788075149
CN1CCN2C(C1)C3=C(C(CC)=O)c1cc4c(cc13)OCO[C@H]42,-31.01969992546981,602,False,5.406411943304715,0.8340204975178807
NS(=O)(=O)c1cc2c(o1)-c1cc(Cl)ccc1CCO2,-31.031229899947466,603,False,2.8617406706653004,0.8746576474529258
CC[N+]1(CC)c2c(C)cc(C)nc2Cc2c(OC)cccc21,-31.075956732947816,604,False,3.3231861566823433,0.7884670476388579
CN1C2=CC[C@]3(O1)C1=CC=CC=C2C(=O)c2ccccc2C1=C3,-31.091374525253286,605,False,6.139541532187333,0.7331646291824894
C(OC)(=O)C/C=C1\c2ccccc2-c2[nH]cnc21,-31.112838415942548,606,False,2.8725967869386597,0.6995766849600028
c1ccccc1Cn1cnc2c1c(C)nc(/C=C/C=C/c1ccccc1)c2C,-31.20954976267427,607,False,2.594217113142964,0.4170523256897255
CN(CCN=C(c1cc2c(cc1)CCCC2CC)C)C,-31.21992454913197,608,False,3.091854580596512,0.7425675732176262
CN1CCN2C(C1)[C@@H](O)[C@H]1Cc3c(c(OC)c(OC)c(OC)c3C)C=C[C@H]12,-31.256693840048683,609,False,4.402646890918662,0.8667991732361083
CN1CCN2C(C1)CC/C(=C\C(Nc1ccc(OC)cc1)=O)C=C2c1ccccc1OC,-31.29857885170713,610,False,3.1870333751882045,0.7221649781609973
OCCN1CCC(=C(CC)C#C)C2=CC1=CC=CC=C2C,-31.31304440702661,611,False,4.707940585897987,0.8019539155030914
FCCN1CCN2C(C1)C1=CC=CC=C3CC4=CC=CC=C4C[C@]213,-31.382660291186767,612,False,4.599298132256861,0.8259726267777445
CN1CCN2C(C1)CC[C@@H]1[C@@H]3C=C(C2=O)C[C@H]3CC1,-31.425393072422597,613,False,5.16018494656293,0.6639157660182796
N1(C(OCC)=O)C(=O)c2cc(O)ccc2C3=CC=CC=CC=C31,-31.4685802014796,614,False,3.187346163506378,0.8643678101830835
O=C1N(C)CC[C@]23Oc4ccccc4[C@H]2[C@@H]1O3,-31.477029397632577,615,False,4.58176212189394,0.6713076511256476
c1ccccc1-[n+]1ccn2c(c1)c1ccc3ccn(Cc4ccccc4)c3c1n2,-31.533380427696272,616,False,2.9473116058713575,0.409396699063024
CN1CCNc2c1c1c(c(=O)n(C)cc1Cl)CC[C@H]2C,-31.61161274121514,617,True,4.019531873303803,0.792815869680814
N1CCN2C(C1)C1=CC=CC=C3CC4=C2C/C(=C/c2ccc(OC)cc2)C=CC=C4C=CC=C31,-31.62781856782385,618,False,5.219857863177015,0.6199723554732082
CN1CCN2C(C1)C1=CCN[C@H]3CC=CC=C3CC4=CC=CC=C4N21,-31.71477112514549,619,False,4.751881657705761,0.785905523584282
CN1CCCC(C)(c2cc3c(c(=O)n2C)CCc2c-3cccc2)C1,-31.75849704714369,620,False,3.3794555581672956,0.8057984540477615
C1N(CC)Cc2c(cc3c(c2OCC)-c2cc4c(cc21)OCO4)CCO3,-31.76314660680407,621,False,3.78064888817993,0.8404074327644567
CN1CCn2c1cc1c(c2=O)cc2c(c1)[C@@H](O)[C@H](OC)O2,-31.82825749681342,622,False,3.889327808844533,0.842584005698541
CN1C[C@@H](C2CC2)N2C(C1)C3=CC=CC=C3Cc4c(C)cc(C#C)c(OC)c42,-31.85545056558476,623,False,3.894246516630881,0.7364138108323929
O=C(OC(C)(C)C)N1CCN2C(C1)c3ccc(F)cc3Sc1ccncc12,-31.922754904473564,624,False,3.175753931542805,0.6667605288798806
CN1CCN2CCC1C(=O)c1c(cc3cc(O)c(O)cc3c1O)-c1ccccc1C2,-31.92355155088103,625,True,4.710498044329194,0.4986993137208128
CN1CCN2C(C1)c1cc3c(cc1)O[C@@H](c1ccccc1)C=C(Cl)C=C3CC4=CC=CC=C42,-31.989456381998025,626,False,4.710871016778272,0.4242159358438622
s1ccn2c(c1)N1[C@@H](CO)C=CC=C2CC2=CC=CC=CC=C12,-32.015623673112714,627,False,5.566027250880598,0.7950184856797995
CN1CCN2C(C1)c1ccnc3c1c(CC=C(C)C)ccc3CC=CC=C2,-32.01657355797943,628,False,5.19857577831951,0.7272570129632281
CN1CCN2C(C1)[C@]13CC[C@H]4[C@@H](C3)O[C@H]1[C@H]24,-32.02711997949518,629,False,6.475726668488025,0.5928460812708013
C[N+]1(C)CCN2C(C1)C1=CC=CC=C3CC4=CC=CC=C4C=C1[C@]23O,-32.09134557412472,630,False,5.537389133330662,0.7376553794833572
[nH]1cnc2c(c1)c1c(c(F)ccc1C)c2O,-32.162254894850776,631,False,3.062828475348331,0.6066520047048068
CN1CCN2C(C1)C3=CC=CC=C3C[C@H]4C5[C@@H](O)[C@@H](COC5)C=C42,-32.16868768076529,632,False,5.085390997869322,0.7866910326184193
[nH]1c2[nH]ccc2c(=O)n1COc1cc(OC)c(OC)cc1,-32.22702932902759,633,False,2.7779028512014,0.7489408650035062
N1C(N(C)C)=CC=C(Cc2cc3c(cc2)OC=CO3)C1=O,-32.267180806666715,634,False,3.1637005435090924,0.9391423166412622
C(N(C)C)Cc1cc2c(c(O)c1)C=C1C(=O)OCC=C12,-32.28654094941568,635,False,3.2660767844024265,0.8521789865689342
CN1N2C(CCC1)C1=CC=CC=C3CC4=CC=CC=C4C=C3C12,-32.306478257480194,636,False,4.190254270458977,0.720109423706562
OC1CCN2C(C1)C1=C(CC2)c2ccc(C#CCO)cc2CC1,-32.331882807891816,637,False,3.7074679396694856,0.7201560299281603
Cn1c(Cc2n[nH]cc2)c(N)[nH]c1=S,-32.353540925288144,638,False,3.965627331254268,0.6452431790251705
CN1CC[C@@H]2[C@@](C1)(c1ccc(OC)cc1)/C(=C\C=C\c1ccc(O)cc1)C(=O)C2,-32.37856867168378,639,False,3.60758424918682,0.7964144721439596
C1C2=CC(=O)C=CC=C2CC2=C(OCC=C)C=C[C@H]12,-32.41532112588379,640,False,3.833103622835484,0.7731833695328585
c1ccc(CN2[C@H]3Cn4nccc4C3CCC2)cc1,-32.457209320331515,641,False,3.3159868751606485,0.8201312373478075
N1[C@H](CC(N2CCCCC2)=O)CN2C(C1)[C@H]3C=CC=C3CC4=CC=CC=C42,-32.49854811048272,642,False,3.9300282575228938,0.877595755079311
N(C(CCN1C2=CC=CC=C2Cc2c(cccc2)C1=O)C)=[N+]=[N-],-32.57630014220274,643,True,3.020369417319767,0.4707177940507264
CN1CCN2C(C1)c1c(=O)c3c(oc13)C=CC=C1CC=CC(C1)C2=O,-32.58463257344556,644,False,6.28653871518912,0.6931969185564781
N12CCN3[C@H](C1)C1=C=CC=C4C=C(C=C21)[C@@H]43,-32.70408183377003,645,False,6.389070982414449,0.5521368149805634
O1CCN2C(C1)[C@]13CC=CC[C@H]1C2=CC=C1CC4=CC=CC=C1N43,-32.803828195435926,646,False,6.331992001233091,0.6376352879462507
CN1CCN2C(C1)/C(=C/c1sccc1C)CCC1=CC=CC=C3CC4=CC=CC=C4C=C3C12,-32.826181522905244,647,False,4.328199420291483,0.5023121534066576
C[n+]1cc2c(cc1)-c1c3c(ccc4c3C(=O)c3c-4cccc3)[nH]c1CC2,-32.98271353614521,648,True,2.9560043882490863,0.4265867836878766
N1CCN2C(C1)[C@@H](c1cccs1)c1cc3ccccc3[nH]c1=S2,-33.02246928171553,649,False,4.447762513622464,0.5494459107669843
CN1CC[C@]2(C[C@@]1(O)C)c1c(oc(C)c1C)CC2,-33.08599292347208,650,False,4.729060014435202,0.7672915765464249
CN1CCN2C(C1)[C@@H]1[C@H](C)C(=O)C=Cc3cc4ccccc4n3[C@@H]1O2,-33.1077758352767,651,False,4.542261626795744,0.7404136032336036
N1CC2N(C(C1)C1=CC(=O)C=CC=C3C=C1CC=CC=C32)C1CCC1,-33.19619368013812,652,False,6.096076913292386,0.8010810117727581
CN1CCN2C(C1)C3=CC=CC(=O)c4cccc(-c5ccc(Cl)cc5Cl)c4C3CC2=O,-33.21763831120201,653,False,3.6707537625848663,0.6125159253497169
O=C1C[C@@H]2c3ccccc3C(O)=C[C@H]2N1CC=C,-33.22167440367775,654,False,3.773823136146741,0.807956462347694
CCn1ccc2c(C1)C3=CC(CO)=CC=C3Cc4cc(F)c(F)cc42,-33.226123566587376,655,False,3.1205194918646164,0.8895609848349801
N1CCN2C(C1)/C(=C\C(OCC)=O)C(=O)/C(=C/c1ccc(O)cc1)C=C2Br,-33.35049675534572,656,True,3.680196644093412,0.4331282813509984
CN1CCN2C(C1)/C(=C/CC)C=C1N(C)Cc3ccccc3C(=O)C12,-33.362385008425946,657,False,4.032216743794983,0.7868036831716223
O([C@H](C)c1cccc2nc3n(c12)C=CC=C3C)C,-33.38321278285139,658,False,2.8873094471375165,0.6849774440471216
C(c1nc(N2CCCC2)c(Cl)n1CC=C)=C,-33.38482203337571,659,False,3.1224161676560236,0.751157633660348
CN1CCN2C(C1)C(=C)C(=O)C=C1C2=Cc2ccc(C(NCCCN(C)C)=O)cc21,-33.405087063114536,660,False,3.5964891915696375,0.597634255992635
N1(c2ccccc2)OC(C)=C2CC=CC=C2N2CC=CC=CC=C12,-33.43549204385852,661,False,3.737783833242455,0.7926396510091657
CCCOC(OC)(C1C2CC=CC=C2CC2=CC=CC=C21)C,-33.48321064733318,662,False,4.194969059465034,0.7385792024306104
C1CCN2C(C1)C1=CC=CC=C3C[C@H]1[C@@]31C=C=CC=[N+]12,-33.61308571061818,663,False,6.769514437761353,0.4809752290927179
C[N+]1(C)C[C@@H](O)CC[C@]2(C)c3cc(O)c(OC)cc3C[C@@H]12,-33.62722754042625,664,False,4.100252191420684,0.7762954328772208
CN1CCN2C(C1)CC1=CC=CC=C3C[C@]25CC[C@@H](O1)[C@H]3O5,-33.62800500361482,665,False,6.959200753636461,0.6834689370237023
N1CCN2CC1c1c(cccc1OC)Cc1c2c(/C=C\Cl)ccc1OC,-33.63340466073328,666,False,4.143645682302552,0.8859992449738572
c1cc2c(cc1)C1=CC=CC=C2CC2=C(Cl)C=CC=C3CC=CC=C3C12,-33.672855651180896,667,False,4.821135616368486,0.4740452399220089
CS(=O)(=O)N1CCN2C[C@@H](C1)c1c(c(OC)cc3ccccc31)C2,-33.68224902491103,668,False,3.982735554616413,0.8348006456361564
CN1CCN2[C@@](C1)(C#CCn1cnc3c1csc3C)c1ccccc1-2,-33.69377863556292,669,False,3.962991398771449,0.6318582910325408
C1N2C=C(SC)C(=O)CC[C@H]2C2=CC=CC=C12,-33.719213071279285,670,False,3.4997668270142324,0.757965339248449
CN1CCN2C(C1)/C(=C/c1cc(O)cc(O)c1)C1=CC=CC=C3C[C@H]4CC=CC=C[C@@]42C31,-33.74335584032815,671,False,5.399051568698667,0.6977686175500776
N1CCN2C(C1)C1=C[C@@H]3c4c(cccc4)-c4ccccc4N=C3C[C@@H]2CC1,-33.75013041491911,672,False,4.687566661493707,0.714079093615221
CN1CCN2C(C1)C1=C(c3cc(F)c(F)cc3)CCc3c(OC)cccc3[C@@H]1O2,-33.80602791981801,673,False,3.806710291818886,0.7642424460022129
CN1CCN2C(C1)C(=O)C1=CC=C[C@@H]3CC4=CC=C=CC=C4C[C@@H]3[C@@H]21,-33.85408810840465,674,False,5.346969872317347,0.6373296162420228
c1cc2c(cc1)[C@@H]1[C@H](c3ccccc3[S+](C)[O-])[C@@H]1O2,-33.98245862001028,675,False,4.228864474003759,0.7855532876092202
CN([C@@H]1C2=C(CC(=O)O1)C1=CC=CCC2=CC1=O)C,-33.98512664450402,676,False,4.984382605158764,0.6680449134802892
C[N+]1(C)CCN2C(C1)C1=CC=C[C@H]3CC4C=CC(=C)C=C4[C@]23O1,-34.01327063055942,677,False,6.768334936851408,0.6378993140976089
C1N2C(C1)C(/C=C/c1ccccc1)C=CC=C2OC(C)C,-34.137761311782015,678,False,3.858002684344136,0.8187495126893561
CN1CC(OC(C)(CC)CC(C)(C)C)Nc2c1cccc2,-34.18445936917124,679,False,3.795459284861824,0.8835509258730663
C(N1CCNC(c2ccccc2C)C1=O)COc1cc2c(cc1)C=CC=CC=C2,-34.265832619168464,680,False,3.353598580675879,0.8396195685888104
Cc1nc2cc3c([nH]1)C1=CC=CC=C4CC=CC=CC=C4N1C3=N2,-34.28082363214344,681,False,4.278365158845629,0.5407380229132172
CN1CCN2C(C1)[C@H]1[C@H]3C=C(CO)C=C3C3=CC=CC=C3C[C@H]12,-34.3065964221023,682,False,4.390237620538976,0.8567363557248302
N1CCN2C(C1)c1cccc(C(F)(F)F)c1C/C(=N\OC)C=C1/CC=CC=C21,-34.45773846469905,683,False,4.41649695573215,0.7385375788327659
N1CCN2C(C1)C1=CC=CC=C3C[C@@]4(O)[C@@H](OC(C)=O)C=C=C4N2[C@]13O,-34.48603721898712,684,False,5.545632447650331,0.4406652864262953
C(N)CCc1c2cc(OC)ccc2nc2c1-c1cccnc1CC2=O,-34.504480597066504,685,False,2.779853159253566,0.794051192313557
O=C(O)c1c(CC2C=CC=CC=C2CCOC)cccc1OC,-34.517982780933835,686,False,3.386097045076625,0.8345675828957365
N1(c2ccccc2C)CCN2C(C1)C3=CC=C[C@H]4N(CCc5ccccc53)CC=CC=C42,-34.53411742874812,687,False,5.421360758728582,0.6536922984700348
C1CCN2C(C1)c1cccc3c1CC1=CC=CC=C3CC2=CC=CC=C1O,-34.54047873313539,688,False,5.546854774465711,0.6228334271294342
c1(N2C(C)C3=CC(=C)C=C3CC3C=C32)ccccc1,-34.54946429414855,689,False,4.210771799709784,0.7178162332120124
C1CCN2C(C1)c1c(C)ncc2cc(C#Cc2cc3c(cc2)OCO3)c1,-34.5575467102567,690,False,4.583463688296558,0.6714340937843538
CN1CCN2C(C1)C1CC=CC=C3Cc4cccnc4C=C3c3nc1[nH]c32,-34.574081911292524,691,False,5.710138258054092,0.7873998836479131
O1CCN2C(C1)C1=CC(CCl)=C3CC(C3)C2=CC1=O,-34.582789162878726,692,False,5.763282783674645,0.6871772301759258
N1CCN2[C@@H](C1)C1(COC)OC3=CC=C1C=C32,-34.62773849227233,693,False,4.98116863284073,0.8140993389477298
CN1C(=O)CN2C(C1)C3[C@H](OC(=O)c1cc(Cl)ccc1)C=CC3CC4=CC=CC=C42,-34.716810390935294,694,False,3.9462695306918194,0.5480812021742082
C=CCN1CCN2C(C1)[C@H]1[C@@H](O)C=C3C[C@H]4CC=CC=C4C[C@@H]1O[C@@]32OC,-34.77804803750769,695,False,6.314972839814143,0.7708909753212768
c1c(=O)[nH]c2occ(COc3ccc(C(C)(C)C)cc3)c2c1O,-34.78422786967735,696,False,2.6817626095122957,0.7727626388725056
CN1CCN2C(C1)C3=C2C=C[C@@H]2[C@@H]1CC=C1[C@@]32O,-34.86592835310148,697,False,4.8197238935340945,0.6349644557855878
Cn1c(-c2cc3c(cc2)N=C(C)/N(C)CC3=O)cccc1=O,-34.87176304159314,698,False,2.945317808636945,0.8104125805142743
c1ccccc1C1N2/C(=C/c3ccccc3)C(c3ccccc31)CCCC2,-34.89833071460004,699,False,3.707788239865121,0.5161583972672009
N1CCN2C(C1)C1=CC(C)=C3C=CC(=O)c4c(cccc4)[C@@H]1C[C@H]32,-34.925204396910004,700,False,5.653303341433132,0.7982209023425443
Oc1ccccc1/C=C/C1(C)Cc2c(c(C)c(O)cc2O)CC1,-34.9856584605259,701,False,3.5081901996624225,0.7738850732283687
N1CCN2C(C1)C(N1CC=CC=CC[C@@H]1C)=CC=C2C(=O)C=C,-35.05147619319314,702,False,4.574768503284974,0.8088710713103812
N1CC[C@@H]2C3=C[C@H]4O[C@H]2C=CC=C4C=C3CC4=CC=CC=C41,-35.07155167622841,703,False,5.719879970524809,0.784320918759672
C1N2C(CC1)C1=C(Br)C(=O)C=C(CC=C12)OC(C)(C)C,-35.07924640237755,704,True,4.049293551625482,0.7306397484949336
CN1CCN2C(C1)[C@@H]3COC(=O)C=C3C=CC=CC=C4C=C=C42,-35.152949029288735,705,False,5.232247933665766,0.5046151530441779
CN1CCN(C)[C@@H]2[C@H]1c1cnc3c(noc3-c3ccccc3)c1CC2,-35.20081007380577,706,False,3.6901228154196737,0.6840845898487864
CN1CCN2C(C1)C3=C(C(=O)C=CC=C3C4=C(C)CO4)C2,-35.28320415655618,707,False,3.6790105375053743,0.7842160184648563
O=C(O)C(N1CCN2C(C1)c1ccccc1N(Cc1ccccc1)C(=O)N2)=O,-35.28759188270857,708,False,3.1671135001974076,0.7723109217112699
C(O)(C)C1=CC2CC=CC=C3C=C1c1c(OC)cccc1C=C23,-35.29025986758643,709,False,5.1957143834145665,0.8824923048475407
CN1CCN2C(C1)C3=CC=CC=C3c3c4sccc4c(Br)c4ccc(O)cc4cc32,-35.35283130727521,710,False,3.761556944506357,0.533022104669394
c1cc2c(nc1CN1CCCCC1)C1=CC=C3Cc4c1cccc4C=CC(=O)N=C32,-35.363535335578575,711,False,4.544778059670858,0.7625695212725981
C1N2C(C[C@H]1C)C1=CC=CC=C3C(=O)C(Br)=C(OC)C=C3C=C21,-35.48806467985247,712,True,5.041500202499115,0.7017989395548553
O1CCN2C(C1)C1=CC=C[C@@H]3[C@]4(CC[C-]=C4C=CC=C12)O3,-35.529573710344266,713,False,6.3552427172964165,0.5026551336893601
C1C(N2C(CC)C3=CC=CC=C3CC(=C(C(OC)=O)C=C)C4=CC=CC=C42)C1=O,-35.541741673433535,714,False,3.790123410962126,0.5657039109537875
C1CN2C(C[C@]1([C@@H](C)CC=C)Cc1ccccc1)CC=C2C,-35.57598933621557,715,False,4.191797630893605,0.6748544915501065
Cn1c(Cl)cc2c(c1=O)C[C@H]1C=CC[C@@H]3CC4=CC=CC=C4[C@@]321,-35.59404029139591,716,False,4.6969636710465945,0.5358247343944501
O[C@H]1CCN2[C@](C1)(O)[C@H](OCC=C(C)C)Cc1ccccc1C2=O,-35.65876846955507,717,False,3.981551230558931,0.8299150012056877
CN1CCN2C(C1)C1=C(C(Cl)CCl)C=CC=C3CC4=CC=CC=C4C123,-35.67789049607383,718,False,4.983408525857795,0.7297071261315631
C1N2C(C3=CC=CC=C3C=C2)=C(C(OC)=O)c2c1ccc1c2OCO1,-35.75282165828685,719,False,3.0030567156286967,0.7498770964517296
N1CCN2C(C1)C3=CC=CC=C3C[C@]45c6c([N+]([O-])=O)cccc6CC=CC=C5C=C42,-35.80993399664203,720,False,4.561156708094565,0.584344550762739
CN1CCN2C(C1)C1=CC(OC)CC3=CC=CC=C4CC=CC=C4C=C1C32,-35.827392130944645,721,False,6.262700750220068,0.7110274538397583
O=S(=O)(N1CCN2C(C1)C3=CC[C@](C)(C=C)[C@H]3CC4=CC=CC=C42)c1cccc(Br)c1,-35.828992429788514,722,False,3.920285195091465,0.5571205167459342
O1CCN2C(C1)C1=CC=CC=C3CC4=CC=CN(S(C)(=O)=O)C=C4C=C3C12,-35.8355159380593,723,False,4.8667175216273755,0.6989445755037765
CN1CCN2C(C1)[C@@H]1[C@H](O)C=C3C[C@H]4C(=C[C@@H]1OC(=O)C)C=CC=C4C=C32,-35.86253137678432,724,False,6.331137105696727,0.7173844572230154
C1N2C[C@@H](C)[C@]3([C@H]1CC=C2CC1=CC=CC=C13)C,-35.86451587523334,725,False,5.087261396319558,0.6708143942491572
O[C@H]1[C@H](O)[C@H](n2c3ccncc3nc2)O[C@H](CN2CC=CC=C2)[C@@H]1O,-35.869330015238006,726,False,4.3575337367078415,0.7081030141198502
CN1CCN2C(C1)[C@@H]1C[C@]3(CCCCc4c3ccn4CCC1)[C@@H]2O,-35.90484074689448,727,False,6.384740023792224,0.791752335985736
O=C(OC)[C@@H]1CCN2C(=C1)C1=CC=CC=C3CC4=CC=CC=C4C=C3N2C1,-35.93802231326117,728,False,5.2350160610393095,0.7181611018652444
C1CCCN2C13Cc1c(-c4ccoc4)c(C#N)c(O)cc1C23,-36.03701280918909,729,False,4.802810454560217,0.818720705850703
CN1CCN2C(C1)C3=C(OC[C@H]1OC(C)=O)/C(=C\c1ccccc1)C=CC=C1CC=C3CC4=CC=CC=C42,-36.03783591507533,730,False,5.876288746470876,0.4792879438383781
CN1CCN2C(C1)C1=CC=CC=C3C[C@@H]4[C@H](C[C@@H]4Oc4cc(O)cc(O)c41)[C@H]32,-36.16720529876329,731,False,6.209010130663948,0.7271149315627337
n1ccn2cc(Cl)cc3nc4c(F)ncc4c-3c2c1,-36.17666701506829,732,False,3.2021532791888534,0.4938660988005344
c1nc2n(n1)/C(=C\c1oc(C)nc1C)CCc1ccc(O)cc1-2,-36.22962885507701,733,False,3.335888024722085,0.7467152871954363
C(CN1C(C2=CC=CC[C@H]3N(C)C2=O)=CC=C13)CCC=C,-36.255933140769685,734,False,4.789545928124477,0.5968914909581623
C1CCN2C(C1)C1=CC=CC=C3CC4=C=CS2(=O)=CC=C4C=C13,-36.28780506367914,735,True,6.613858958330175,0.4931138102778487
CN(C)[C@@H]1CN2[C@H]([C@@H]1C)C1=CC=CC(=O)O[C@@H]1Cc1ccoc12,-36.30120619622177,736,False,4.847313625131397,0.7420394177034325
CN1[C@H]2Cc3c(cnc(Cl)c3/C1=N\NC(C)=O)CC=C2,-36.31092508044097,737,False,4.851695548669889,0.4843907496666239
CCn1nncc1COc1cc2c(cc1)C=CC=C1C2=CC=CC2=CC=CC=C21,-36.34228553979369,738,False,3.148053114723372,0.6094602953220709
C1CN2C(C1)C1=CC(=O)c3cc4c(cc3C1)-c1cc3cc4c(cc12)OCO3,-36.38842631243466,739,False,6.181469970280968,0.71094472388343
C1CN2C(C1)[C@]1(OC)C(=O)c3c(cc(OC)c(OC)c3OC)CC1C[C@@H]2C,-36.38902654451528,740,False,4.226673352457124,0.8065601688013168
CN1CC2(CCC1)c1c(cc(OC)c(OC)c1)CCc1n2Cc2ncccc2c1,-36.39152611940517,741,False,4.098460623799502,0.7780268973057334
CCCCn1c(C)nnc1Sc1cc2c(cc1)oc1cc3ccccc3cc1c2=O,-36.40400857589117,742,False,2.536460239634742,0.3319609881774642
CN1CC2(CC1)C1=CC=CC=C3CC4=C(CC1=O)C=C(OC)C=C[C@@]24O3,-36.4090418486112,743,False,7.07435111791811,0.7286153655274018
C1=CCN2[C@H](C1)C3c1cc(O)c(O)c(OC)c1CC4=CC=CC=C4C32,-36.44440980485524,744,True,4.123382378015361,0.6187685558544896
C1C(N2CCC3=CC=C[C@@H](O)C=C3CC4=CC=CC=C42)CCC1c1ccc(Cl)cc1,-36.45276129995909,745,False,3.8009803494020824,0.6271488398015291
CN1CCN2C(C1)C1=C[C@H](Br)C=C3CC4=CC(OC)=CC=C4C=C3C=C12,-36.52576097389101,746,False,4.316309995998578,0.6546973080311927
n1[nH]c2c(c1C)c1c(cc2)C[C@@H](CCC#N)N1,-36.54590789880615,747,False,3.624543279133542,0.8265211978052601
C1CCN2C(C1)Cc1c(cc(O)cc1Cl)-c1ccc(OC)cc1C2c1cc(O)c(O)cc1,-36.57236421157632,748,True,3.4646430739519865,0.4400434487601057
C1C[C@H]2N3C(C1)C1=CC=C[C@@H]3CC3=COC(=O)C=C3C=C12,-36.612639021652285,749,False,5.901707293220188,0.7318554536509413
CC(C)N1CCN2C(C1)C1=CC=CC=C3CC4=Cc5ccccc5C=C4O[C@H]1C23,-36.624784586791066,750,False,5.140151521852349,0.7273069615770037
CCN1c2c3c(ccc2)C2=CC(=C=C1)C=CC=CC=C32,-36.62539812241482,751,False,5.562794913126219,0.670769302267343
O1CCN2C1[C@H]1c3ccccc3Cc3c(c(O)ccc3OC)[C@@]13CC=CC=CC=C32,-36.728628471591946,752,False,4.7165437350067565,0.7719261152947028
O=C1N(C)C(c2ccccc2F)(c2ccccc2)Nc2nncn21,-36.79914801027829,753,False,3.394603433437805,0.7873709863136097
N1CCN2C(C1)C1=C(O)C=CC=C3CC4=CC=CC=C4[C@](C)(C32)C1,-36.834016252953006,754,False,5.507089688118176,0.7714797912339112
CN1C(C)=C[C@H]2[C@@H]3C1=C[C@@H](Sc1ccccc1)C=C3CC4=CC=CC=C42,-36.90382350490109,755,False,4.246600003772015,0.6271496332528733
N1C(=O)CN2C(=C1)C1=CC=CC=C3CC4=CC=CC=C4C=C3C(=O)C=C21,-36.9322825993661,756,False,4.1073645441886875,0.7900405142135094
C1[C@@H](CO)N2[C@@](C)(C1)C1=CC=CC=C3C(CC4=CC=CC=C42)C1=C3,-36.93776591319329,757,False,5.4062662045797065,0.8478290875972204
CN1CCN2C(C1)C1=CC(Br)=CC=C3CC4=CC=CC=C4C=C4C=C=CC=C4C123,-37.03126577143121,758,False,5.312920679970976,0.5323806262663973
C(NC(c1c2c(cc(Cl)cc2)[nH]c1)(C(C)C)C)C,-37.0878217102436,759,False,3.203684587963079,0.8465709086595418
CN1CCN2C(C1)c1c(cc(OC)cc1)-c1cc3ccc(OC)cc3cc1C2C(=N)OC(C)(C)C,-37.09982776353718,760,False,3.7017147639867254,0.3929525085623372
CN1CCN2C(C1)CC=Cc1c2c(OCC)c2c(c1Cl)C(=O)c1ccc3ccccc3c1-2,-37.12474968847721,761,False,3.5130561176631225,0.4002272062573336
CN1CCN2C(C1)C1=CC=C[C@H](OC)[C@]3(OC)[C@@H]2[C@H]([C@H]1C=C)O3,-37.16655555338366,762,False,6.615453035478781,0.726539352687254
C[C@@H](N1CCN([C@H]2C[N+]([O-])=O)C2)CS1(=O)=O,-37.19013627735848,763,False,4.713958910568087,0.3536673225974324
CN(CCN1C[C@@H]2c3nc4ccccc4nc3-c3c2cccc3)c2ccccc2CC1,-37.22011844888039,764,False,2.957102259471588,0.4814635419824229
c1cc(CN2CCN=S2(=O)Nc2c3ccccc3[nH]c2)ccc1Cl,-37.23321662202949,765,False,3.495904446337949,0.7241113302156557
CN1CCN2C(C1)C1=CC(=COC)[C@@H]3C[C@@H]4OCC=CC=C4C[C@@]132,-37.28789789216535,766,False,5.662969946847161,0.6892826349347968
C[n+]1c2n(nc1Cc1ccccc1)[C@]13CC=CC=C1[C@H](O2)C=CC=C3,-37.3992283210323,767,False,5.2827236089138365,0.7929911755573644
c1cc(-c2c[nH]c3c2c(-c2cccc(OC(F)(F)F)c2)cs3)ccc1N,-37.45118004226039,768,False,2.6050951859293576,0.4293403734276856
C=CCN1C2C=C3[C@@H](CCC1=C)C=CC[C@@H]3CC4=CC=CC=C42,-37.47798368992517,769,False,5.105807950624161,0.678901099454351
CN1CCN2C(C1)/C(=C/c1ccccc1)C1=CC=CC=C2C[C@@]2(C)O[C@H](CO)[C@@]12O,-37.577149207190814,770,False,5.744688614407276,0.7897810903016372
O1CCN2CCOC3=CC=CC=C3C2C=C2CC=C(Br)C=C21,-37.58856276672486,771,False,3.718871635206707,0.6995390667217111
CN1CCN2C(C1)c1sc(C#N)cc1Cc1cc(OCCn3cnc4c(N)ncnc34)ccc12,-37.62241001274606,772,True,3.686121925580137,0.4829555237743791
n1cc2c(o1)c1c(o2)[C@@H]2C=CC=C[C@H]2N(C)C1=O,-37.63783515685645,773,False,4.591072370396654,0.7092772869156673
CN1CCN2C(C1)C1=CC=CC=C3Cc4cc(OC)ccc4C=C2[C@@]23[C@@H](OC)C[C@H]1N2C,-37.65050412759956,774,False,6.450827978565384,0.7176783341489168
CC(=O)N1CCN2C(C1)/C(=C/c1ccc(OC)c(OC)c1)COC(=O)/C=C2\CC=C\C,-37.682734092850765,775,False,3.6414561113917823,0.5326282845253942
O1CCN2C(C1)c1cccc3c1c(c1)C(C)=CC[C@H]3[C@@H]2[C@H]1C,-37.74914539605379,776,False,5.667760120517908,0.7188931343609398
O1[C@@H]2[C@@H]1Cc1cnc3c(c1-3)-c1cnccc12,-37.76056542831793,777,False,3.965011558806326,0.5309831693194855
CN1CCN2C(C1)C1=C(CNC)[C@@H](OC)C=C3C=CC=CC=C3C(=O)C=C12,-37.82530155929277,778,False,4.984934386445145,0.8230094307422997
C[N+]1(C)[C@@H]2[C@@H](C1)C1=CC=CC=C3CC4=CC=CC=C4C=C3C2=[N+]1[O-],-37.85523566560733,779,False,5.8739365401531245,0.4102196353765078
c1cc(CC(OCC)=O)ccc1CN1CCN2C(C1)C1=CC=CC=C3Cc4ccccc4C=C3[C@@H]21,-37.915268432842765,780,False,3.819058503603558,0.5996229506300971
C1N(N)CC=C1C1=CCC2=CC=CC=C1CC=CC=C2,-37.956683335709386,781,False,5.233008400225113,0.735839910296636
CN(C)C1CN2C(C1)c1c(cccc1)Cc1c2cc2cc(CCCC)cn2c1,-37.96763305574859,782,False,3.8540797093172383,0.6323716935365596
CN1CCN2C(C1)[C@@H](CC[C@H]1[C@@H]3C(=C1)OC(=O)N3)CC2,-38.00514604058117,783,False,4.6554079499362695,0.8365357298638385
C(N1CCN2C(C1)C1CC=C(C)C(=O)O1)[C@@]2(C#CC)C,-38.07235649918493,784,False,5.718578274985026,0.5280352459109584
CN1Cc2c3c(c1OC)C=CC[C@H]3CC1=C2[C@H]2O[C@H]21,-38.07936654067453,785,False,5.0134492112373605,0.6711547265264162
N1(NC(c2cc(O)c(OC)c(OC)c2)=O)CC=Cc2cccc(C)c2CC1,-38.11354973280311,786,False,2.753849241190249,0.8682886596901006
O1CCN2C(C1)C1=CC=CC=C3C=CC=CC=C4C=C1C(OC)=C=C4C23,-38.120913029124495,787,False,6.529176408607976,0.6799437309236348
c1c2c(ccn1)/C(=C\c1ccc(O)cc1)CN1CC=CC=C3Cc4cc(O)ccc4[C@]31C2,-38.13537014965192,788,False,4.282190142827126,0.5915705999518378
CN1CCN2C[C@@]13CC=CC=C2C[C@@]12O[C@H]2C(=CC=C2)C3=CC=CC=C21,-38.1398632262717,789,False,6.850528834060731,0.6287337321041352
C(C(O)c1c(C)[n+]2c(cc1C)ccc(OC)c2)C(C)=O,-38.21095760248386,790,False,3.783741943233872,0.8682796958740809
CN1CCN2C(C1)-c1cccc3c1CC(=O)CC3=C2C(C3C=CC3)=O,-38.253199352009744,791,False,4.993006630622103,0.7787493936456672
Cn1nc(C)c2c1C1=CC=CC=C3Cc4ccc(O)cc4N=C4C=C(C=CC=C42)[C@H]31,-38.25853444947643,792,False,5.6999930187769134,0.6749996799387987
O=S1(=O)N2C(C(=O)C)C3=C/C=C/c4c(cccc4)C(=O)C=C3C(=O)C=C12,-38.28047762194268,793,False,4.44602986207161,0.7061416230519528
CN1CCN2C(C1)C1=CC=CC=C3C=C4[C@@H](OS(=O)(=O)N[C@@H]4C[C@H]32)[C@@H]1C,-38.3092665008881,794,False,6.9625877109131675,0.6838171182358443
C1CN2C(C1)C1=CC=CC=C3CC4=CC=CC(=O)N=C4C=C3/C1=C\CC2,-38.31221896765061,795,False,4.0786430498935085,0.7222154426242876
O1CCN2C(C1CNS(c1ccc(Cl)cc1)(=O)=O)CCc1c(C#N)cccc12,-38.33417668258279,796,False,3.3933717819668106,0.8265464488338962
CCCN(CC#C)C1=CC=CC=C2Cc3cc4c(cc3C12)O[C@@H](C)[C@H]4F,-38.34745101386216,797,False,4.79598594315269,0.7211304941492485
C1CN2CC(C1)C1=CC=CC=C3C/C(=C\COCC)C=C3CC4=CC=CC=C4C=C21,-38.36751033592736,798,False,5.164294219573364,0.5791230594474743
N1CCN2C(C1)c1cc(OC)ccc1Cc1c2C=CC=C2C1=CC(CC=C2C)C,-38.40848566030036,799,False,4.2472185269572424,0.7458908906039623
CN1CCN2C(C1)[C@H](C)[C@]1(c3conc3)CC[C@H]3C(C)=CC=C1[C@@H]32,-38.560651810548734,800,False,6.05345019346808,0.7947181180356224
c1cnc2c(c1)-c1cccc3c1CC=C3CCN3C(=O)CO[C@@H]32,-38.72366618504029,801,False,4.897798726246133,0.751291956718654
C1CN2C(C1)C3=C/CC=C3CC4=C/C(=C\C(=O)OC(c5ccccc5)=C)C=CC=C42,-38.79710604354116,802,False,4.178384970790416,0.3772569623741083
C1N2C(CC1)C1=CC=CC=C3CC4=Cc5cc(Cl)c(OC)cc5C=C4C=C1OC23,-38.85120680285047,803,False,5.47995252316716,0.6144073612624983
CN1CCN2C(C1)([N+]1(C)CCCc3c1cc(C#N)cc3)CCCC2,-38.96303363936039,804,False,4.270169925909551,0.7435749375437846
C1NCCN2CC1[C@]13[C@H](Br)C=CC=C2C[C@H]1C=C=CC=C3,-39.11233467296324,805,False,6.56626154807236,0.5363712914062841
CN1CCN2CCC1=CC=C[C@@H]1[C@]3(C)C[C@@H](OC[C@H]23)O1,-39.14929630170809,806,False,6.508479595657385,0.6707718606456917
CN1CCN2C(C1)/C(=N\O)C=C1/c3oc(-c4ccccc4)cc3C(/C=C\c3ccccc3OC)=C12,-39.23071146444636,807,False,3.791186816966605,0.4220029979413174
Brc1n2c(cn1)C1=CC=CC=C3C=C4CC=CC=C(Br)C=C4C=C3C12,-39.34293890502164,808,False,4.670175171163439,0.5853072292902896
CN1CCN2[C@@H]3[C@H]1C[C@]1(C)[C@](O)(C=C)CC3=C[C@@H]21,-39.37933984886695,809,False,6.409838751158238,0.6995979029950339
c1cc[n+]2c(c1[C@H]1c3c(ccc(O)c3)CC3=CC=CC=C13)OC(C)=C2,-39.41224495256034,810,False,3.585990977275137,0.4701224054167907
CN1CCc2c(c1)Cc1ccc3ccc(O)cc3c1CC1=CC=CC=C1-n1c2cccc1,-39.517500059679264,811,False,3.809692800222006,0.4809809209364831
CN(C)CC1C2C=CC=CC(C)=C2c2ccccc2/C1=C/c1cc(OC)c(OC)cc1,-39.55065375556296,812,False,3.66646617517228,0.6043820927611763
c1cc2c(cc1)C1=CC=CC=C3CC4C(OC)OC=CC=C4/C=C\3[C@@H]21,-39.58193757582927,813,False,4.526854467412449,0.7178220729525678
N1CCN2C(C1)c1c(=O)c[n+]([O-])c(-c3ccccc3C=O)c(C(F)(F)F)c12,-39.78655260742264,814,False,3.9299004173727647,0.4892980978577245
CN1CCN2[C@H](C1)C1=CC=CC=C3CC4=CC(OC(OCC)=O)=CC=C4C=C3C21,-39.81999306826037,815,False,4.123166878605593,0.5703692161917632
Fc1ccccc1-c1cn2c(NCc3ccccc3)nc3c2cccc3Cc2cnccc21,-39.88373410772681,816,False,4.2915220501076945,0.3642138218296874
COC(C1/C(=C/C)CC2=C(C1=O)C=CC=C1CC(C)=CC=C21)=O,-39.95819541458059,817,False,4.2773700073547305,0.4206532262529889
CN1CCN2C(C1)C(=C(C)C=C)c1c(OC)c3c(cc1)C[C@H](c1ccccc1)N2C3=O,-40.00203905193485,818,False,4.878775289038968,0.7609136073555774
CN(Cc1ccccc1)Cc1cccc2c1C1=CCCCC1OC(C)=CC=C2,-40.07699325328531,819,False,3.8057035551692984,0.6341103388590842
CN(C)CCN1C(=O)c2c(ccc3c2cccc3)CCC(C)=C(S(=O)(=O)C)C1=O,-40.13637203985149,820,False,3.1898470576791436,0.7192829021698304
Clc1c(N=[N+]=[N-])c2n(c1)c1c(c2=O)Oc2c([nH]1)ccc(O)c2,-40.346544457624105,821,True,3.872430056938617,0.3179335063941898
CN1CCN2C(C1)C1Cc3c(c(O)c1)C1=CC=C(O)C=C1C=C23,-40.37272752530407,822,False,4.565025904924786,0.7854788120747112
C/N=C(/c1cnc(F)nc1)c1ccnc(Nc2ccc(F)cc2)n1,-40.44515404869529,823,False,2.846767921046874,0.5892007876677383
N1CCN2C(C1)[C@H]1[C@H](O)[C@H]3CC4=CC=CC=C4[C@@]21OC5=CC=CC[C@@H]53,-40.52397091433522,824,False,5.565704978989096,0.7578784813657222
CN(C)c1cc2c(c(OC)c1)cc1c3c(cc3c(c1C2=O)cccc3)OCO3,-40.68374159462962,825,False,4.462068122116938,0.5256180582210129
CN(C(C)(C)C)C1=CC=CC[C@@]2(O)C[C@H](OC(C)=O)C/C2=C\C1,-40.6914560240985,826,False,4.839125127103047,0.6263627128070678
CN1CCN2C(C1)C(/C=C/C=C/C)=C\c1ccc(OCCC)cc1C(OC)=CC=C2OC,-40.699624090899306,827,False,4.346203725316649,0.5559918909176305
CN1CCN[C@@H]2CCc3cc(OC)ccc3[C@@H]3C[C@H]4CC=CC=C4[C@H]3[C@@H]2O1,-40.7938437877965,828,False,4.605484557792784,0.8254072821820526
C1N(C)C(=Cc2c(OC(=O)C)cccc2/C=C/c2ccoc2)C=CC=C1,-40.872569233302215,829,False,3.26670148946366,0.589888678302617
C1C2CN3[C@H](C2=CC1=CC(OC)=O)CC2=CC=C1CC3=CC=CC=C12,-40.87539887510502,830,False,5.8486056243738656,0.5411892568320578
N1CCN2[C@H](C1)c1c(C(C)(C)C)cc(C#N)cc1[C@H]2C=CC=C2CC3=CC=CC=CC=C23,-41.07469198229958,831,False,4.730852376021154,0.6635394144572574
C[N+]1(C)CCN2[C@](C1)(C(=O)OC)c1c3cc(O)cc1C=COC3=Cc1ccccc12,-41.07613825931918,832,False,5.272802358530046,0.5834482219138287
CN1CCN2C(C1)c1ccsc1Cn1c(=O)c(/C=C/c3cc4c(cc3)OCO4)=C\c2cc1=O,-41.09115048446984,833,False,4.641937674540986,0.5847536857758694
CN(CC#C)C1=CC(=O)c2c(cccc2O)C2=Cc3ccccc3CC[C@]21C=O,-41.15305299310643,834,False,3.985363677243587,0.6484937444151593
CN1CCN2C(C1)C1=C/C(=N/O)C=C3[C@@H](C)c4ccccc4C[C@H](C)[C@H]3[C@H]12,-41.17119406760321,835,False,4.746446074756832,0.5678345755882483
CN(C)C/C1=C/[C@H]2[C@]3(CO2)c2ccccc2Cc2c3CC=CC=CC=C21,-41.33450214025652,836,False,6.292377172181094,0.8008343788018957
CCCN1CCN2[C@H]([C@@H]1c1ccc(O)c(O)c1)Cc1c(c3c(cc1OC)OCO3)CC=CC=CC=C2,-41.352332260396,837,True,4.552790053781484,0.6021600969791332
CN1CCN2C(C1)C(Cc1ccccc1)=CC=[N+]1C2CCC=C1C(OCc1ccccc1)=O,-41.38555196739617,838,False,4.038026858832323,0.5235668297448002
CN1CCN2[C@](C1)([C@@H](C)[C@H]1[C@H](O)C=CC=C3C[C@]4(O)CC=CC=C41)OC23,-41.53304877888877,839,False,7.313982653209413,0.6874958604949432
Oc1c(OC)cc([C@@H]2[C@H]3[C@H](O)c4c2cc2c(c4OC)O[C@@H]3C=C2)cc1OC,-41.55913401258296,840,False,5.222245730930479,0.8639655861064487
N12CCN3C(C1)C1Cc4ccccc4C13C(OC)OC[C@H]2c1ccc(OC)cc1,-41.70445828494849,841,False,6.274298924655674,0.8025339032727786
C[C@@H]1N2Cc3c(cccc3)C(O)=C(CC4=CC(=O)OC41)C2,-41.72108833435051,842,False,4.909609961113497,0.742896301369324
c1ccccc1/N=c1\[nH]c2c([nH]1)C1=CC=CC=C3CC4=CC=CC=CC=C3N1CC=CC=C42,-41.727833063756464,843,False,5.708983360533024,0.5743038021836068
CN1CCN2C(C1)CC=C(CC)[C@H](OC(=O)/C=C/C(c1cc(O)c(OC)c(OC)c1)=O)C2,-41.735839636518,844,False,3.883645623174589,0.296932067882002
c1ccn2n(c1)C1=C[C@@H](C)C=C3Cc4ncccc4[C@H](O)C=C3[C@@]21C,-41.75717650249504,845,False,5.1528285318615135,0.7909293176005044
C1CCn2c(ccn2)C2=C/C(=C/c3c(O)cccc3F)C[C@]12N,-41.76917759038224,846,False,3.9164001865505345,0.850400487459835
O=S(=O)(NCCCC(=O)c1ccccc1)c1cc2c(c(C)c1C)-c1ccccc1-2,-41.81078571212676,847,False,2.2929928764930825,0.3515929427912702
O=[N+]([O-])C1CCN2C(C1)C1=CC=CC(OC=C)=C3CC4=CC=CC=C4C=C3C=C12,-41.97991077929237,848,False,5.093597971502975,0.4346419846841664
c1c(OC)c(O)ccc1/C=C/C=C/C2=CC[C@H]3C(=C)C4=CC=CC=C4N3C2=O,-41.9875006951043,849,False,3.5123552309666364,0.7907686640067837
FC(F)(F)CCN1C(C2CC=CC(=O)c3c2c(O)ccc3O)=C(Br)C=C(Br)C1=O,-42.13566355696959,850,False,3.826546690665437,0.5403086492627621
Cn1c2c(nc1)c(=O)c1c(cc-2cccc1)[C@H]1CCCC=C1C,-42.14024287462237,851,False,4.669777867910627,0.7405281741281065
N1(CC)CCN2C(C1)C1=CC=CC=C3C[C@@]4(CC=C[C@H](O)C[C@H]42)CC=CC1=CC=C3,-42.20066292802221,852,False,6.151105972768994,0.6994393047841125
C1(O)Cn2ccc3cc(C#N)ccc3c2c/c1=C\C(=O)OCC,-42.22939919215016,853,False,3.961204500697926,0.6684240540899339
C1CCN2[C@H](C1O)/C(=C/c1ccc(OC)cc1)[C@@H]1[C@@H]2Cc2c(cc(O)c(OC)c2OC)[C@H]1O,-42.294464450971645,854,False,4.278862875954134,0.6556985638357625
c1c(NCC=C)c2c3c(c1CCc1c2cccc1O)CC=CO3,-42.30022983188252,855,False,3.9640123713572,0.8349189426909889
n1c(/C=C/c2ccc(Cl)cc2)ccc(C(F)(F)F)c1N1CCN2[C@@H](C1)c3c(C)cccc3CC4=CC=CC=C42,-42.30349866320958,856,False,3.3500737425291165,0.258496367316223
CCOc1cc2c(cc1OC)[C@]13CC[C@@H](O)[C@H](C)CC[C@H]3C1=CC=CC2=O,-42.42168671944819,857,False,4.508617864672029,0.8682072923723932
CCN(CC)C1CCN2C(C1)/C(=C/C(O)=C\[N+]([O-])=O)c1ccc(Br)cc12,-42.64921988489118,858,True,4.095026226767807,0.4376683001214245
CN1CC[C@@]23[C@@H](C1)C1=CC=CC=C2CO/C(=N\CCC(=O)OCC)C=C13,-42.66063878056596,859,False,5.657805573452853,0.7285727947595232
C1N2C(N3c4cccnc4Nc4c3cccc4)=C2CS1,-42.79170965135563,860,False,3.186218103083746,0.8642125947790738
CN(C)CCc1cc2c3oc(C#CC=C4C(C)=CC=C4)cc3ncc1-2,-42.803433630306245,861,False,3.960805082330488,0.7807860146502252
O=C(N1CCN2C(C1)C1=CC=C3C/C(=C/c4cc(Cl)c(OC)c(OC)c4OC)C(=O)C=C3CCN2C1)C,-42.93605763434613,862,False,5.556937868845576,0.5553915756775899
CN1CCN2C(C1)C1=CC(=O)CC[C@]3(O)C=C[C@H](Br)C=C3CC4=CCC=CC=C4C=C21,-43.3293588220551,863,False,5.605490012298244,0.4201160666154203
CN1CCN2C(C1)C(C(=O)OCn1cncc1)C1=CC=CC=C3CC4=CC=CC=C4C=CC=C2C31,-43.59737861744378,864,False,5.033837763971601,0.6440390168791852
O=C1NC2=C(C[C@H]3CCC=C3C[C@@]3(CCCCC)C=CC=C32)C1=O,-43.61597970148432,865,True,4.461489658351022,0.4801530043623998
CN1CCN2C(C1)C1=CC=CC[C@H]3/C(=C\C1=O)[C@@H]1CC4=CC=CC=CC=C1[C@@]423,-43.92303994013855,866,False,7.224947408077433,0.6532328904089649
CN1CCN2C(C1)[C@H]1C[C@H]3C[C@@H](C)O[C@H]2C3=C(C)Cc2ccccc2C1,-44.01623568398645,867,False,5.783879528456398,0.6649361389960629
O1[C@H](CO)[C@@H](O)[C@@H]2[C@H]1[C@H]1[C@@H]3C[C@H]3C[C@H]3C(=CC=C31)CC2,-44.03579334192909,868,False,6.086516941785945,0.7642862573415742
CCN1CC=C2C(C1)C1=C\C=C/C=C3/C=C(C)C(=O)C=C3CC4=CC=CC=C4C=C12,-44.173448697642016,869,False,4.470850996858074,0.6381990881591617
CN1CCN2C(C1)[C@H]3[C@]1(C)/C(=C/C)[C@@H]3C[C@H]4CC=CCO[C@@]421,-44.221174737089314,870,False,6.44183556147396,0.6393989530388018
CN1CCN2C(C1)[C@]13[C@@H](CC=C1[C@@]3(C)CC)CCC1=CC=CC=C/C=C12,-44.24105566320941,871,False,5.339791951002123,0.6341091807347808
O=C1N(c2ccc(O)cc2)C2=CC=CC=C3CC2=CC=COC3=C1C=C(Br)Br,-44.33355412356025,872,False,4.765406204512535,0.5524632400347098
c1c(NS(c2ccc(F)cc2)(=O)=O)sc2c(c1=O)C=CC=C1C=C3C(=O)C=CC=CC=C3C=C12,-44.50932943014014,873,False,3.550391718909932,0.6096968626877705
C1N2C([C@@H]3[C@H](c4c5ccccc5[nH]c41)OC=C3C)c1cccc2[nH]c1,-44.59755568555556,874,True,5.357570799311192,0.7713397237701081
CN1CCN2C(C1)C=C[C@H]3C[C@H]4CCCC[C@@H]4[C@H](CN32)Cc1ccc(OC)cc1,-44.67562032522983,875,False,4.370548191283193,0.7240824301930079
CCN1[C@@H]2[C@H]([C@@H]1C)C1=CC=C[C@H](OC(C)=O)[C@@H]3CC4=CC=CC=C4N3C[C@@H]21,-44.82470992353046,876,False,5.103470274974923,0.7548356579898038
C(\C)(=C\C)c1c(O)c2c(cc1OC)[C@H]1[C@@H](C)C[C@@H](OC(=O)C)cccc21,-44.93792904983684,877,False,4.365952207683743,0.7898603713060669
O=C1/C(=C/c2c(O)c3c(cc2O)C[C@@H]2[C@@H]4[C@H]3CO4)C[C@@]12C,-44.98811215026672,878,False,6.47693999395908,0.7656230913870111
c1(/C=C/CN2C(CO)/C(=C/c3ccc(O)cc3)N=C2)sc2c(n1)cccc2,-45.02352662274694,879,False,3.6413842421049942,0.7103223685440279
C1CCN2CC[C@H]3[C@@H](C1)[C@@H]1Oc4cc(OC)ccc4[C@@H]3[C@H](c3ccccc3)[C@H]2N1C,-45.07344635325717,880,False,5.833210350840959,0.7259378467389227
CC1(C)C=C(C)c2c(O)cc(O)cc2Cc2c1c1c3c(ccc1C2)OCO3,-45.189701068444265,881,False,3.3925358808663617,0.7052190165283891
CN(c1c2[nH]ccc2c2c(c1Cl)C=C1C=CC=C3Cc4c(OC)cccc4C=C31)CO2,-45.34977093769342,882,True,4.386456210137315,0.4581158544271862
N1CCN2C(C1)C1=CC=CC=C3CC(/C=C/c4ccc(OC)cc4)=CC=CC=C3O/C=C21,-45.585210248806106,883,False,4.52363152795935,0.736581955661801
CN1CN2C(CC1)CC1(OC)C=C3CC4=CC(=O)C=C4C=C3CC4=CC=CC=C4N21,-45.66042424219648,884,False,4.713657308503877,0.7211933322492372
c1cc[n+]2c(c1)C1=C[C@H]3c4c(ccc(c4N)[C@H]4CC=CC=C42)O[C@@H]31,-45.86724577710999,885,False,6.179911101841737,0.5979379634309617
C1CN2C(CC1)C3=CC=CCC3[C@H]3CCC=C(Br)C(=O)C(Br)=C/C=C32,-45.89234245551347,886,True,5.003023910473179,0.4525412247519469
C(\N1CCN2C(C1)C1=CC=CC=C3C[C@@]4(C(OC)O[C@H](OC)C=C41)O[C@@]32O)=C/C=O,-45.92319086979842,887,False,7.563868101505386,0.5353291269274701
N1CCN2C(C1)[C@@]13CC=C[C@@H]4[C@]3(C)C=CC=CC=C4[C@H]2C2=C1CO2,-45.96325714420527,888,False,7.0194823494278955,0.6943993733430225
O[C@H]1CCN2CC(=C1C)C1=Cc3oc4ccc(CO)cc4c3C[C@H]1N2C,-46.09982492853305,890,False,5.216768179417337,0.8256978941895461
C1CCN2[C@@H]3C/C(=C\c4cc(O)c(O)cc4)C[C@@H]3[C@H]1[C@H]1CCCC[C@]1(C)O2,-46.16816602880863,891,True,5.2579165829488925,0.69386972357486
CN1CCNC2=C1CCCC1Cc3c4c(ccc3O[C@@H]12)C=C[C@H](OC(C)=O)O4,-46.31639152462594,892,False,4.547796592484286,0.7540371090495039
N1=C(C(=O)C(=N)N)CC=CC=Cc2c3c(ccc2C1)C=CC=C3C,-46.32976546638157,893,False,3.7596648341853953,0.655753797209338
COc1cccc2c1[C@@]1(c3ccc(O)cc3)C[C@H](C)N=C1c1oc3ccc(OC)cc3c1C2,-46.33678505884024,894,False,3.8010008393824295,0.4495211046431163
c1cc(OC)ccc1CN1CCN2C[C@H](C(=O)C)c3c4nnc(C)cc4ccc3C=C2C1,-46.70361779771345,895,False,3.470048759803591,0.6302153845174142
NC(=N)N1C[C@@H]2C([C@H](N2CC)C)=C(CC=C(C)C)C(=O)C=C1,-46.908836914401206,896,False,4.574974951074998,0.4751090299651071
O1CCN(C(C)C)C(=O)C[C@H]1CN1C[C@H](c2ccccc2C#N)c2cccnc2C1=O,-46.95256549767569,897,False,3.820386629717735,0.7617078232193518
c1n(C)c2c(c1Br)C1=CC=CC=C3CC4=CCOCC=C4C=C3C2=NC1,-47.109211771967296,898,False,4.982742354367328,0.6576433966546857
Clc1ccc2c(c1)C=C[C@H]1[C@@]3(C)C(=CC=C23)[C@@H]2COC[C@H]12,-47.12039822616501,899,False,4.582269427192508,0.6802733150558201
CN1CCN2[C@](C1C)(C)C1=CC3(Oc4ccccc4C=C12)OC(=O)C(C)=CC3=O,-47.30395698372757,900,False,5.064644219749386,0.6326665950132707
CN1CCN2C(C1)C(=C(C)C)C1=CC(CC1c3ccccc3CCN1Cc3ccccc3)=CC=CC21,-47.51602037498378,901,False,5.513517738785371,0.5305308524742381
CN1CC[C@@H]2N(C1)[C@@H]1CC[C@]3(C)[C@H](C)C4=CC=CC=CC=C3[C@H]4C1=C2,-47.63320255494909,902,False,6.627958736707842,0.6093830467704466
Clc1c2n(n1)-c1cc(OC)c(OC)cc1-c1c-c3cccc3cc12,-47.66537167147365,903,False,2.7142080548261394,0.4961427506206208
CC1CN2C(C(=O)OC)c3c(c4c(nccc4)n3C)sc2=C1,-47.68299003025197,904,False,4.2257418686844535,0.7573015958507011
C1CCN2C(C1CC)C=C(C(c1ccc(OC)c(OC(C)=O)c1)=O)C(=O)C=C2CO,-47.85747075719598,905,False,3.815599106464952,0.3316618655834096
O1CCN2C(C1)C3=C2CC2=CC(Cl)=C4C[C@@H]3O[C@H]3NC4=CC=CC=C32,-48.04750569124053,906,False,6.327233458367741,0.7249917606664495
CN1C[C@H](N2C(CCCC)C(CCc3ccccc3)=CSC[C@H]2C)OC1,-48.3429935136146,907,False,4.296355015917763,0.6842516541802559
CCN1CCN2C[C@H]3[C@@H](C1)CO/C=C1/C=C/c4cnccc4C[C@@H]3[C@H]12,-48.596729719109135,908,False,5.735012702935506,0.7869268468882087
[O-][N+]([C@@H]1CN[C@H]2[C@@H](C1)[C@H]1[C@H]([C@@H]2O)/C=C/Cc2c1cccc2)=O,-48.63171557930218,909,False,4.797700863140564,0.4680326151162763
COCCN1CCN2C(C1)c1c(/C=C/c3n(C)c4ccc(=O)oc4c31)[C@H](C)C=CC=C2,-48.67593600356588,910,True,4.527575529976293,0.6467989103608418
c1cc2c(nc1OC)-c1n3c4c(c1C[C@H]3C=C)OCON4C2,-48.7806782201888,911,False,5.337019751417526,0.7968934494967894
CN(C(=O)c1cnc2c(c1Cl)C1=CC=C3C[C@](C(C)(C)O)(O)C=C3C(=O)C=CC=C21)C,-48.91473515433677,912,False,4.720807098188368,0.7399362721276347
NCCN1C2CC3C(C1C=C1C(=O)Oc4ccccc41)C=CC=C[C@H]32,-48.99774535727943,913,False,5.401946359154245,0.5237943440669269
CN1CCN2C(C1)c1cccc3c1[C@@H](O)[C@@](c1ccccc1)(O)C(C)=C(C)C3=CC=CC=C3C=C23,-49.03967104430194,914,False,5.835350050781891,0.6220000725573824
OCCN1C/N=C(/C=N\c2ccc(OC)cc2)OC2=CC=CC3=CC=CC=C3[C@H]21,-49.72036807784502,915,False,3.796436046739226,0.7915991318965335
CN1CCN2C(C1)C(=C1C(C(=O)OCCC)=CCCC1)C1=CCCC3CC4=CC=CC=C4C=C3C21,-49.820804681473874,916,False,4.453491245352026,0.5599291078620843
CN1CCN2C(C1)/C(=C\C=O)C1=CCC[C@@]12OC(=O)C(Cl)=C(c1ccccc1)C2=CC=CC=C2O,-50.04951280432137,917,False,4.313817338555014,0.386318897514696
CN1CCN2C(C1)[C@@H]1[C@@H]3[C@H]4[N@@+](-c5cc(O)c(O)cc5O4)([O-])C[C@H]1C2C3=O,-50.20627855530324,918,True,6.399081152904063,0.3842281804217949
NS(c1c([N+](=O)[O-])c2n(nnc2C2=C(C#N)C(=O)c4ccccc4C2)c1=O)(=O)=O,-50.44034303236734,919,False,3.4952604424559865,0.5282652227842047
N1(C)C[C@H]2N(Cc3ccccc3)CC3=CC=CC=CC=C2[C@@H]2c3c(cccc32)[C@@]13O,-50.45238573224924,920,False,6.330681444268329,0.8240546971679743
C[N+]1(C)CCN2[C@H](C1)C1=CC[C@@H]3CC1=CC=C1C=CC=C4[C@@]31OC42,-50.47776138811605,921,False,7.48937430950651,0.6359299066325077
C(N)C/C(C)=C\C1CCCN2C1=CC=CC=C1CCCC2=CC=CC=C1,-50.54512540821452,922,False,5.428158178323125,0.6771697657412517
C1C23[C@@H](C1)C1=CC=CC=C(C)c4ccc(OC)cc4N3[C@@H]1C=C[C@H]2OC,-50.57522881578189,923,False,6.456960566386737,0.73451974234897
N1CC2=C[C@H](C)[C@@]3(O[C@H]3c3cc(C)c(C)c(C)n3)C=C2CC1,-50.71504733990878,924,False,5.132398326768654,0.8079154175283387
O(/N=C\c1cc[nH]c1)C(=C(/C)CCOCc1cccc(=O)o1)C,-50.99540483843613,925,False,3.4577278848619457,0.3509674941732816
O[C@@H]1[C@]2(CO[C@H](C1=C)C1=CC=CCc3ccccc3C1)[C@](C)(O)OC2=O,-51.02532890938164,926,False,5.151782071128571,0.5944694503545996
N1CCN2C(C1)c1n(-c3ccc(CCl)cc3)c(CO/N=C/c3cc(CN4CCCC4)ccc3)nc1CC2,-51.38576057167165,927,False,3.5528365190355595,0.2741942241010409
Fc1ccc2n(C)c(SCCN3C4(c5ccccc5CC3=O)OC(C)(C)C=CC4)cc2c1,-51.3870929363618,928,False,4.421157064285373,0.3941831309452265
C1=C[C@]2(C(=O)[C@H]3CC=CC[C@H]3CCC=O)CS[C@]12O,-51.62303168897779,929,False,5.175971513630799,0.6179513444524525
C1(=O)N2C[C@H]([C@H]3C=C[C@@H](O)C=C3C[C@@H](OCc3ccccc3)[C@@H]1OC)C=CC=C2,-51.70461871391899,930,False,5.8005645379682385,0.7993202021494771
CN1CCN2C(C1)C(c1cscc1)C=CC=C3C(CN(CCC(F)(F)F)CC=C3)=CC=CC=C2C,-51.751375572632526,931,False,4.923488409474373,0.4916152450329439
C(CN1C(c2ccc(N(C)C)cc2CCC)C1=C(C)C(=O)/C=C/c1cc2ccccc2cc1)=O,-51.76235972977565,932,True,3.580978874880836,0.2278027381923352
C1[C@@H]2[C@@H](O1)C=CC=Cc1c(c3c2cc1OC)COC(C)(C)/C=C3\C,-52.00304260395933,933,False,5.354621430965636,0.7624932449177757
CCN(CC)C(=S)NC[C@@H]1CC[C@H]2Cc3c(CCCC(C)O)cccc3[C@@]21O,-52.05156203322258,934,False,4.186858911613126,0.5801447261008045
C1C2(N3[C@H](CCC2=O)COC(C)(C)C3)C(C(C)CC)C=C1,-52.075586710218886,935,False,5.224145742448085,0.7318257734197057
C(N1CCN2C(C1)C1=CC[C@@H](O)[C@H](O)C([S+]1[O-])=C1CC(C)(C)CC=C12)c1ccccc1,-52.22651253661775,936,False,5.484465551805368,0.6923530938870707
CN1CCN2C(C1)C1=CCN=C3CCc4c(cccc4)[C@](C)(C(OC2)C1)-c1ccccc1S3,-52.24026592427617,937,False,5.993795482240802,0.5325743526392271
C(O)(CCl)C(/C=C\C1=CC=C2[C@@H](C)C(C)C(=O)C=C[C@]12C)=O,-52.26308661863917,938,False,5.009931368405599,0.6397122233018868
FC(F)(F)c1cc2c(cc1)[C@]1(C(=O)OC)CO[C@@]3(C)[C@@H]4CC[C@@H](N3C2=O)OC(C)(C)C=C41,-52.35780707203497,939,False,5.842377909408308,0.4803252923006673
Cn1c2c(c(=O)oc1=O)C(CCc1cc(O)c(O)cc1)=CC=CC=C3C[C@H]2OC(=O)/C=C/c2ccccc2\3,-52.4165071856993,940,True,5.07538307679892,0.394662796715025
c1c2c(cc3c1-c1ccccc1N2C(=O)c1cccc2c1CCN3C)C=CC=C2CC=O,-52.6089354804538,941,False,4.935213498841705,0.5060760212667549
N(C/C(C)=N/O)(C/C(=C/CN1CC=C2C=CC=C2C[C@H]1C#N)C)C,-52.722086079318615,942,False,4.367344141269881,0.3527475298826739
C[N+]1(C)CC(=O)[C@H]2c3cccc4c3[C@@H]1C[C@H]5[C@]4(O)[C@H]2C=C5,-52.74371034483198,943,False,6.22721553153368,0.5825483679785761
N1C2=NC(C2)C2=C(C1)C1=CCC[C@@H]2CC2=C1C(=O)[C@@H]1C=CC1=C2,-52.76852641336188,944,False,6.315636644122814,0.7473780873381742
C1N2[C@@H](CCC1)Cc1c2ccc2c1CC[C@]1(CC(OCC)=O)CC(=C1OC)C[C@@H]2O,-52.9123103906386,945,True,5.298469562406854,0.7521943943258602
C1CCN2CC1c1cc3c(cc1C2)OCC[C@@H]2C1=C[C@H](C(=C)CC)CC[C@]12O3,-53.09404247718157,946,False,5.928929956606861,0.6603510393310922
CN1CCc2n(c(C)cc(=O)n2)C(n2nc(CO)cc2[C@H]1C)OC,-53.18761490467307,947,False,4.679889780045693,0.8583010649937604
Cn1c(Br)c(/C=N/c2c(C)cnc3c(N)nc12)C1=CC=CC=C3CC4=CC=CC=C41,-53.21863370680581,948,False,4.947155936925778,0.5130347744636607
C(c1ccnc(O)c1)N1CCN2C(C1)C1=C/C=C3/C(=O)C=C=CC=C3CC4=CC[C@@]52CC5=CC=CC=C41,-53.732362627925966,949,False,7.032514625108553,0.6160254664232228
C(N1CCN2C(C1)C1=C(C2=O)C=C(C)C2(C=Cc2c1cc(OC(=O)C)c(O)c2OC(C)=O)C)CC=CC=C2,-54.0404978644242,950,False,6.161044420577495,0.5556544160803786
CN1C(C(N2CCOCC2)=O)C[C@@H]2[C@H]1C[C@H]3[C@H]([C@H](C=C)c1ccccc12)OC3=O,-54.19420082527904,951,False,4.429828472755053,0.5647016216605613
c12ccccc1[C@@H]1[C@@H](C[C@@H]3C[C@@H]12)[C@@H](Cc1ccccc1C3)OCC#CC,-54.1988712346793,952,False,4.786628782244062,0.6899528022492443
C(N1CCN2C(C1)[C@@H]1c3oc(Sc4ccc(OC(C)C)cc4)cc3C=C[C@@H]1[C@@H]2C#N)COC,-54.2441940723711,953,False,4.46709894613868,0.5972795977215168
O1CCN(CCO)[C@@H](CO)c2c(cc(O)cc2)[C@]1(C)Cc1cc(-c2ccccc2Cl)c(O)cc1,-54.60880501155242,954,False,3.7248975412656264,0.4189551374844375
N1CC[C@@]2(CC1=O)[C@@H](C/C(C)=C/C=C/C=C(\CCC=C)C)CCc1[nH]cnc12,-54.64946905442128,955,False,4.949653506732323,0.5214580705989454
C1(CO)CN2C(C1O)C1=CC=CC=C3CC4=CC=CC=CC=C4OCC=C3C2=N1,-55.03291766344046,956,False,6.187274333121911,0.7250154187245506
CN(C(OCc1csc2c1C=C(C)C(=O)CN2C)=O)C/C=C\c1cc(OC)c(OC)c(OC)c1Br,-55.07814799856624,957,False,3.5650756012508653,0.4334418359095348
CN1CCN2[C@@H](C1)C1=CCC=C3[C@@H]2Cc2c(C)n(O)c(c3c2cc(Cl)cc3C)=CC=CC=C31,-55.180630306422245,958,False,6.678413092550708,0.5271352169996224
C1[C@@H]2N(CC[C@@H]1O)C1=CC=Cc3ccc(-c4cc(OC)c(O)cc4)c3=CC=CCN2CC1=O,-55.20511362320394,959,False,5.681414181695162,0.7291899304671897
CNc1ccc2c(c1)Cc1c-2c(C2(C)OC2OC(C)CCC2CCCCC2)c2ccccc2n1,-55.369875756767215,960,False,4.088952269226769,0.2991116855966988
CN1CCN2C(C1)C3=CC=CC(C(=O)CC)=C3C/C(=C/C=C=C3\c2ccc(C)c(C)c2)C[C@H]3CC4=CC=CC=C42,-55.43539414067362,961,False,6.034417116194501,0.2955682176240297
Cn1c(=O)n(-c2ncns2)/c(=C/C=C\c2c3c(ccc2)n(C)c2ccccc23)c(=O)n1-c1ccccc1,-55.84881780549229,962,False,3.366622825281091,0.2975129612133367
O=c1c2c3nc(O)[nH]c4c3ncn4Cc2cc2c(cco2)C1Cl,-57.784391290132135,963,False,5.746807605141665,0.7247157756419509
O=C(N1Cc2c1c(OC)c1c(c2OC)-c2c(C)cc(OC)cc2C(c2cc3ccccc3[nH]2)=NO1)C(C)C,-57.87483142298038,964,False,3.4496591875913527,0.3651741962396668
CN1[C@H]2[C@@H]3[C@@](C=C2)(ON1c1c3coc1)OC2c1ccc2c(c1)OC,-58.13544433667266,965,False,6.90104284342007,0.7959201762316016
CN(C)CC1C[C@@]2(CC\C=C\c3cc4c(cc3)C=CN(C(OC)=O)C4=O)C(=O)CC[C@]12O,-58.71704786418599,966,False,4.358017149576055,0.7457374845670677
C1N2CC[C@@H](c3ccccc3)[C@]2(CO)[C@]2(OCC=C)[C@H](c3ccc4c(c3O2)OCO4)[C@H]1O,-59.03640659446864,967,False,4.747135433994133,0.6955281758410211
O=C1O[C@@H]2CC[C@@H]3[C@@H]4CCC=C4C(=O)Oc4ccccc4[C@]23[C@H]1[C@@H](C)CCCO,-59.404018011411154,968,False,5.154846279540955,0.6225260481593383
N(/C=C/c1c(Cl)nn2c1C1=CCOC2=S)c2c(cccc2)-c2ccccc2[C@@H]1O,-59.55856328581399,969,False,4.356046887535767,0.5064640947335155
n12nc(C)n2nc(C#N)c(/C=C/c3[nH]c4c(n3)ncc5ccccc45)c1C,-59.62857425646587,970,False,3.622572115684175,0.5252526671133353
CN1CC(c2c3c(ccc2)oc(-c2ncccc2)c3)N2C(C1)C3=CC=CC=C3C[C@H](OCC)C[C@@H]2CO,-59.78892234829266,971,False,4.134893873700339,0.4071137881424594
C[C@@H]1CCN2C([C@H]1Cc1c[nH]nc1)C=CC=C1CC3=CC(=O)C=C(Cl)C(=O)C=C2[C@H](Cl)C13,-59.88596075095789,972,True,6.327458527059348,0.6475124513751286
c1ccc2c(c1)C1=C(OC)/C(=C\OC)CN2C(/C=C/c2cnccc2)=C1[S+]([O-])/C=C\C=C/C=C/C(C)=O,-60.54114078771187,973,True,5.207622478532609,0.1859463599130197
c1ccccc1OCCN1CCN2C(C1)/C(=N/c1cc(O)c(OC)cc1)CC=C1CCC=C3CC4=CC=CC=C4C=C=C3OC21,-61.7727256472063,974,False,4.589188050047973,0.2511526148759043
CN1Cc2c3c(nnc3)CCC=C4C2N(C)CC2N1C=CN=C42,-62.03845132109564,975,False,6.355335489907366,0.6757555654143729
[C@H]12CN3C[C@](c4cc(CN5CCN([C@@H](CO)CO)C5)c43)(C1)C(=O)C[C@@H]2O,-62.85278736636991,976,False,6.137568960484571,0.5648605233446996
CN1CC23C(C4CC2CC(O)=C(C#Cc2ccc(O)cc2)C(=O)[C@@H]4c2cc(OC)c(OC)cc2C1)C3,-62.85701893462834,977,False,5.9199857005806304,0.6135525908844766
C1C([C@H](c2ccccc2)O)=CC=C2c3cc4c(cc31)OCOC4=C(Cl)C(=O)C[C@@H]2O,-63.24978529467029,978,True,5.178733637299835,0.7673948172867252
CN1CCN2C(C1=C)C13C=C4C=C=C(OC)Oc5c(O)cccc5C(=C)[C@@H]4N1C2=C3,-64.04681342234835,979,False,6.534158557461048,0.7306830863413153
O=C1CN2C1=C1c3c4c(ccc3C[C@@H]3[C@]1(O3)[C@]23O[C@@H]1O[C@@H](CO)C(=O)[C@H]1[C@H]3O)OCO4,-65.88287166583234,980,False,6.215507860233333,0.5227132341711369
c1c2ncnc(S)c2cc2c1[C@H]1C[C@@]23CCN2C(C1)[C@]34OC=CC=CC=C3C=CN4[C@@H]2O3,-66.3483540450689,981,False,6.652765422176243,0.4927012934135016
CN(C)C1=Cc2cc(OC)ccc2C2(C1)C1=CC=CC=C3CC=CC=CC=C4C=CC=C4C=C3O[C@H]2C1(C)C,-66.97792322765599,982,False,6.449685123221607,0.3994542160628843
CN1CCN2C(C1)C1=CC=CC=C3[C@H]([N+]4(C)CC=O)[C@@H]4C[C@@H]4C=C=CC=C4C=C4C=CC=C3C421,-67.51789898030256,983,False,7.976147183781697,0.2792877706926194
O1CCN2C(C1)C1=CC=C(CO)C1N1CC=C3CCC=CC=C3CC4=[N+](C)CC=CC=C4S1(=O)=C2,-68.0508064611804,984,False,6.058337302696725,0.4510829171977165
OC1c2c(ccc(O)c2OCCOc2c1c(O)cc(O)c2)O/C=C1/C=C\c2cc(C=C)ccc2C(=O)N1,-69.68184704522275,985,False,4.529278251293579,0.3400518515488376
C1(=C/C(=C\C)C)\c2cc(OC)c(OC)cc2Nc2ccc(C3=C(O)OC=C(C2)C[C@H]2C1=CC=CC=C32)CC=C,-70.3873824280031,986,False,6.1943138115816865,0.3811920326237964
CN1CCN2C(C1)SC1=C(CC2)O[C@@H]2[C@H]([C@@H](N)C(C)=CC2=O)C[C@]23[C@@H]1C=C([C@@H](OC)C2=O)CO3,-70.83385179807374,987,False,6.8745069403276755,0.5453917680128902
C[C@H]1N2CC[C@](CC#N)(C)c3ccccc3CC2C[C@@H]1/[N+](=C1\C(=O)C)[C@@H](C)C=C1C,-71.1990819687349,988,False,5.075568905836581,0.7149070381742504
C1[C@H]2C[C@@]23[C@H]([C@]24[C@H](C1)C[C@@]2(OC(N1C2C=C4)[C@H]31)C=CC=CC=C2)C=C,-71.9298341597896,989,False,7.570675912437627,0.5318305089696709
CN1CC[C@@H]2[C@@](C1)(C)[C@@]1(C)CCC[C@]3(C)[C@@H]1CC=C1C(=C)C[C@@H]3C2=C4CC=CC(=O)[C@H](O)[C@@]41CO,-71.95269739034165,990,False,6.601582980038259,0.530647815572294
CN1CCN2C(C1)[C@@H]3C[C@@H]1[C@]3(O)c3[nH]ccc3[C@@H](Cl)[C@H]2[C@@]1(OC(/C(=C/COC)O)=O)C(=O)C=C,-72.21331622783441,991,False,6.542626397919973,0.2356374916665514
CN(CCN1CCC2C(C1)[C@@]13OC(OC)(CO)c3c1cccc3)C=C1CC=CC=C3CC2C2CC=CC=CC=C12,-73.39397485507652,992,False,7.934650561466753,0.5207847717271223
C1CCN2C(C1=C)C1=CCN(C)C3CC4=CC=CC=C4C1=CC=C4C=C3C2=CC=CC=C4NCc1ccccc1,-73.59999705117662,993,False,6.037659232824887,0.4425822737104279
CN1C2N3C(CC2)C2=CC[C@H]4C(C1)[C@H]1[C@]([C@]3(C)CC[C@H]3C4=O)(OC)[C@@H]3C=C[C@@H](O)[C@@]21C,-73.68422634340823,994,False,7.295342458076828,0.6560829396707965
C1Nc2c([C@@]1(C=C=C)C)c1c3c(cn1-2)COC(C)=C(C)CC[C@@]32CC3=CC=CC=CC=C23,-76.33455514450179,995,False,6.203359521204354,0.5374242807411858
Cn1c(O)c2c(c1C=O)C(=O)N1[C@@H](C)C=CC[C@]3(C)[C@H]1CC(O)=C1CC[C@H]3CC2=C[C@@H]2[C@H]1C2=O,-76.86410036240751,996,False,7.162152712776291,0.4865260063009806
C1[C@H](c2c3c(c(O)cc2)CN2CC=CC=CC=C3C[C@H]4[C@H]2O[C@H]4C3=CC=CC=C42)OS3(=O)=NC(=O)C=C4CC=C21,-79.75637132970735,997,True,7.857403297475855,0.459371407245223
CN1CCN2C(C1)C3=C[C@@H]4CC[C@@H]3C[C@@H]4C[C@]43O[C@H]3[C@@]4([C@@H](C[C@H](N1C(OC)=O)C(=O)N1)CC=O)C1=CC=CC=C12,-88.57718047128867,998,False,7.486332095294662,0.3447938426445562
CC1(C)CN2C(C[C@@H]1O)C(=C)C1=CC=CC3C[C@H]4[C@H]1CN(C(=O)OC(C)(C)C)C[C@]45[C@H]3[C@@H]5O[C@]16[C@@H]2C4=C(C#Cc1c46)O,-102.37735475692904,999,False,7.449442104447712,0.4749266448859117
CN1[C@H]2C[C@H]3[C@H]4CC[C@@H]5C[C@]35C[C@H]4C[C@@H]2N=C2[C@@]13CO[C@@H]1[C@@](/C=C/C2=C/c2cccc(C)c21)(OC)OC3(C)C,-102.65795368188992,1000,False,7.912444240682272,0.4584745168585352
