SMILES,Score,Compound_ID,PAINS,SA_score,QED
N1C(=O)CN2C(C1)C1=CC=CC=C3CC4=CC=CC=C4C=C3OC=C12,-8.276451394662217,1,False,4.492454259512241,0.7951267982730746
CN1C(=O)CN2C(C1)C1=CC=CC=C3CC4=CC=CC=C4C=C3OC=C12,-8.503588759698232,2,False,4.479415793245698,0.7252455157896356
O1C(=O)CN2C(C1)C1=CC=CC=C3CC4=CC=CC=C4C=C3OC=C12,-9.594115369080896,3,False,4.554853635811616,0.6849294202998252
CN1C(=O)CN2C(C1)C1=CC=CC=C3Cc4cocc4C=C3OC=C12,-10.776004650100276,4,False,4.986100581387331,0.7316245947704241
c1cccc2[nH]ccc12,-10.960961438762752,5,False,1.7397972379947877,0.543915590869473
CN1C(=O)CN2C(C1)C1=CC=CC=C3Cc4c(OC)cccc4C=C3OC=C12,-11.424509428668443,6,False,4.548991464279158,0.7578487379508815
C,-11.875227689743042,7,False,7.328415384615384,0.35978493788397
Fc1ccccc1N1C(=O)CN2C(C1)C1=CC=CC=C3CC4=CC=CC=C4C=C3OC=C12,-11.875867154699222,8,False,4.284585232843492,0.6633812276429791
c1(O)ccc2c(c1)C1=CC=CC=C3CC4=CC=CC=C4C=C3OC=C12,-11.91201522805568,9,False,3.730563662605357,0.717867677849881
CN1C(=O)CN2C(C1)C1=CC=CC=C3Cc4occc4C=C3OC=C12,-11.917636400781248,10,False,4.94931154029144,0.7316245947704241
CN1C(=O)[C@@H](C)N2C(C1)C1=CC=CC=C3CC4=CC=CC=C4C=C3OC=C12,-11.984335137423386,11,False,4.789430060002356,0.7125097924261014
c1ccccc1CN1CCN2C(C1)C1=CC=CC=C3CC4=CC=CC=C4C=C3OC=C12,-12.13521933170341,12,False,4.072534163058981,0.6930066340394787
COc1cc2c(cc1OC)C1=CC=CC=C3CC4=CC=CC=C4C=C3OC=C12,-12.314644958081772,13,False,3.6333213097658854,0.6953210108045795
[nH]1c(=O)n2c(n1)C1=CC=CC=C3CC4=CC=CC=C4C=C3OC=C12,-12.342920870637611,14,False,3.5816544014532568,0.4767877802928897
s1cccn1,-12.626758230851124,15,False,4.212225305365285,0.4600956630432944
CN1C(=O)CN2C(C1)C1=C=CC=C3Cc4ccccc4C=C3OC=C12,-12.70652283192021,16,False,4.864464964948974,0.6857137149205629
CBr,-12.907758712768556,17,False,3.4772602266417003,0.3936198519990384
CN1C(=S)CN2C(C1)C1=CC=CC=C3C=CC=CC=C3OC=C12,-12.941823795903474,18,False,5.067703664525524,0.6360697590091688
CCN1C(=O)CN2C(C1)C1=CC(Br)=C3CC4=CC=CC=C4C=C3OC=C12,-13.355644543267315,19,False,4.134856252690712,0.7085804888405628
CN1C(=O)CN2C(C1)C1=CCC3=Cc4ccccc4C=C3OC=C12,-13.450171271493218,20,False,3.6568204902939936,0.7486051036991973
c1nccnn1,-13.5099540031988,21,False,3.099353625209238,0.4363975218417891
CN1C(=O)Cn2c(c1)C1=CC=CC=C3CC4=CC=CC=C4C=C3OC=C12,-13.512259583384091,22,False,3.8441236535004286,0.4916124042999911
N1C(=O)CN2C(C1)c1ccoc1C=C2OC,-13.544714773082887,23,False,4.054885325531904,0.7569704323698281
C/C=C\CN1C(=O)CN2C(C1)C1=CC=CC=C3CC4=CC=CC=C4C=C3OC=C12,-13.6761397758969,24,False,4.618220746617862,0.7236875904106406
CN1C(=O)CN2C(C1)C1=CC=CC=C3C=CC=C(OC)C=C3OC=C12,-13.692496419427243,25,False,4.915653531861514,0.7374089470815491
CN1C(=O)CN2CC[C@@H]3CC4=CC=CC=C4C=C3OC=C12,-13.705484236133543,26,False,3.794050096143458,0.731054941434229
CN1C(=O)CN2C(C1)C1=CC=CC=C3Cc4ccoc4CC3OC=C12,-13.75460667174184,27,False,5.183525148720486,0.7285121519045665
c1cccnc1CCN1C(=O)CN2C(C1)C1=CC=CC=C3CC4=CC=CC=C4C=C3OC=C12,-13.82274494598505,28,False,4.356632587550809,0.7304681441160252
c1nn2c(c1)C1=CC=CC=C3CC4=CC=CC=C4C=C3OC=C12,-13.82728634511659,29,False,3.4464287970704506,0.437070073478756
N1C(=O)N2C(C1)C1=CC=CC=C3C=CC=CC=C3OC=C12,-13.828650497018316,30,False,4.904945047630688,0.73990493818985
N1C(=S)N2C(C1C)C1=CC=CC=C3CC4=CC=CC=C4C=C3OC=C12,-13.92172980864416,31,False,4.9368796271188,0.7218876726422179
CN1C(=O)CN2C(C1)C1=CC=CC=C3C=C(CC)C(=O)C=C3OC=C12,-14.008483135093002,32,False,3.7831956228690977,0.8034685656132976
NC1C(=O)CN2C(C1)C1=CC=CC=C3CC4=CC=CC=C4C=C3OC=C12,-14.017350347488446,33,False,4.923056321978665,0.786258201904129
c1[nH]ncn1,-14.064987771260348,34,False,4.100736074596055,0.4582074400555655
N1C(=O)CN2C(C1)C1=CC=Cc3cc4occc4cc3OC=C12,-14.12168062746241,35,False,3.833977136532009,0.6921405948405484
CN1C(=O)CN2C(C1)C1=Cc3cc4cc(OC)ccc4cc3C=C12,-14.272014569034129,36,False,3.1057867110297774,0.6452537256621712
N1(CC=C)C(=O)N2C(C1)C1=CC=CC=C3CC4=CC=CC=C4C=C3OC=C12,-14.446666108000954,37,False,4.575546904066223,0.7452785639025855
CCN1C(=O)CN2C(C1)C1=CC=CC=C3CC4=CC=CC=C=C4C=C3OC=C12,-14.51519449381658,38,False,5.35686115366836,0.6603648717627575
CCN1C(=O)CCN2C1C1=CC=CC=C3CC4=CC=CC=C4C=C3OC=C12,-14.724246858624156,39,False,4.4921334668705075,0.7663220618789596
c1nccn2cncc12,-14.794880829798783,40,False,3.0311715969691466,0.5113756047374779
N1(C)C(=O)CN2C(C1)C1=CC3=CC=CC=C3OC=C12,-14.810367662699264,41,False,3.674801804653665,0.7024197607096176
CCN1C(=O)CN2C(C1)C1=CC=CC=C3C[C@H]4C=CC=C4C=C3OC=C12,-14.845243120687428,42,False,5.162908143841014,0.7308418117016996
c1ccon1,-14.872766674776358,43,False,4.227889920749901,0.4472609802175263
c1c[nH]c2c1C1=CC=CC=C3Cc4ccccc4C=C3OC=C12,-14.908419761810364,44,False,4.0076595663012196,0.7375437279638035
CCCN1C(=O)CN2C(C1)C1=CC=CC=C3CC4=CC=CC=C4C=C3OC(=O)C12,-14.927174547049615,45,False,4.672485334140338,0.7313809122903497
N1C(=O)CN2C(C1)C1=CC=CC=C3C(=O)C=C(C)C=C3OC=C12,-15.02648483275584,46,False,3.8565633973300337,0.8099903202846349
CN1C(=O)CN2C(C1)C1=CC(N=[N+]=[N-])=C3CC4=CC=CC=C4C=C3OC=C12,-15.0393441731444,47,True,4.4307426422248355,0.4388301431517332
CN1CCN2C(C1)C1=CC=CC=C3CC4=CC=CC=C4C=C3O/C=C12,-15.171249775681645,48,False,4.366338251196234,0.7240826720735601
n1nncn1CN1C(=O)CN2C(C1)C1=CC=CC=C3CC4=CC=CC=C4C=C3OC=C12,-15.29418125685379,49,False,4.714125898952821,0.7514525643872533
CN1C(=O)C(C)N2C(C1)C1=CC=CC=C3Cc4cocc4C=C3OC=C12,-15.312743350988512,50,False,5.282992143841014,0.7230542156264561
c1ccccc1CN1C(=O)CN2C(C1)C1=CC=CC=C3CCC=C3OC=C12,-15.433447312378917,51,False,4.216913642138277,0.8086391682586075
CN1C(=O)CN2C(C1)C1=CC=CC=C3C(C)=CC=C(C)C=C3OC=C12,-15.599885168144738,52,False,4.8953772046675805,0.6818500713549797
NC1=CC=C2C(C1)C1=CC=CC=C3CC4=CC=CC=C4C=C3OC=C12,-15.890336402342657,53,False,4.666704363462346,0.7495899179901391
Brc1csc2c1C1=CC=CC=C3CC4=CC=CC=C4C=C3OC=C12,-15.947333608821282,54,False,4.083364910662356,0.5062344416900828
CN1C(=O)CN2C(C1)C1=CCc3cc4cccc(C)c4cc3OC=C12,-16.070450405133215,55,False,3.764342768634464,0.743402685746338
O1C(=O)CN2C(C1)C1=CC=CC=C3CC4=CC=C(Cl)C(=O)C=C4C=C3OC=C12,-16.074541388243347,56,False,4.779704284791979,0.6338033090267708
N1C(=O)CN2C(C1)c1cccc3c([N+](=O)[O-])c4ccccc4cc3OC=C12,-16.27348530701056,57,False,3.755576482374965,0.5282787630811158
CSc1cnc2c(n1)C1=CC=CC=C3CC4=CC=CC=C4C=C3OC=C12,-16.381368512560584,58,False,4.14471258036304,0.6701705999661588
CN1C(=O)CN2[C@@H](C1)C1=CC=CC=C3CCC(=O)C=C3OC=C12,-16.451347759412783,59,False,4.631654306420943,0.6828021876718665
CN1C=C(C)N2C(C1)C1=CC=CC=C3CC4=CC=CC=C4C=C3OC=C12,-16.470572761725634,60,False,4.731882190006832,0.6968299160516827
c1ccccc1CN1C(=O)CN2C(C1)C1=CC=CC=C3C=C4C(Br)=CC=C4C=C3OC=C12,-16.63941529450392,61,False,3.5622520086209057,0.3309139769691731
c1cc(Cl)ccc1CN1C(=O)CN2C(C1)C1=CC=CC=C3CC4=CC=CC=C4C=C3OC=C21,-16.640689837970626,62,False,4.229184538545322,0.6213921091330831
CN(C)C1=CC=C2C=C3OC=CC=C3OC=C12,-16.72290913609322,63,False,4.263238952327212,0.686936586091951
N1C(=O)CN2C(C1)[C@@H]1[C@H](OC)C=C3CC4=CC=CC=C4C=C3OC=C12,-16.72361319756783,64,False,4.578816914369417,0.8500315569795741
N1C(=O)CN2C(C1)C1=CC=CC3=CC(C)=CC=C3OC=C12,-16.760007695122113,65,False,3.522609409181353,0.8068086621739875
O=O,-16.78097128868103,66,False,3.373829457410931,0.3782961535412142
N1C(=O)CN2C(C1)C1=CC=CC=C3CC4=CC=CC=CC=C4C=C3OC[C@@H]12,-16.816310609227003,67,False,5.207862116215374,0.7239888299732206
c1(O)cc2c(o1)C1=CC=C3CC4=CC=CC=C4C=C3OC=C12,-16.817652424237167,68,False,3.745408327600958,0.7865609167065647
CN1C(=O)CN2[C@@H](C1)C1=CC=CC(Cl)=C3CC4=CC=CC=C4C=C3OC=C12,-16.863103291195785,69,False,4.602158730895673,0.6913280847111691
N1=C(C(O)=O)CN2C(C1)C1=CC=CC=C3CC4=CC=CC=C4C=C3OC=C12,-16.864085680519565,70,False,4.696455375341783,0.8380184363568627
[O-][N+]1=C(OC)CN2C(C1)C1=CC=C3CC4=CC=CC=C4C=C3OC=C12,-16.950001155841164,71,False,4.557643875062282,0.5403778358679814
CN1C(=O)CN2C(C1)c1ccc(SC)cc1C=C2OC,-16.966727633947357,72,False,3.630949635541566,0.7817037605823257
N1C(=O)CN2C(C1)C1=CC=CC=C3CC4=CC=CCC4C=C3OC[C@@H]12,-17.06610191753316,73,False,5.4052286402029095,0.7395685708691898
CN1C(=O)CN2C(C1)C1=C(c3cc4ccccc4oc3=O)C=C12,-17.173651937407612,74,False,3.5107792075295556,0.7510748011432536
c1cc(C#N)ccc1CCN1C(=O)CN2C(C1)C1=CC=CC=C3CC4=CC=CC=C4C=C3OC=C12,-17.17575551292623,75,False,4.331961578787867,0.6780729734876623
N1C(=O)CN2C(C1)C1=CC=CC=C3CC4=CC=CC(Cl)=C4C=C3OC(=O)C12,-17.207575835347825,76,False,4.858948403197624,0.702035428842446
FC(F)CCCN1C(=O)CN2C(C1)C1=CC=C3CC4=CC=CC=C4C=C3OC=C12,-17.29375192386044,77,False,4.108009201231793,0.7744694062032995
CN1C(=O)CN2C(C1)C1=CCc3cc(O)ccc3C=C1OC2,-17.3555123645433,78,False,3.9396198346995215,0.7852995185752197
CC(=CCN1C(=O)CN2C(C1)C1=CC=CC=C3CC4=CC=CC=C4C=C3OC=C12)CC,-17.46334053494604,79,False,4.637429845441115,0.6721045678394483
N1C(=O)CN2C(C1)C1=CC=CC=C3Cc4ccccc4C=C[C@H]3OC=C12,-17.574285715616497,80,False,4.842052299685169,0.7868037232244829
C[n+]1cccc2cc(Cl)ccc12,-17.691615876101764,81,True,2.3952519686476563,0.5455274779679217
N1C(=O)CN2C(C1)c1ccc(-c3ccncc3)cc1C=C2,-17.77421809719999,82,False,3.346923118150536,0.868923169650586
c1ccccc1N1C(=O)CN2C(C1)C1=CC=CC=C3C=C4CC=CC=C4C=C3OC=C21,-17.82682488526052,83,False,4.5711252300564995,0.7302766313941628
N1C(=O)CN2C(C1)C1CC=CC=C3Cc4c(F)cccc4C=C3OC=C12,-17.830563535065266,84,False,4.868475147889597,0.7822826236509076
c1(=O)[nH]c2c(n1C)C1=CC[C@H]3CC4=CC=CC=C4C=C3OC=C12,-17.968229377023818,85,False,4.07156775778527,0.8127887695735069
c1c2ccc3ccccc3c2ccn1,-18.17510191635301,86,False,1.658970695582248,0.4818975761182924
N12C(C1)C1=CC=CC=C3Cc4ccc(Br)cc4C=C3OC=C12,-18.297326459178297,87,False,4.597357901392337,0.6448076148339417
N1C(=O)[C@H](c2cnccc2)N2C(C1)C1=CC=CC=C3CC4=CC=CC=C4C=C3OC=C12,-18.347741188417785,88,False,4.719692893096807,0.7810903253941638
c1(C)c2c(ccc1)C1=CC=CC=C3C=CC=CC=C3OC=C12,-18.44427049909791,89,False,2.434704771301382,0.3814282981802234
CN1C(=O)C(OC)N2C(C1)C1=CC=CC=C3CC4=CC=CC=C4C=C3OC[C@@H]12,-18.459524892744867,90,False,5.003079150583131,0.7554208431495472
N1C2=CC=CC(=O)c3cc4ccccc4cc3OC=C12,-18.501022479392304,91,False,2.8122910957762457,0.4841342107344493
N1C(=O)CN2C(C1)C1=CC=CC=C3C[C@H]4C(=O)C=C[C@H]4C=C3OC=C12,-18.501359415148272,92,False,5.391170564846204,0.7330701393641953
c1cc2[nH]c(=O)[nH]c2c(O)n1,-18.75598928895857,93,False,3.02147180031708,0.4935901960210463
CN1C(=O)C2(C1)C1=CC=CC=C3CC4=CC=CC(=O)C=C4C=C3OC=C12,-18.79091296712113,94,False,5.198796548375583,0.6806926943152364
O1CCN2C1C1=CC=CC=C3CC4C=CC=CC=C4C=C3OC=C12,-18.83565414720215,95,False,5.268651842982755,0.6762975314744452
O=C(OC)N1CCN2[C@@H](C1)C1=CC=CC=C3CC4=CC=CC=C4C=C3OC=C12,-18.93120727676433,96,False,4.334219690253725,0.6954819311556067
N1c2ccccc2C2=CC=CC(=O)C12,-18.93584465223239,97,False,3.2576264333469567,0.6661543208520162
c1ccccc1N1C(=O)CN2C(C1)C1=CC=CC=C3c4cccc(OC)c4C=C3OC=C12,-19.036360712887927,98,False,3.531743334316486,0.423171825431884
CN1C(=O)CN2C(C1)OC(C)(C)C1=CC=CC=C3C=C3OC=C12,-19.04268283351257,99,False,4.9466512402563385,0.6866248242238183
Brc1c(OC)cc2c(c1)C1=CC=CC=C3CC4=C(Cl)C=CC=C4C=C3OC=C12,-19.28520279440272,100,False,3.916298649770056,0.4664562739911646
CN1C(=O)CN2C(C1)c1ncc3cc(OC)ccc3c1OC=C2,-19.28564425952345,101,False,3.7299806061309546,0.8052241207682789
Clc1cc(F)ccc1CN1C(=O)CN2C(C1)C1CC=CC=C3CC4=CC=CC=C4C=C3OC=C12,-19.30142611147676,102,False,4.568798907639531,0.5788391117471091
CN1C(=O)CN2C(C1)C1=CC=CC=C3C(C)(C)[C@@H](C=C3)OC=C12,-19.356390800102872,103,False,5.807409395424566,0.6885794770245514
c1c(O)c2c(cc1O)C1=CCC=C3CC4=CC=CC=C4C=C3OC=C12,-19.378598897124903,104,False,3.922778753882093,0.7315506551892939
n1c(-c2ccccc2Cl)ccs1,-19.43028276737533,105,False,2.399479583385858,0.6793097437650559
N1C(=O)CN2C(C1)c1c(ccn(C)c1=O)OC=C2,-19.43645816017852,106,False,4.149598134920323,0.6847200039660897
c1(=O)n(C)c2ccc(C=O)cc2o1,-19.58386547099326,107,False,2.3890512884703643,0.6089980683819336
N1C(=O)CCC2=CC=CC=C3CC4=CC(=O)C=C4C=C3OC=C12,-19.65469268646939,108,False,4.42326419865783,0.7484506063974039
n1[nH]nc2scnc12,-19.671689342712625,109,False,3.686292945699535,0.555994044911459
CN1C(=O)CN2C(C1)C=Cc1cc3occc3cc1-2,-19.71115947946373,110,False,3.7331494969613574,0.7221628785783409
N1=C(OC)N2C(C1)C1=CC=CC=C3CC4=CC=CC=C4C=C3OC=C21,-19.764206240244675,111,False,4.689707689865672,0.729243195143671
Fc1csc2c(F)cccc12,-19.901161742820705,112,False,2.4954698152054196,0.5692430291853756
CN1C(=O)CN2C(C1)[C@@H]1Cc3occc3C[C@@H]12,-19.92323285435259,113,False,4.559539285688692,0.6540825059532239
COc1cc2c(cc1OC)-c1c3c(cccc3)[nH]c1C2=O,-19.95462277666229,114,False,2.1855943896629384,0.6115731594294551
N1C(=O)CN2C(C1)C1=CC=CC=C3Cc4ccoc4C=C3O[C@@]12C,-19.968821759948696,115,False,5.264362667158579,0.7950660133763263
CN1CCN2C(C1)C1=Cc3cc(-c4ccccc4)ccc3C=C1OC=C2,-20.065043913695263,116,False,3.175339753190213,0.6396390793500547
c1(F)c[nH]c2c(OC)cccc12,-20.111853461412466,117,False,2.1960750455707334,0.6886953685545963
c1ccccc1C(=O)NN1C(=O)CN2C(C1)C1=CC=CC3CC4=CC=CC=C4C=C3OC=C12,-20.113625316298226,118,False,4.617498526103782,0.7822129815680858
N#CCN1C(=O)CN2C(C1)c1ccccc1C1=CC=CC=C3OC=C3OC=C12,-20.128123550734585,119,False,3.947045769052975,0.6047410329551067
n1c(O)sc(NO)n1,-20.149380043154224,120,False,3.924102735909324,0.4714222661176955
CN1C(=O)N2C(C1)C1=CC=CC=C3OC=C2C=C3OC=C1,-20.232486791335305,121,False,5.8936238738447875,0.6848808354313956
N1C(=O)CN2C(C1)C1=CC=CC=C3CC(/C=C\Br)=CC=C3OC=C12,-20.245168489580465,122,False,5.110425319455109,0.7539883579155694
N1C(=O)/C(=C\c2sccc2)N2C(C1)C1=CC=Cc3cc4ccccc4cc3OC=C12,-20.301714417781117,123,False,3.848891064810271,0.4032503770051239
ON1C(=O)CN2C(C1)C1=CC=CC=C3CCc4cc(Cl)ccc4C=C3OC=C12,-20.321360609903763,124,False,4.6612923189800135,0.6794779432306277
c1cc2c(cc1O)c(=O)[nH]cc2,-20.50642194231682,125,False,2.0987976700051227,0.6102127223131671
CN1C(=O)CN2C(C1)[C@@H]1CC=CC=C3CC4=CC=CC=C4CC3=C=C12,-20.636984335500077,126,False,4.905758025432815,0.6830858728546223
c1[nH]c2c(n1)-c1c(ccc3ccccc13)C2=O,-20.65456271425137,127,False,2.493013043379019,0.4949511667218594
CN1C(=O)CN2C(C1)C1=CC=CC=C3C(C)C[C@H](O)C=C3OC=C12,-20.662183847519827,128,False,5.315406043897415,0.7362192643154228
N1C(=O)C[n+]2c(C1)C1=CC=CC=C3Cc4cc(C#N)ccc4C=C3OC=C12,-20.702685902706435,129,False,4.605479665668772,0.7274948558366544
C(c1ccncc1)/C=C/c1ccccc1,-20.76361536579861,130,False,1.9009885034193008,0.7316032227140662
c1cc2c(nc1Br)C1=CC=CC=C3C=C3OC=C12,-20.89123811450372,131,False,2.91033417180242,0.4357791936441047
N1C(=O)CN2C(C1)CC1=CC=CCC3=CC=CC=C=C3OC=C12,-20.938108048636423,132,False,5.29937668404332,0.6991216520859165
CNC(/C=C/c1cccc(Cl)c1Cl)=O,-20.96588579763602,133,False,2.1826785614006408,0.7773112551043364
N1(C(OCC)=O)C(=O)c2ccccc2-c2c1cccc2,-21.10823698778131,134,False,1.9441125565250417,0.6362059853412014
N1C(=O)CN2C(C1)C1=CC=CC=C3CC4=CC=CC=C4[C@@H](F)[C@H]3OC12,-21.133730385192397,135,False,5.1480876956076225,0.7885195032726077
n1c2ccccc2[nH]c1SN1C(=O)CN2C(C1)C1=CC=CC=C3CC4=CC=CC=C4C=C3OC=C12,-21.164743398322003,136,False,4.682342689835146,0.5269995265044143
N1C(CC2CCCCC2)C2=CC=CC=C3CC4=CC=CC=C4C=C3OC=C12,-21.248616440454494,137,False,4.332279112223748,0.7213748286750279
[O-][N+]1(C)C(O)CN2C(C1)C1=CC=CC=C3CC4=CC=CCC4C=C3OC=C12,-21.315530154504813,138,False,6.0458336541457145,0.5302790735084546
c1c(O)c2ncnc(SC)c2cc1,-21.400907125371305,139,False,2.361254718823796,0.5545912540810158
n1cncc2c1C1=CC=CC=C3C=C(Cl)C=CC=C3OC=C12,-21.44190938469478,140,False,2.753920392603156,0.4474185710838098
n1c(-c2nc[nH]c2)[nH]c2ncccc12,-21.566632884591627,141,False,3.047456409867963,0.6007229864442899
N1C(=O)N2C(C1)c1c(ccnc1Cl)C2=O,-21.758019722541576,142,False,3.4975911347782205,0.6665720319639457
c1c2oc3cc(O)ccc3c2ccc1F,-21.791346179368706,143,False,1.953044031147389,0.6054008431214521
c1c(F)ccn2ccc3nc4ccccc4c-3c12,-21.83168493554604,144,False,2.405109185063033,0.4544331752076408
CN1C(=O)CN2C(C1)/C=C/c1coc3cc(OC)c(OC)cc3c1=C2OC,-21.888960802179557,145,False,3.872980652190579,0.8112618242578186
C1CC(O)N(C)c2ccccc21,-21.894944669271357,146,False,2.7573052658113593,0.6243791724481532
N1C(=S)Cn2c(n1)c1cc(Cl)ccc1c2=O,-22.059754855614077,147,False,3.079133090732948,0.7090253141502372
Clc1n(-c2ccncc2)cnc1CN1C(=O)CN2C(C1)C1=CC=CC=C3CC4=CC=CC=C4C=C3OC=C12,-22.11819381180373,148,False,4.667943482351916,0.4940599977183318
N1CCN2C(C1)C13CC=CC=C3C=C1OC=C3OC=C23,-22.1659075061325,149,False,5.475792142076483,0.7258144942232406
C1(C2CC2)=CC=CC=C2C=C2OC=C1,-22.264505143277347,150,False,4.19944181796234,0.6074870291133034
Clc1cc2c(cc1Cl)C1=CC=CC=C3CC4=CC=C[C@H](O)C4=C3OC=C12,-22.32316074354617,151,False,4.720169169763917,0.6193308960036975
N1C(=O)N2CCc3ccccc3C=C2c2ccccc21,-22.326036187909267,152,False,2.4553684681424155,0.772809445650497
c1([N+](=O)[O-])ccc2c(c1)C1=CC=CC=C3C=C1OC=C23,-22.386423526386807,153,False,3.354774262933619,0.3722594892391814
c1ccccc1CN1C(=O)CN2C(C1)C1=CC=C[C@H]3OC=C3OC[C@@H]12,-22.43655052948895,154,False,4.792029263903533,0.8263904847803331
CN1C(=O)CN2C(C1)-c1coc3c1c(C)ccc3OC=C2,-22.598502016896877,155,False,5.400417460582298,0.7450916416115749
C1C(=O)CN2C(C1)C1=CC=CC[C@H]3Cc4c(cco4)C=C3OC=C12,-22.71318912669813,156,False,5.189083831065095,0.7323036856448054
c1csc2n(C#N)ccc21,-22.77053366338623,157,False,3.5902900563306854,0.5615729561748815
Clc1ccc2ncc(Cl)cc2c1N1C(=O)CN2C(C1)C1=CC=CC=C3C=C3OC=C12,-22.83731461232003,158,False,4.553541182534468,0.6475677405520895
CN1C(=O)CN2C(C1)C1=CC(C(=O)O)=C3C=C1OC=C23,-22.983154261794425,159,False,4.685228432754076,0.822335087830397
C[n+]1c([O-])c2nccn2[nH]1,-23.003606305037465,160,False,4.493224861181007,0.4531093937766769
CN1C(=O)C[C@@H]2C(C1)C1=CC(=O)c3oc4ccccc4c3OC=C12,-23.00796675048377,161,False,4.062899022899517,0.7483897170449099
c1n(S(=O)(=O)c2ccc([N+](=O)[O-])cc2)ncn1,-23.0304651604838,162,False,2.4188796751302455,0.5798649346198584
CN1C(=O)[C@@H](C)N2C(C1)C1=CC=CC(=O)c3cc4conc4cc3OC=C12,-23.13039517386619,163,False,4.491996923907681,0.6110065442739424
n1c2ccccc2n(C2O[C@H](CO)[C@@H](O)[C@@H]2O)c1OC,-23.222311275550737,164,False,3.465963823373178,0.7112580714221618
C1=CC=CCC2=C(C1)C1=CC=CC=C3CCC4=CC=CC=C4C=C3OC=C12,-23.33602913795039,165,False,4.132153819082166,0.5178435640432145
CN1C2=CC=CC=C3CC4=C/C(=C3OC)OC=C4C=C12,-23.35631192661822,166,False,5.528273284011582,0.6788921529489752
C=CCN1CCN2C(C1)C1=CC(=O)c3ccc4c(c3OC=C12)OCO4,-23.45895990905001,167,False,3.9173540963478457,0.7684630850739429
C/C=C/C[N+]1(C)C2=CC=C3C=C=CC=C3OC=C12,-23.503053426742557,168,False,5.596706662591747,0.3102370824565143
CN1C(=O)CN2C(C1)C1=CC=CO[C@]3(O)C=C4CC=CC=C4C=C3OC=C12,-23.59793593875065,169,False,5.561037160594072,0.7110644747799311
CN1C(=O)CN2C(C1)C1=CC=C(Br)C(=O)C3CC4=CC=CC=C4CC3=C12,-23.62855728077875,170,True,4.195723991840573,0.65929926137197
N1C(=O)C[N+]23C(C2)C=CC=C13,-23.69961869996223,171,False,5.922703509905351,0.3724887825871452
N1(COCc2ccccc2)C(=O)CN2C(C1)C1=CC=CC=C3CC(Cl)=CC=C3OC=C12,-23.791291965688742,172,False,4.569739093116516,0.7049599901622644
C(=O)(NCCCC)c1coc2ccccc12,-23.8262483963008,173,False,1.8795407830406408,0.7998565671622982
Cc1c(Cl)cc(O)nc1Cl,-23.850085573747947,174,False,2.8699569406400105,0.618353265865971
c1ccccc1-n1c(=O)cc2[nH]c(-c3cccs3)nc2c1,-23.90635829290181,175,False,2.422918806536387,0.6152295016853419
CN1C(=O)CN2C(C1)c1cccc3c(OC)c4cocc1c4c32,-23.929371587045807,176,False,4.898086259519018,0.8117135139807329
Cc1nc(O)c2c(c1C)C1=CC=CC=C3CC4=CC=CCC=C4C=C3OC=C12,-23.942070458674152,177,False,4.566471299342705,0.6342491949460055
CC(c1ccccc1)N1C(=O)CN2C(C1)C1=CC=CC=C3Cc4ccccc4C=C3SC=C12,-23.973847352823384,178,False,4.5705186688476385,0.5718350471542514
Clc1c(F)cccc1-n1ncc2c1C1=CC=C3CC4=CC=CC=C4C=C3OC=C12,-24.109186310953877,179,False,3.4512555097565194,0.5038504460086641
C(O)CN1C(=O)CN2C(C1)C1=CC=CC=C3C4=CC=CC(=O)C4=C3OC=C12,-24.13603478284153,180,False,4.851325594800999,0.797226306706484
c1(Cl)cn2c(n1)C1=CC=Cc3c(C)c4[nH]ccc4cc3OC=C12,-24.24265405924234,181,False,3.4859271148461195,0.4276483360064423
CN(Cc1cn(-c2cc(Cl)c(Cl)cc2)nn1)C,-24.277442602429687,182,False,2.285208316701439,0.8601442154265357
CNCCN1C(=O)CN2C(C1)C1=CC=CC=C3C=C(c4ccccc4)C(Br)=C3OC=C12,-24.312433727363896,183,False,3.794506768518038,0.5821466258618742
N1C(=O)CN2C(C1)C1=CCNc3c4c[nH]nc4ccc3OC=C12,-24.34099773701928,184,False,4.830798403500333,0.6748121493017877
Clc1c(OC2O[C@H](CO)[C@@H](O)[C@H]2O)cc(Cl)cc1N1C(=O)CN2C(C1)C1=CC=CC=C3CC4=CC=CC=C4C=C3OC=C12,-24.38986352855727,185,False,5.379049039914629,0.4730872269329818
Fc1cccc2c1C1=CC=CC=C3CC4=CC=C=CC=C4C=C3SC=C12,-24.396614179438984,186,False,4.7941421507926085,0.4695416037798327
CN1C(=O)CN2C(C1)C1=CC[C@H]3CC4=CC=CC=C4C=C3NCOC=C12,-24.426679847188552,187,False,4.95314255679648,0.7790467610552035
N1(C)C(=O)CN2C(C1)C1=CC=CC=C3[C@@](CO)(OC)OC=C3OC=C12,-24.435844685074244,188,False,5.396962501604916,0.7922927332962888
N1(Cc2cn(-c3cccc(Cl)c3)cn2)C(=O)CN2C(C1)C1=CC=CC=C3C=C3OC=C12,-24.45427447182999,189,False,4.535907309515503,0.7441527452441106
C(OC)(=O)/C=C/c1ccoc1O,-24.47061950726629,191,False,2.867772330638605,0.531548235949882
c1[nH]c2c(n1)c1c(c3ccc(Cl)cc13)cccc2,-24.470874415297885,192,False,2.6096064274432926,0.5016115191916991
C=CCN1C(=O)[C@@H](Oc2ccc(C#N)cc2)N2C(C1)C1=CC=CC=C3CC4=CC=CC=C4C=C3OC=C12,-24.471098711220407,193,False,4.88663200925346,0.5769738580587079
c1(O)cc2c(cc1O)C1=CC[C@@H]3C=C4[C@H](O)C=CC=C4C=C3OC=C12,-24.47557387773486,194,True,4.74477297348079,0.635545772458026
N1C(=O)CN2C(C1)c1c(O)ccc3sc4ccccc4c3c1=C2O,-24.5048817009756,195,False,4.039358617384293,0.6905863522608321
CN1C(=O)CN2C(C1)C1=C/C(=C\c3sc(N)nc3C)C3=CC=CC=C3OC=C12,-24.53938920307837,196,False,4.0139252309666364,0.8080193023816861
c1cc[n+](Cl)cc1CN1C(=O)CN2C(C1)C1=CC=Cc3cc4ccccc4cc3OC=C12,-24.60956530015767,197,False,4.070937606002249,0.4429029443144888
[nH]1c(=O)[nH]c2c1[N+]1([O-])CC=CC=C3CC4=CC=CC=C4C=C3OC=C12,-24.69734891819201,198,False,4.901407641450556,0.5744156262815182
CN1C(=O)C(Cl)=C[C@]2(C1)C1=CC=CC=C3CC4=CC=CC=C4C=C3OC[C@@H]12,-24.697952850608544,199,False,5.314421888318165,0.6766274361792999
c1cc(F)ccc1CN1[C@H](CO)CN2C(C1)C1=CC=CC=C3C=C2C=C3OC=C1,-24.75388689604188,200,False,4.6788767945719805,0.7202802431817745
Oc1c2c(ccc1)c1cc3ccccc3cc1cc2C=O,-24.79993717163279,201,False,2.2658040239630655,0.3105634085497508
CN1C(=O)CN2C(C1)c1c(ccc3[nH]ccc31)C=CC(OC)=C2,-24.82447836698111,202,False,3.785747039697388,0.8802999429578027
N1C(=O)CN2[C@H](C1)C1=CC=CC[C@H]3C=C4C=CN=C4C=C3OC=C12,-24.83045609283909,203,False,5.425457178844077,0.7424123590057347
O1C(=O)N2C(CC13OO3)C1=CC=CC=C3C=C3OC=C12,-24.84239511985004,204,False,5.732742780032803,0.4978208853165288
CN1C(=O)CN2/C(=C1/c1cccc(OCC)c1)C1=CC=C3CC4=CC=CC=C4C=C3OC=C12,-24.843668204275215,205,False,3.4934597953981203,0.6890315302155189
Brc1c(OC(C)=O)cc(Br)c2c1C1=CC=CC=C3C=CC=CC=C3OC=C12,-24.8748895139928,206,False,3.0083754863038337,0.2108580783019316
CN1C(=O)C(Sc2n[nH]nn2)c2c(C1)C1=CC=CC=C3C=C=CC=C3OC=C12,-24.88173971478909,207,False,5.562645393818453,0.7821572611342436
N1C(=O)CN2C(C1)C1=CC=CC=C3[C@@H]2O[C@H]3OC=C1,-24.88980095728948,208,False,6.282511276143288,0.6845979784607821
N1CCN2C(C1)C1=CC=CC=C3CCn4nc5ccccc5c4C=C3OC=C12,-24.89258621557383,209,False,4.651145005182698,0.7723264806651768
c1c(CCN2CCC=C3CC4=CC=CC=C4C=C3OC=C12)OC,-24.943970425101725,210,False,3.8403414864271297,0.7823226603379879
C[N+]1(C)C(=O)CN2C(C1)C1=CC=Cc3c(c4ccoc4c(C)c3OC)C=C12,-24.95010499464638,211,False,4.486746036805963,0.7290549162795491
N1=C(OC)C(=O)N2C(C1)C1CC=C3CC4=CC=CC=CC=C4C=C3OC=C12,-24.953316511595403,212,False,5.004652178207407,0.6658205917543756
O1[C@]2(CCCN2)C1,-24.956973880529404,213,False,4.675401266824334,0.4353696756928671
C(N1C(=O)CN2C(C1)C1=CC=CC(=O)c3ccc(Br)cc3OC=C12)c1ccncc1,-24.959799021258505,214,False,3.6751714212612576,0.5743583897573131
CN1Cc2c(C1)c1cc([N+](=O)[O-])ccc1n2C,-24.965523212363905,215,True,2.498689495097512,0.5570748225698919
N1(C)C(=O)CN2C(C1)C1=CC=CC=C3CCC=Cc4cccc(O)c4C=C3OC=C12,-24.96973584453326,216,False,4.703065320465502,0.7158776350405237
[N-]=[N+]=N[C@H]1C(=O)CN2C(C1)C1=CC=C3CC4=CC=CC=C4C=C3OC/C12,-25.016676190432463,217,True,4.758352028063512,0.4450022832839
CN1CCN2C(C1)C1=CC=CC=C3C=C(C)C4=CC=CC=C4C[C@]3(OC)OC=C12,-25.16110854083672,218,False,4.819595773700776,0.7285534861454533
c1ccccc1CN1C(=O)CN2C(C1)C1=CC=CCc3cc4c(cc3OC=C12)c1ccccc1o4,-25.16219734324557,219,False,4.036920204628046,0.3923132583021597
CC1=CC=CC2(O1)C1=CC=CC=C3C=C4CC=CC=C4C=C3OC=C12,-25.24453258920039,220,False,5.626256290930561,0.7277425405489256
N1C(=O)C(C)N2C(C1)C#Cc1ccoc12,-25.24702109667305,221,False,5.167805840007886,0.616868335818225
CN1C(=O)/C(=N\CCN(CC)CC)N2C(C1)C1=CC=CC=C3C=C(OC)C=C3OC=C12,-25.40066454426551,222,False,4.108622782504051,0.7120133278640953
c1cc2c(cc1)C1=CC=CC=C3CC4=C(Cl)C=CC=C4C1=C3OC=C2,-25.519129667456586,223,False,4.288456273365393,0.554470578636487
CN1C(=O)CN2C(C1)OC1=CC=CC=C3C=C4C[C@H](OC)C=CC=C4C=C3OC=C12,-25.530116428280508,224,False,5.308698310457718,0.70374142269289
N1C(=O)CN(C)C2=CC=CC=C3Cc4c(cc4C=C3O2)C1=O,-25.541666398743477,225,False,5.608489648345636,0.6871007217792708
Clc1ccc(/C=C/n2c(=O)c3ccccc3oc2=O)cc1,-25.55969990464564,226,False,2.4464997742783243,0.729740883338491
N1C(=O)CN2C(C1)c1cc3c(OC)cc(OC)cc3cc1SC=C2,-25.57700302499325,227,False,3.693208784608373,0.9093857795681268
c1(F)cc2c(cc1)C1=CCCC3Cc4[nH]c(=O)ccc4C=C3OC=C12,-25.59070345595504,228,False,4.413167599300923,0.7819242081953772
N1C(=O)C=C(SCc2ccc(C)cc2)C2=CC=CC=C12,-25.60809563265684,229,False,2.005866193269421,0.7322008998819858
O1C(=O)CN2C(C1)c1c([nH]c3c1Cc1ccccc13)C2=O,-25.70118352832003,230,False,3.5904321894599764,0.6367190167003766
Nc1c(N)n2c(n1)-c1c(ccnc1)C2=O,-25.778611620376974,231,False,2.998817734188533,0.5373590060985515
CCN1C(=O)N2C(C1)C1=CC=CC=C3CC4=C(CC=CC=C4C=N3)OC=C12,-25.80022704456269,232,False,5.96311693737816,0.7108278310249162
C1CCC2C3=CC=CC=C3C=C(Cl)C12,-25.929393538968725,233,False,3.275668364272084,0.595388949395201
N1C(=O)Cn2c(c1)nc(-c1occc1)nn2,-25.93969925074998,234,False,3.972865660291049,0.7486936207069589
CN1C(=O)CN2[C@H]([C@H]1CO)C1=CC(=O)C=C3CC4=CC=CC=C4C=C3OC12,-25.9399316116087,235,False,4.560096139640775,0.8011558276339598
c1cc(O)ccc1/C(=C/c1ccc2c(c1)OCO2)C,-25.959123911943607,236,False,2.093474118349691,0.8307074422637751
N1=C(OC)CN2C(C1)C1=CC=CC=C3CC4=C(Cl)CC(=O)C(Cl)=C4C=C3OC=C12,-25.998317664828846,237,True,5.320638996631489,0.577812013576927
N1C(=O)CN2C(C1)[C@@H]1[C@@H](OCCc3ccccc31)[C@@H]2C,-26.039410844665326,238,False,4.109332353119294,0.7632260789790526
C[N+]1(C)C(=O)CN2C(C1)C1=CCc3cc4c(cc3OC=C12)-c1ccccc1-4,-26.04519224918272,239,False,4.154488796070989,0.5781507992748528
C1=CC=C2C1=CCOc1ccc(O)cc12,-26.08537034285837,240,False,3.108162489433287,0.6940385841368093
c1ccccc1CN1C(=O)CN2C(C1)C1=CC=CC(Cl)=C3Cc4[nH]ncc4C=C3OC=C12,-26.097039753933927,241,False,4.686998653465423,0.7632010024349166
N(C(=O)CN1C(C(C)C)=CC=C2CC3=CC=CC=C3OC=C2OC=C1)C,-26.11705447722261,242,False,3.9734211258715857,0.904851026643477
Clc1c(=O)n(Cn2cncc2)c2c(c1)C1=CC=CC=C3CC4=CC=CC=C4C=C3OC=C12,-26.12623467272715,243,False,4.144947955704821,0.560939257348092
s1c(=O)cc(Cl)c(=S)[nH]1,-26.161575513547007,244,False,4.087006853379403,0.6167203204268986
n1[nH]cnc1N1CCN2C(C1)C1=CC=CC=C3C[C@@]4(Cl)C=CC=C4C=C3OC=C12,-26.18338629164441,245,False,5.662912448886056,0.7259740191633565
c1cc(OCOC)ccc1CN1C(=O)CN2C(C1)C1=CCN3C=CC=CC=C3OC=C12,-26.21966370060204,246,False,4.0464118463729815,0.6844725019620117
C(N(C)C)c1cc2c(OC)ccnc2s1,-26.228133369848365,247,False,2.457502349573147,0.7968844975514598
Cn1ncnc1-[n+]1cccc2c(Cl)cccc12,-26.233931099295205,248,False,3.140211322813868,0.6140040937163361
CNCCn1ccc2c(O)c(C)ccc12,-26.39704719509245,249,False,2.3143891627599604,0.8005825880452238
N1C(=O)CCN2C(C1)c1ccc(O)cc1C=C2OCc1ccccc1Cl,-26.42120247065941,250,False,3.35670979115225,0.8684482512036252
COCCN1C(=O)CN2C(C1)c1ccc3c4c(cccc4)c(=O)oc3c1C2=O,-26.4667568666506,251,False,3.1810583078897148,0.5139702039816929
N1(C)C(=O)N2C(C1)C1=CC=CC=C3Cc4c(O/C=C\c5ccccc5)cccc4C=C3OC=C12,-26.479273443306283,252,False,4.613327849646349,0.5689527014889819
CN1C(=O)CN2C(C1)c1c(cc(C#N)cc1)Cc1c2cccn1,-26.56213194986458,253,True,3.3114575292078774,0.7453797201587083
C(Cc1ccc2c(c1)OCO2)N1C(=O)CN2C(C1)C1=CC=CC=C3CC4=CC=CC=C4C=C3OC(=O)C=C12,-26.633582638867665,254,False,4.396044581253014,0.588073066768269
Cc1c(O)cc2c(c1OCC)C1=CC=CC=C3C=CC=C(Br)C=C3OC=C12,-26.65143555792247,255,False,3.0362799818083284,0.3797437413276489
CN1C([C@@H](N(C)C)O)c2c(C1)C1=CC=CC=C3CC4=CC=CC=C4C=C3OC=C12,-26.67361520859413,256,False,5.060507709355483,0.7905433232946605
N1C(=O)C[N+]2(CC1)C1=CC=CC=CCCC3=CC=CC=C3OC=C12,-26.698674257671883,257,False,5.1093231651771305,0.5893407159095316
CCN1C(=O)CN2C(C1)C1=CC=CC=C3CC4=CCC=Cc5c4c(Cl)ccc5C=C3OC=C12,-26.722856385167237,258,False,5.939244116317479,0.5420904901087418
CN1C(=O)CN2C(C1)[C@@H]1CCC3=C[C@@H](Br)[C@H](Br)CC=C3OC=C12,-26.778122392004207,259,False,5.223319778977551,0.5388639213963861
C1(=O)CN2C(Cl)=C3CC4=CC=CC=C4C=C3OC(F)=C12,-26.820066289154056,260,False,3.569553852071598,0.6875076839345662
CN1C(=O)Cn2c(c1C(C)C)c1ccc(C(=O)OC)cc12,-26.825983119146255,261,False,2.89362256780059,0.7811669591727296
O1C(OCC)CN2C(C1)C1=CC=CC=C3Cc4cc[nH]c4C=C3SC=C12,-26.83689973181754,262,False,5.324356994989865,0.8589138076567039
n1[nH]c2c(c1)C1=CC=Cc3cc4c(cc3C=C12)ccc(O)c4,-26.90520420362532,263,False,2.4953051323346855,0.4335438528836406
N1C(=O)CN2C(C1)C1=C/C(=C/c3cc4ccoc4cc3)[C@@H]3OC1=C23,-26.94327918876843,264,False,5.388426334946855,0.8755277667456326
c1ccnc2c1C1=CC(=O)[C@H](Br)[C@H]3CC4=CC=CC=C4C=C3OC=C12,-26.98335361512909,265,False,4.636700701934396,0.6244559628082079
Clc1c(C(F)(F)F)cc2c(c1)C1=CC=CC=C3C=CC(Br)=C(Br)C=C3OC=C12,-27.033923452295767,266,False,3.0587981895465184,0.2211889558388464
c12c(sc(Nc3ccc(CN)cc3)n1)cccc2,-27.11522390820392,267,False,1.8025141197509849,0.7527929664487224
N1C(=O)CN2C(C1)C1=CC=C=C3C=C4[C@](SC)(O)CC=C4C=C3OC=C12,-27.129316213542552,268,False,5.892558913071783,0.6998825320537568
O1C(=O)N2[C@@H]3CCC4=CC=CC=C4C=C3OC12,-27.175594895613244,269,False,4.01039539606778,0.683523270371368
C/N=C(/S)Nc1nccc(-c2ccccc2)c1,-27.234636948776824,270,False,2.404149784352331,0.483004611271828
Cc1c(OCc2ccccc2)c2c(o1)C1=CC=C3CC4=CC=CC[C@H]4C=C3OC=C12,-27.301273009608167,271,False,4.154972436414679,0.5838533250416299
CN1C(=O)CN2C(C1)C1=CC=C3C[C@@H]4CC=CC[C@]4(O)[C@@]3(O)CC12,-27.30563256180312,272,False,5.201372091851534,0.639384151171591
C[N+](CCn1c(=S)oc2sccc12)(C)C,-27.344603582645505,273,False,3.7112524433817784,0.6092582266098345
N1C(=O)CNc2c(C1)c1cccc3cc4cc(OC)c(OC)cc4c-3c1o2,-27.35538604553949,274,False,2.968075074264057,0.5681670732784806
C1(=C/c2ccc(F)cc2F)\C=CCc2c1cccc2,-27.605927385855125,275,False,2.4655177547133285,0.6963371013955011
C1(=O)C[C@@H]2[C@@H](CN1C)C1=CC=CC=C3CC4=CCCC4=CC=C3OC=C12,-27.64835717498499,276,False,5.12658203048069,0.653059321091706
c1nccn2ccc3cc4cc(Br)ccc4cc3c1=C2C,-27.776340347010773,277,False,4.049744676777932,0.647063249287263
n1c2c([nH]c1Cc1ccc(OC)cc1)-c1cc3c(cc1C2)OCO3,-27.836739761876515,278,False,2.608140496297711,0.62907022399164
n12nnnc1Cn1c(C3CCC3)cnc1-2,-27.91495766165258,279,False,3.3983306712514683,0.5757577912189927
CN1CCCN2C1C1=CC(=O)C=C3C=CC=CC=C3OCOC=C12,-27.98699058887541,280,False,4.77873477000456,0.6835186139335867
O=[N+]1C(=O)CN2C(C1)C1=C=C=CC=C3Cc4c(cc([N+]([O-])=O)cc4)C=C3OC=C12,-28.03762686469668,281,False,5.51464196234048,0.3176990820520024
CN1C(=O)CN2C(C1)/C(=N\O)C1=CC3=CC=CC=C1N23,-28.13781102619532,282,False,5.661768426970385,0.4652794512948138
COc1cc2c(cc1)COCc1c2cc(OC)c(OC)c1,-28.174184783609235,283,False,2.1348528512013996,0.8661688467226747
n1c(C)[nH]c2c1C1=CC=CC=C3C=C4C(O)=C=C4C=C3OC=C12,-28.18384563795348,284,False,4.921748469610759,0.7838039649685672
C(OC)N1C2OC(CO1)C1=CC=C3CC4=CC=CC=C4C=C3OC=C12,-28.210481233429164,285,False,5.312642527832756,0.8298012490967035
c1ccc(Sc2nccs2)c2c1C1=CC=CC=C3CC(C)=CC=C3OC=C12,-28.2233888886567,286,True,4.171290571218919,0.5669467316134528
N1C(=O)C[C@@]2(C1)C1=CC[C@H]3C(C(=C)C)=CC=C3OC=C12,-28.2806190827414,287,False,5.415470158270816,0.793030960475409
COc1cc2c(cc1OC)C1=CC=CCC3[C@@H]4CC=CC=C4C[C@H]3OC=C12,-28.30262081506953,288,False,4.829428748111189,0.7153065462778354
CN1C(=O)CN2C(C1)C1=CCN3CCc4ccoc4[C@H]3OC(Br)=C12,-28.324563892881542,289,False,4.646731129922929,0.6743799155983969
CN1C(=O)CN2C(C1)C1=CC=CC(OC)=C3CC(c4ccoc4O3)=C12,-28.32669412998939,290,False,5.626748346088739,0.7862997118221587
c1c(/C(N)=C/c2cnccc2)ccc(O)c1,-28.335195972982547,291,False,2.2423491442446526,0.8021852689947291
N1(C)C(=S)CN2C(C1)C1=CC=CC=C3C(C4=CC(=O)C=C4)OC=C3OC=C12,-28.373623127009523,292,False,5.520384497872179,0.65350625906663
N1C(=O)CN2C(C1)/C(=C\C(C)C)C=C/c1cc(OC)c(O)cc12,-28.45280221966277,293,True,3.8427522188931937,0.8792568977319364
c1c2nn(C(/C=C/c3ccc(Br)cc3)=O)cc2ccn1,-28.61192885346736,294,False,2.66090147178401,0.6761118474715411
CN1C2=CC=CC(CC1)C1=C(OC)c3cc4ccccc4cc3OC=C12,-28.79451313719619,295,False,4.407957536553564,0.7365609537384058
CSc1nc2nc(-c3coc4c3cccc4)[nH]c2s1,-28.81814116261012,296,False,3.0897761413267153,0.5625329025317469
CN1C(=O)CN2C(C1)C1=CCc3cn4c(c3C=C1OC=CO2)OCO4,-28.845352445272056,297,False,5.095088975167655,0.6897528754736879
c1(SS(C)(=O)=O)cnn(C)c1,-28.89679533482092,298,False,3.088420495448423,0.6391764663239418
C/C=N/S1(=O)CN2C(C1)CCC1=CC=C3CC4=CC=CC=C4C=C3OC=C12,-28.897520585232087,299,False,4.947996705590876,0.5957243210225746
CN1C(=O)CN2C(C1)C1=CC=CC=C3c4cc(OC)c(O[C@@H]5O[C@H](C(O)=O)[C@@H](O)[C@H](O)[C@@H]5O)cc4C=C3OC=C12,-28.93218084074897,300,False,4.905367948118989,0.3687850592591731
O=C(C)N1CC2=CC=CC=C3C=C2C2=CC=CC=C2C=C3OC=C1,-28.950523089268245,301,False,5.047757639154853,0.7179982865052039
CN1C(=O)CN2C(C1)c1cc3c(cc1C=Cc1c4ccccc4[nH]c1)cc23,-29.072367993635908,302,False,4.292875210178373,0.7569070742991929
CN1C2OCC(S1)=C1CC=CC=C3CC4=CC(=O)C=C4C=C3OC=C12,-29.07383462439884,303,False,6.031772582126672,0.6223856106979743
FC(F)(F)SCCN1C(=O)CN2C(C1)C1=CC=CC=C3CC4=CC=CC=C4C2=C3NC=C1,-29.179514785299062,304,False,5.584437723014292,0.7376213119629803
N1C(=O)CN2C(C1)Cc1c3c(cc(N)c1)cccc3C2=O,-29.2108513969888,305,False,3.155228999043837,0.7050359557049382
CN1C(=O)n2c(n1)C1=CC=CC3CC4=CC[C@H](O)C4=CC=C3OC=C12,-29.433486196752256,306,False,5.353504890553995,0.7859572344000455
CN(C)C1=Cc2c(cccc2O)C2=CC=C3C=C=CC=C3OC=C2O1,-29.48440773326729,307,False,4.415930082330489,0.7877493322699196
CN1C(=O)CN2C(C1)C1=Cc3cc4ccccc4cc3/C(=C\c3c(N)cccc3)C12,-29.49256396125702,308,False,3.8679199079733735,0.6384830917595398
C1(=O)COc2cccc3n4c(nnc4-3)c2O1,-29.5027196160745,309,False,3.070650275675665,0.5133774099624112
OCCCN1C(=O)CN2C(C1)C1=CC=CC=C3CCC4=CC[C@H](Cl)[C@H]4C3OC=C12,-29.5205502198088,310,False,5.520883602839907,0.5695921857759059
CN1C(=O)CC[n+]2cc(Cl)c3c([N+](=O)[O-])cccc3oc12,-29.5274109670101,311,False,3.679824522288934,0.4498412751172836
N1CCN2C(C1)C1=CC[C@]3(C(=O)C)c4ccc(F)cc4C=C3OC=C12,-29.52845174741469,312,False,4.559709511942328,0.8542000186891726
C(CN1C(=O)CN2C(C1)C1=CC=C3CC4=CC=CC=C4C=C3OC=C12)SSC(F)(F)F,-29.546679217462497,313,False,4.361348693277157,0.475122142755866
CN1C(=O)N(CC)[C@@H]2CC3=CC=CC(=O)C=C3C=C12,-29.57226701163495,314,False,3.683271898333571,0.7670246540085605
C1CC=CC2=C[C@@H](O2)C1,-29.59438053931808,315,False,4.960768791780426,0.4772335412875677
C1CN2[C@H](C1)C1=CC=C[C@]3(O)CC4=CC=CC=C4C3=C12,-29.682317243656144,316,False,4.0028980281323525,0.7776108383641339
C/C(=N\OC)S1=CCN2C(C1)C1=CC=CC=C3C=C2C=C3OC=C1,-29.707107392634494,317,True,5.710278057777684,0.3334191144251702
c1c2ncc(O)cc2c2c(F)c(F)cc1-2,-29.72404078401973,318,False,3.9532199319907297,0.6798793340795529
N1C(=O)N2C(C1)c1c3ccccc3[n+]([O-])c(OC)cc1c2,-29.795225467156342,319,False,4.478588999043835,0.5641048205225534
CN1C(=O)CN2C(C1)c1cccc3c1C(C(C)(C)C)CO[C@H]23,-29.810281443629265,320,False,5.272194145634488,0.7382999636925327
c1(O[C@@H]2C[C@H](O)[C@@H](CO)O2)ccc2c(c1)-c1c(cccc1)C2=O,-29.818758688972597,321,False,3.2491934672601035,0.7703393410554156
CN1C(=O)CN2C(C1)C1=CC=C[C@H](OC(=O)C)c3cc4cnccc4oc3=CC=C12,-29.845696266865843,322,False,5.0004124366683165,0.6698577523170213
c1cccc2c1/C(=N/Nc1sccn1)Oc1ccccc1C2=O,-29.851905202613125,323,False,2.5099309494444224,0.575078923725329
CN1C(=O)CN2Cc3c(cccc32)C(=O)c2c1ccc1ccccc12,-29.899957233853456,324,False,3.527952967477072,0.6351902667317116
CN1C(=O)[C@@H](C)N2C(C1)C1=C[C@H](O)[C@H]3C[C@@]4(O)CC=CC=C4C=C[C@H]3OC=C12,-29.99137098028723,325,False,5.536015931128362,0.6598135031582893
N1C(=O)CN2C(C1)C1=CC=CC=C3C[C@@](CCC)(C(C)C)OC[C@@H]3OC=C12,-30.0561104793469,326,False,5.445743066703988,0.8295543003438988
COc1c(OC)c2c(cc1OC)C=CC=C1CC3=CC=CC(Cl)=C3C=C1OC2=O,-30.11425156309815,327,False,3.5630002626094397,0.6608119564606374
Cc1c2c(ccc1)-c1ccc3nc(-c4ccccc4)[nH]c3c1C=C2,-30.14356704991269,328,False,2.088792717316128,0.3868554293534419
N1C(=O)c2c(nccn2)N2C(C1)C1=CC=CC=C3C[C@@H](C)OC(C)=C3OC=C12,-30.16632372596996,329,False,5.131757139210956,0.7503262517685152
C1=C(OCCO)C(=O)c2cccc(F)c2C1,-30.178566814946866,330,False,2.723240783040641,0.8416723917813406
n1(-c2ccc(CN=[N+]=[N-])cc2)c2c(cncc2)cc1,-30.20975804476234,331,True,2.5769343830849554,0.3948138645903913
N1(C)C(=O)CN2C(C1)/C(=C/Br)c1oc(-c3ccco3)cc12,-30.29828100925215,332,False,3.94680438365922,0.7944493489816716
C1(c2ccccc2)=CC=C2C[C@@H]3N(CC)C=CC=C3OC=C12,-30.343597701300496,333,False,3.965848676626825,0.7990206195091255
Cn1c(=O)cc2c3c1-c1ccoc1-[C@@H]3CO2,-30.426969179439084,334,False,3.896536496100466,0.6682526687577152
[N+](c1cccc(CCOC(=O)c2cocc2)c1)([O-])=O,-30.520589080260606,335,False,2.173348943524518,0.4689916137250702
CN1C(=O)CN2C(C1)C1=C(/C=C/CCCc3c4c(cccc4)oc31)OC=C2,-30.53478522951764,336,False,4.383623437659212,0.717204105323484
O1C(=O)[C@@H](C)N2[C@@H](C1)C1=C(C2)c2cc4ccccc4cc2C1=O,-30.568811587524465,337,False,3.722046824963297,0.701359712997115
C(N1C(=O)C2=CC=C3CC4=C/C=C4C=C3OC=C2C1=O)(C)=O,-30.71041896445513,338,False,4.060038741802142,0.6391017032372764
N1(C)C(=S)NC2=C1C(=O)C=CC=C1c3cc(OC)ccc3OC=C12,-30.74122903671082,339,False,3.34257307548323,0.8063967807413659
c1ccccc1CCN1C(=O)CN2C(/C=C/[C@H]3CC4=CC=CC=C4C(=O)C3)=C12,-30.85077661397395,340,False,3.380721872617668,0.8080548941650256
CN1C(=O)CN2C(C1)C1=C/C=C\C=C3/C(=O)c4c(cccc4OC3)C=C12,-30.8742753312863,341,False,4.413999214760372,0.7356043617618577
CN1C(=O)CN[C@@]2(c3c4c(cc[nH]4)ccc3)C=C[C@@H]12,-30.91354676866604,342,False,4.217571519989503,0.7539534838136962
N1C(=O)CN2[C@H](C1)Cc1ccc3cc(F)c(F)cc3c1C2(C)C,-30.957115400761268,343,False,3.4763202477393467,0.8103830690861733
CN1C(=O)CN2C(C1)C1=C/3C=C(Br)C(C=O)=C3OC=C12,-31.085913394109863,344,False,4.0652886465305755,0.7506754928621848
CN1C2=CC=Cc3cc4c(cc3C(C)=C2C=O)OC=C14,-31.094055057968944,345,False,4.556874452079525,0.4823550302141169
CN1C(=O)Cc2c(c(C#C)ccn2)-c2c1[nH]cc2,-31.104684781373862,346,False,3.57118375178377,0.7070550644561252
CN1C(=O)CN2C(C1)C1=CC=CC=C3C(C(c4cc5[nH]cnc5cc4)=C(OC)C(=O)C3=O)=C12,-31.11874597659198,347,False,3.621753936284745,0.4811765548526146
c1c(Cl)cccc1N1C(=O)CN2C(C1)C1=CC=CC=C3C(OC)=CC(F)=C3C=C12,-31.168221057647088,348,False,4.41454835715049,0.7246570764070455
COc1cc(OC)cc(C(=S)NC(c2ccc[nH]2)=O)c1,-31.221047070095665,349,False,2.5277281580288005,0.8468537708243511
CN1C(=O)CN2C(C1)c1c/c(=C\c3c(O)c4cc(O)ccc4oc3=O)ccn12,-31.23493916863617,350,False,4.148461735348331,0.7225049130881968
CCN1C(=O)CN2C(C1)C1=CCN=C3CC4=CC=C[C@@H](F)[C@H]4C=C3OC(C)=C12,-31.30998224084533,351,False,5.68121848818997,0.7016541127727342
CN1C(=O)CN2C(C1)C1=Cn3c(=O)c4ccccc4c3=C1[C@H]2O,-31.334518665572915,352,False,3.959364705544255,0.6720657106011972
c1ccccc1/C=C1\C(=O)Nc2c(C(CO)=O)c[nH]c21,-31.34078815753685,353,False,2.786561139520993,0.5848229325740419
N1C(=O)C(=O)N2C(C1)[C@@]1(OCc3ccc(Cl)cc3)C=CC=C12,-31.345972733035524,354,False,3.9656516878974983,0.8573912189893872
NC(=N)NC1=CC=CC=C2C3=Cc4cc5ccccc5cc4C=C3SC=C12,-31.368129750713702,355,False,3.4131370621301347,0.310519906545218
OC1=Cc2c(cc(Br)c(O)c2Br)C2=CC=CC=C12,-31.44714383930068,356,False,2.3391092721457607,0.5528660930077343
N1C(=O)CN2[C@@](C1)(c1ccc(Br)cc1)CC=CC(=O)c1c2ccc(Br)c1,-31.45256808071304,357,False,3.557093475143935,0.6723768494055979
O1C(=O)c2ccccc2N2C(C=O)C=CC=C3CC=CC=CC=C3OC=C12,-31.48016052503488,358,False,4.684826358788715,0.5614509219768435
OCCCN1C(=O)CN2C(C1)C1=CC=C[C@H]3Cc4ccccc4C=C3O[C@H](C(C)C)[C@H]12,-31.53668584594664,359,False,5.110687454682779,0.8136975897171776
Cc1onc(-n2c(=O)oc3n(c2=S)n3)n1,-31.571923830285183,360,False,3.933268283639082,0.631189491872207
c1cc(C(F)(F)F)cnc1N1C(=O)CN2C(C1)C1=CC=CC=C3C[C@H]4OC(CCl)=CC=C4C=C3OC=C12,-31.61022553497037,361,False,5.317491709301839,0.4981445155021843
CN1CCN2C(C1)C1=C2C=Cc2oc(CCl)cc2C=C1OC=C,-31.664332391625067,362,False,4.492200885851235,0.6269319892293507
CN(C)C(=O)CN1CCC2=C(C1)C(=O)c1cc(OC)c(C=O)cc1-2,-31.755217272377426,363,False,2.8273167200739344,0.7784141989614353
CN1C(=O)CN2C(CCBr)C1=CC=CC=C(Cl)C2(C)C,-31.79504130797432,364,False,5.69538541784217,0.7065438561999362
OS(=O)(=O)N1C(Sc2ccccc2)=C2C=C=CC=C3OC=C2OC=C13,-31.80698489759783,365,False,5.615730082330488,0.6460539506647396
CC(C)(CO)c1c2c(c(C(C)(C)C)o1)cccc2,-31.84403661405304,366,False,2.7883731182996065,0.8684829550890215
C[N+]1(C)[C@@H](C)C2=CC[C@H]3CC4=CC=CC(=O)[C@H]4[C@@H]3[C@@H]12,-31.881704109724524,367,False,5.313894941878647,0.4805456789808679
CCc1c2n(cn1)C(=O)c1c(C#N)cncc1C2=O,-31.8844553441495,368,False,3.177683776615954,0.6427619711568141
CN1N(C)C(=O)C=C2C(C1)C1=CC(=O)[C@@H]3CC4=C=CC=C4C=C3OC=C12,-31.91990282615211,369,False,5.596015467932049,0.6311661703642516
N1C(=O)CN2C(C1)C1=CC=CCOc3c(C)c4c(Cl)cccc4c(C=O)c3C=C12,-31.925297847585625,370,False,4.613629358077274,0.7343817695257445
c1ccncc1N1C(=O)CN2C(C1=O)C1=CC=CC=C3C=C4C=C3OC[C@@]21O4,-31.97647752773446,371,False,6.529881696225757,0.6964465100845447
S=C(Nc1[nH]cnn1)N1C(=O)CN2C(C1)C1=CC=C(OC)C=C3C=C1OC=C23,-32.0916314173694,372,False,5.877053698508817,0.7199236191318155
C(#N)CN1C(C(OCC)=O)C=CC=CC=C2C=C2OC=C2C=C2OC=C1,-32.121028131114144,373,False,5.09375132361007,0.5755403634687083
c1c(S(=O)(c2c(C)cncc2C)=O)[nH]c2cccnc12,-32.180869349552495,374,False,2.875939147039789,0.7849735231603184
N1(C)CCN2CC=C3C=C4C=C(Br)C(=C3OC=C12)OC=C4C,-32.19404633784143,375,False,5.0863374021832115,0.6607712777291235
c1(Br)c[n+]2c(o1)C1=CC=CC=C3CC(S)=C(C=O)C=C3OC=C12,-32.2223115216766,376,False,5.19561487186522,0.45258434455809
N1C(=O)CN2[C@@](C1)(c1ccoc1Br)C1=CC=C[C@H]3[C@H](O)C4=CC=CC=C4C=C3OC=C12,-32.25375126445135,377,False,5.365386762514319,0.6522872180784718
[nH]1c2n(c(S)nn2)c2ccc(CC=C(C)C)cc12,-32.30672330572315,378,False,3.1888452902453075,0.5480374967431694
Oc1c2c(O)c3c(c(C)c2oc1C)c1ccoc1c3=O,-32.39812161634154,379,False,3.3644464247620673,0.5120207846519786
c1ccc2c(s1)c1c(c3n2-c2ccccc2C3)cncc1,-32.42587340639511,380,False,3.5483491149376647,0.7408794071001757
c1[nH]c2c(n1)C1[C@H](O)C=C3CC4=CC/CC(=O)C=C4C=C3OC=C12,-32.43705778389403,381,False,4.930152123711749,0.7704660087235454
CN1C(=O)CN2C(C1)C1=CC=C=CCn3c(-c4[nH]ccc4)ncc3C=C12,-32.53940371101771,382,False,5.222919639399544,0.8048245602601989
[nH]1c2nc3ccccc3cc2c2sc(-c3cc(F)ccc3)nc12,-32.559902625291215,383,False,2.514927782023607,0.4650699830635032
CCN1C(=O)CN2C(C1)[C@@H]1CC=CC=C3C[C@H]4C=C[C@@](C(=O)OC)(O)[C@H]4[C@@H]3OC=C12,-32.58142470228404,384,False,5.799693846844711,0.5452719808988324
n1cn(C)cc1CN1C(=O)CN2C(C1)c1cc3ccccc3cc1CC2Br,-32.616359618250726,385,False,3.827982610384773,0.4678387865390004
CCN1C(=O)CN2C(C1)[C@@]1(c3cc(O)ccc3C(=O)O1)[C@H]2C,-32.68139097285712,386,False,4.675108484194517,0.7731163806946258
C=CCN1C(=O)CN2C(C1O)C1=CCC=C3C[C@@H]4OC[C@H]4C=C3OC=C12,-32.804225009285005,387,False,5.846599951002123,0.7605089396143575
C(N1C(=O)CN2C(C1)c1cc([N+]([O-])=O)ccc1C=C2)(c1cc2cc(O)ccc2o1)=O,-32.825224231782215,388,False,3.612973483748047,0.3954997668464862
CCCN1C(=O)CN2C(C1)C1=CC=CC=C3C[C@H]4O[C@H](CO)C[C@H]4C3=COC=C12,-32.84860565030499,389,False,5.453803932510237,0.7929644925445672
c1(N2CC=CC=C2C=O)cc(F)c(O)c(OC)c1,-32.86782140919581,390,False,3.153642502914992,0.8322926002928258
C1(=S)N2C(C=C)C=CC=C1c1c(OC(C)=O)cccc1C2=O,-32.87287223300609,391,False,4.438224331866757,0.3645678177939551
C=CCN1C(=O)CN2C(C1)C1=C(Br)c3cc(OC)ccc3C(CCl)=C12,-32.994735223636894,392,False,3.695701559843253,0.5467199809814451
Cl[C@@H]1C(=O)CN2C(C1)c1cccc3c(C(OCC)=O)c4cnccc4C=C3OC=C12,-33.10906516241744,393,False,4.265824064575294,0.439081141636605
N1(C)C(=O)CN2C(C1=CC=C)C1CC(Cl)=C3CC=C(C)C=C3OC=C12,-33.143790483730754,394,False,5.098941764689583,0.7157204231356694
N#CN1C(=O)CN2C(C1)c1cc3c(cc12)C=C1CC4=CC=CC=C4C=C1OC3O,-33.16868184627788,395,True,4.512169625858341,0.7081868927087986
CN1C(=O)CN2C(C13C1=NC=CC=CC3)C=CC=CC12,-33.30096436292797,396,False,6.671004501660408,0.662840743573821
N#CC[C@H]1O[C@@](C(OC)=O)(O)CN2C(C1)C1=CC=CC=C3CC4=CC=CC=C4C=C3OC=C12,-33.33505460829815,397,False,5.314789610382917,0.7009904812776127
N1C(=S)CN2C(C1)C1=CC=CC=C3/CCC/C(=C/c4ccco4)C(=O)C=C3OC=C12,-33.33990224963054,398,False,4.8727104193321535,0.5451102399087464
CN1C(=O)CN2C(C1)C1=C/C=C3\C=C[C@H]4[C@H]([C@]3(O)CCCC4=O)OC=C12,-33.379699560807694,399,False,6.449410202328085,0.7001247516720456
CN1C(=O)CN2C(C1)C1=CC=CC=C3[C@H](CO)OC(Cl)=C3OC(=O)[C@@]12Cl,-33.44089449610112,400,False,5.539898317606352,0.4001845656380606
O=S1(=O)CN2C(C1)c1c3ccccc3c3c(c[nH]c3=O)oc1=C2C,-33.442190615814525,401,True,4.429606915633359,0.6742305616437786
N1C(=S)N2C(C1)C1=CC=Cc3cocc3C=C1OC[C@H]2c1[nH]c3ccccc3c1,-33.48978626244934,402,False,4.558527445945229,0.5927313017761313
c1(=O)[nH][nH]c2c(CCC)c(N)cc-2c1N,-33.52241677822167,403,False,3.262745126308608,0.5874304285166115
c1(OC)ccc(O)c(OC)c1-c1[nH]c(-c2ncncc2)nn1,-33.559701912821765,404,False,2.880231049494448,0.7540053974039256
[O-][n+]1c(O)c2c(s1)C1=Cc3c(ccc(N)c3O)OC=C12,-33.59087442714372,405,False,3.688067993193636,0.1992135973435725
CN1C(=O)CN2C(C1)=C1/C(=C3/SCCN3)C=C3C=CC=CC=C3OC=C12,-33.65592531476568,406,False,3.570606007682283,0.7629547101022144
N1CCN2C(C1)C1=C(CO)C=CC=C3CCc4cc(-c5ccc(F)cc5)ccc4C=C3OC=C12,-33.65617935718183,407,False,4.384560311184812,0.6900117251805113
Cc1c2c(ncc1)c1c(c(=O)n(C)c3ccc(OC)cc13)o2,-33.732222322616735,408,False,2.627343704581296,0.5409052262489039
S1(=O)(=O)C(C)=C2CC3=CCc4cc(C)ccc4C=C3C=C2OC1,-33.78171893791455,409,False,3.801352790725312,0.7276662933935099
Clc1c(Nc2ncccc2)cccc1/C=C/c1ccn[nH]1,-33.79609913084528,410,False,2.683849575767157,0.7513298176828586
N1C(=O)CN2C(C1)C1(C)C=CC=C/C[C@@H]3Cc4ccsc4C=C3OC=C12,-33.86303104614672,411,False,5.462315625298659,0.7645749287334864
N1C(=O)CN2C(C1)C1=C(OCCC)C=Cc3c(c4ccccc4cc3O)C=C1N2,-33.877147861991034,412,False,4.066694915517507,0.7528351646666759
C1N2C(C[C@@H]2CC(C)=S)C2=CC=CC=C2OC=C1,-33.94113648153143,413,True,4.197072074538665,0.7544025833237331
CN1C(=O)CN2C(c3ccc4sc([N+](=O)[O-])nc4c3)C=CC(C)=C2C=C1,-33.96651626693745,414,False,4.208625500319794,0.5996643764990431
c1c(OC)ccc2c1C1=CC(=O)C=C3Cc4cc5c(cc4C3N12)OCO5,-33.985941421805364,415,False,3.495659685889093,0.7928459228385316
C(#N)CN1C(=O)N2C(C1)c1c3c(cc(OC)cc3)oc12,-34.116834765532985,416,False,3.588331416918084,0.7839891400131402
Fc1cc2ncccc2c(F)c1N1C(=O)CN2C(C1)C1=CC=CC=C3OC=C1OC=C32,-34.181393354744046,417,False,5.159129851444833,0.5879415690103028
n1c(-c2ccccn2)cn(C(C#CCCO)=O)c1,-34.207255667691015,418,False,3.039613354985998,0.7954209377901503
C[N+]1(C)C2=CCc3cc(OC)c(OCc4ccccc4)cc3SCC12,-34.20842505643668,419,False,3.49828507632677,0.6035470527441935
c1c(Oc2c(C)ncn2C)ncc2c1csn2,-34.41575402408034,420,False,3.4530496273664593,0.6968726926498725
O/N=C(\S)c1[nH]cc2nc(-c3ccn(C)c3)ccc12,-34.45459425546869,421,False,3.5009745845501588,0.2206349826008227
CN1C(=O)CN2C(C1=O)C1=CC=CC=C3C=C4C=C(OC)C(=O)COC[C@@]43OC=C12,-34.51948553457464,422,False,5.726654943555265,0.592374283424052
COc1cc2c(cc1)c1coc3cc4ncnc-4cc3c(N)n1c2=O,-34.56563511049899,423,False,2.7864050823304876,0.5068583312738298
CN1CCN2C(C1)C1=CC=CC(Br)=C3C[C@@](C)(OS(C)(=O)=O)[C@@H](O)C=C3OC=C12,-34.61740978884518,424,False,5.498554518894687,0.5999101645402141
CN1C(=O)CN2CC[C@H]3[C@](O)(c4ccc(OC)cc4)OC[C@H]2C31,-34.664222473694736,425,False,5.215994764715852,0.8552687583237049
C[n+]1c2c3ccccc3[nH]c2cc2c1C=CC=CC(C=C)C2,-34.695029949594755,426,False,4.0198312357984225,0.5139600484474975
C1C=C[C@H]2C(C1)C1=CC=C3CC4=C=CC(C)(C)[C@H]4C=C3OC=C12,-34.708471575635485,427,False,5.548342929737924,0.4313240087129447
N1C[C@@]2(C(O1)C(C)=C1CC=CC=C3Cc4ccccc4C=C3OC=C12)O,-34.71578788314946,428,False,5.14528162562239,0.755787180552583
[nH]1c(=O)c(NC)cn2n1C1=CC=CC=C3C4=CCCC=C4C=C3OC=C12,-34.71881015336942,429,False,4.338210900463991,0.5546439178642004
N1(C(=O)N)CN2C(C1)C=CC=Cc1c3ccccc3cc2c1O,-34.772871525958976,430,False,4.807733386382433,0.785880186926383
CCN1C(=O)CN2C(C1)c1cc(OC)c(OC)cc1C(c1sc3c(c1Cl)OCO3)=C2C=O,-34.77974728000618,431,False,4.061801736392218,0.6124113092481026
c1c(OCCO)cn2c(n1)c1ccccc1c1c2=CCOC1=O,-34.82149466388,432,False,3.7851650312976,0.7689621996797167
COc1c(OC)c(OC)c2c(c1OC)C=Cc1c(OC)cc2-c2ccccc2C=C1OC(=O)C,-34.83748901228046,433,False,4.018531331751456,0.5597375264486016
CSC1=CC=CCCN2C1C1=CC=CC=C3C=C(C)CC=C=C3OC=C12,-34.862458759511355,434,False,5.584169436970394,0.568468254626962
CN1C(=O)CN2C(C1)[C@@H]1[C@@H](O)c3cc([S+](CC)[O-])c(O)c(O)c3C=C12,-34.86285512872075,435,True,5.366832101908868,0.5175034688984973
c1sccc1CSc1n2c(nn1)-c1cnc3cc4ccccc4cc3c1CC2=O,-34.87592455444974,436,False,2.843101236369169,0.3000600103818989
N1C(=O)CN2C(C1)C1=CC=CC=C3C=C(C(C1=O)CC2=O)C(C)CC3,-34.876372279804855,437,False,6.10884632709445,0.7307234329951195
O1c2ccccc2-c2c1c1c(c(N)no2)[nH]cn1,-34.92708559521998,438,False,3.3135370515361817,0.626931107333059
Cc1ccn2occ(-c3cc4sc(O)nc4[nH]3)c12,-34.954456961177584,439,False,4.0347976745126255,0.5515178466200195
CN1CCN2C(C1)C1=CC=CC=C3[C@H]4C=C(SC)[C@H](Br)C=C=C4C=C3OC=C12,-34.958179455119534,440,False,5.973949236053217,0.4268880585801327
CNC(Nc1cn2c(n1)c1ccccc1cc2-c1ccccn1)=O,-34.981863513734424,441,False,2.4958956611328755,0.5956887647679713
CN1C(=O)CN2C(C1O)C1=CC=CC=C3C(CC=C)=C(N(CCC)CC)C(=O)C=C3OC=C12,-34.98719434988448,442,False,4.627486422183499,0.6806837392262398
C(=O)(C[N+](=O)[O-])c1cc(CC)c(Cl)cc1O,-35.01753611017807,443,False,2.640073750073608,0.4986557099486984
CN1C(=O)CC2(C)C3=C=CC=C4C=C=C(Cl)[C@@H]4C=C3OC=C12,-35.0762614217615,444,False,5.741236905905296,0.6404205817731049
OC(=O)Cn1c2c(cc1)CC=Cc1c(c(=O)cco1)C2=O,-35.0872242617875,445,False,3.3804357977463795,0.8985599186251939
CN1C(=O)CN2C(C1)C1=CC=C=C3[C@@H](O)c4c(c5occc5c4C=C3OC(C)=O)=C12,-35.11820893345566,446,False,6.15067560089028,0.5694141826997334
COC(=O)CN1C(c2occc2-c2ccco2)=C(C(OC)=O)C1=O,-35.121474209653115,447,False,2.92535381432297,0.6035112616354875
O1C(=O)CN2CCCCC/C2=C\1c1ccc(O)c(OC)c1,-35.15082954347679,448,False,2.733087466586015,0.8476966747068467
CN1C(=O)CN2C(C1)C1=CC=CC=C3CC4=C[C@H](Br)[C@@](C#CCO)([N+]#[C-])[C@@H]4C=C3OC=C12,-35.18211138664674,449,False,6.166319307907348,0.2447140060544462
CN1C(=O)N=C2C(C1)C1=CC=C[C@H](C)C3=CC=CC(=O)C3=C1S2,-35.34073745485102,450,False,4.818275711461412,0.6870099077620588
CN1C(=O)CN2C(C1=CC=C)=C1C=C=CC=C1OC=C1C=C12,-35.43309923419429,451,False,4.893516763780164,0.7428061087988789
c1(CO)c(C)c(Br)c2c(c1Cl)c1ccccc1cn2,-35.48832988749291,452,False,2.693987985614502,0.6585708058548628
c1cc2c(cc1)n1c(o2)cc2c(O)cc(=O)n(C)c21,-35.5271974793277,453,False,3.060548943524516,0.5232348809245463
N1C(=O)CN2[C@@H](C1)C1=CC=CC=C3C=C4C=C4/C(=C\C3=O)OC=C[C@]12O,-35.56725533749159,454,False,6.090095419606699,0.6293906375175523
C1CN2C(C1)C1=CC=Cc3c(O)c4ccc(O)cc4c(c3OC=C12)OCOC,-35.59599437419092,455,False,3.7540649685526617,0.6393100919285957
c1c(=O)oc2c(c1-c1cc(NC)c(O)c(OC)c1)c1ccccc1[nH]2,-35.64770763652314,456,False,2.7065818970650497,0.4966204526586733
N1(C)C(=O)CN2C(C1)[C@@H]1[C@H](Oc3ccc(C)cc3C=C1)OC[C@@H]2C#N,-35.65148710157473,457,False,4.539256290934423,0.7149281258660254
C1CN2C(C1/N=C/c1cc(Cl)c(Cl)cc1)C1=CC=CC=C3OC=C1N23,-35.65884905523882,458,False,5.570436393604635,0.7252078450283573
COCCN1C(=O)COc2c(ccc3c2CC=CCNC3=O)C1=O,-35.688817224214176,459,False,3.0159137994651317,0.6456610604159834
C(=C\c1[nH]ccc1)\c1c2c(ncc1)CCn1c-2nc2ccccc12,-35.70861610979409,460,False,2.949319342451556,0.6041039742501019
C(C)c1c2c(sc1-c1cc[nH]c1)C1=C/CC=C3CC4=CC=CC=C4C=C3OC=C12,-35.70979977047318,461,False,4.263379799238438,0.4969648407982088
[O-][N+](=O)c1ccc2c(c1)C(=O)c1c(c(=O)o1)-c1c(ccc(Cl)c1)C2=O,-35.77008233675713,462,False,2.655250567280321,0.3774769637356193
c1(Cn2nnc(-c3sc4c(cccc4Br)c3)c2)cccs1,-35.788077758279314,463,False,2.685546846238621,0.5020328338938891
CN1C(=O)C2C(SCCN2Cc2ccccc2)=C2C3=CC=C4CC=CC=C4C=C3OC=C12,-35.83705600293752,464,False,4.263541736392218,0.6590186823942668
c1cccc(Oc2cccc3c4c(ccc(C(O)=O)c4O)oc32)c1,-35.86820907877882,465,False,2.249380630076976,0.5674992638294607
BrCc1c(O)c(CC)c2c(n1)-c1cc(OC)cc(OC)c1C=C2C,-35.94074606984941,466,False,2.836853783010998,0.5098863426636966
N1C(=O)CN2C(C1)C1C=C(Cl)C=C3C[C@H](Oc4ccccc4C#N)[C@H](O)[C@@]123,-35.94218790409468,467,False,5.246688006815052,0.8037016580528407
C(#N)CN1C([C@]23CC4=CC=CC=C4C=C2OC3)=CC(=O)C=C1O,-36.022513219347275,468,False,4.0215952914456405,0.919806451400624
CN1C(=O)CN2C(C1)c1cc(C)c(Br)c3c(C)c4ccccc4c(SCC#N)c3OC=C12,-36.025264778100336,469,False,4.332814038080808,0.3953930711286555
O1C(=O)CN2C(C1)C1=CCC(C(OC)=O)=C3C/C(=C\c4ccco4)C=C3C=C12,-36.089201229340574,470,False,4.388237111308516,0.7384782281754577
O[C@@H]1C(=O)N2C(CC1)C1=CCSc3c4c(nccc4)[nH]c3OC=C12,-36.118241293421306,471,False,5.049351678147591,0.7678366894247298
CN1Cc2c(OC)cc(/C=C/C=C/c3cc[n+](C)cc3)cc2C=CC1,-36.12201200632262,472,False,3.271549313099719,0.6264287777380562
C1=CC(=O)CN2C1(O)c1cc3ccc(O)cc3cc1C=C2OC(C)C,-36.15602108021608,473,False,3.935607933469628,0.8817447980847807
CN1/C(=N\OC)CC[N+](C)(C)c2ccc(OC)cc2C1=S,-36.16374927817742,474,True,3.686975604237837,0.4765955730532753
CCN1C(=O)CN2C(C1)c1nc(C)cc3cc4c(nccc4C=C31)OCO2,-36.1941233568482,475,False,5.540366076240858,0.6184674690339507
CN1C(=O)CN2C(C1)C1=CC=CC=C3[C@@H](C)[C@@H](O)[C@H](COC(CC)=O)C3OC=C12,-36.238592389289806,476,False,5.484478270749561,0.7212500210063012
c1c([N+](=O)[O-])cccc1N1C(=O)CN2C(C1)C1=CC=CC=C3C=C(C=C3F)C=C1C=N2,-36.28658303953978,477,False,4.901404097870587,0.5419545875910723
CCc1c(O)n2c([n+]1C)C1=CC=CC=C3CC4=CC=CC(=O)C=C4C=C3O[C@]12O,-36.30215828185237,478,False,5.041811025836491,0.73237085009595
C(ON(c1ccc(OC)cc1)C)#CCOC(C)=O,-36.40850781969493,479,False,2.9490461952226834,0.4604721303982149
C#CCN1C(=O)CN2C(C1)C1=CC=C3Cc4cc(CC(OC(C)C)=O)ccc4C(=O)C=C3OC=C12,-36.42075265603114,480,False,4.207022728114282,0.4976515639661213
c1c(F)c(F)cc(F)c1/N=C1/C(=O)CN2C(C1)C1=C/C=C3/C=C4/C(=O)C=C4C=C3OC=C12,-36.49677612851383,481,True,3.883475464202869,0.3970725937716137
CN1C(=O)CN=C(c2ccccc2)c2c1c(O)cc1ccc(-c3ccccc3)nc21,-36.5005753521059,482,False,2.608576420006095,0.5481948580279268
CN1C(=O)C=C2CC=C(C(O)=O)C=C3CC4=CC=CCC=C4C=C3OC(OC)C12,-36.5064710279562,483,False,5.320446014922969,0.7798426176646189
C1(=O)COc2c(c3c4c(sc31)cc(N)cc4)OCO2,-36.57483256738578,484,False,3.4906013910769644,0.7470705908387241
C(OC(c1oc(-c2occc2)cc1)=O)COc1ccco1,-36.57855968819968,485,False,2.648524017454502,0.5110806449905858
c1ccccc1SC1=NC2=CC=CC=C3C=C(CCl)C(=O)C=C3OC=C2N1,-36.61036666620521,486,False,3.128487650089416,0.4569302916639937
c1c(COC2O[C@H](CO)[C@@H](O)[C@@H](O)[C@H]2O)[nH]c2n(cnc2N)c1=O,-36.63235482860546,487,False,4.305877891933804,0.33629858843254
CN1C[C@@H]2[C@@H](C1)C1=Cc3nc(S(C)(=O)=O)sc3C=C1OC=C2C,-36.66765544910521,488,False,4.012301414124137,0.7912308326126178
CN1C(=O)CN2C(C1)C1=CC=C[N@+]([O-])(c3cc4c(cc3[N+]([O-])=O)C(=O)C(C)=C4)OC=C12,-36.67502376234711,489,False,4.906650843411018,0.3108955173055285
C1CN2C(C1)C1=CC=C3CC4=C(C=C[C@@](C)(O)[C@@H]4[C@@H]3O)OC=C12,-36.68437781315879,490,False,6.279540531257003,0.7195948570153674
C1(=O)CCc2c(c(O)c3c(c2O)OC[C@H](C)O[C@@H]3C)O1,-36.70003981380432,491,False,4.146909420807473,0.4280706250237145
CN1C(=O)CN2C(C1)/C(=N\Oc1ccccc1)c1c-2cc(-c2ccccc2)c2[nH]ccc2c1=O,-36.71307231445235,492,False,3.5470827647409777,0.4836896846679654
CCN1C(=O)CN2C(C1)O/C(=C\c1ccoc1)SCC=C3C=C1C=C3OC=C21,-36.74153759320825,493,False,6.033840466238784,0.7632677651839977
n1c2ccccc2n2n(c1C1CC1)C1=CCC2=CC=CC=C3OC=C13,-36.75873632764501,494,False,5.029669183693288,0.7480275814102016
[N+]([O-])(=O)c1nc2c(n1C)-c1c(cccc1)C=CC=CC(=C)C2,-36.76489628506306,495,False,3.763308065823237,0.5949691772666545
C1(Cl)=Cc2nc(N)ncc2C2=CC=CC(C=C)=C2OC=C1,-36.80660189440823,496,False,3.14668592212076,0.7236758406927932
c12ccc(O)c(OC)c1C1=CC=CC=C3C2=CC=CC=C3OC=C1[S@@+]([O-])O,-36.80989382432381,497,False,4.756321140649488,0.4692991671390046
N(C(=S)N1C(=O)CN2[C@H](C1)C1=CCC=C3C(OC)=CC=C3OC=C12)OC,-36.81122476532392,498,False,5.156543531510278,0.5811894938505611
c12c(cc(O)c(C)c1)C1=CC=CC=C3CC4=CC=CC=C4C=C3OC(O)C(N)=C12,-36.85678814926723,499,False,4.42106772693733,0.6374396449123949
CN1C(=O)CN2C(C1)[C@@H]1OCC=CC(OC(CC)(C)C=C1)C2=O,-36.92534384993769,500,False,6.00734179873952,0.6686215736196576
CN1C(=O)CN2C(C1=O)C1=C=CCc3ccc(C)c(CC(OC)=O)c3C=C12,-36.93181368237583,501,False,4.195473340449688,0.4505156403873224
N1=C(NNC(c2ccccc2O)=O)CN2C(C1)C1=C=CC=CC=C3C=C1OC=C23,-36.9994038209511,502,False,6.012907177960946,0.5081415804371429
C1(=O)CN2C=C(C(C)C)[C@H]3C(=Cc4ccccc4[C@@H]3O)OC=C12,-37.00820327019028,503,False,4.448091332763188,0.866242615105335
c1(OC)c(OC)ccc2cc3cc(/C(OC)=C\C=C\c4ccco4)ccc3cc12,-37.00991984607026,504,False,2.7641967896530932,0.2213394788361191
CCn1c(=O)cc2c(c1-c1cc(O)c(OC)cc1O)C1=CCC[C@@]12O,-37.06188350225239,505,False,3.796030561276603,0.7454298174050109
Brc1ccc2[nH]ccc2c1C1=CC=C2C=C2CC(Br)=CC=C2c3occc3C=C12,-37.09059868454642,506,False,4.413871883843299,0.3576822853236576
CN1C(=O)CN2C(C1)c1nccc3cc4c(c-3c2C=C1)n(CCC)nn4,-37.19043903400734,507,False,5.572608445529602,0.8118839514092883
c1c(OC)ccnc1N1C(=O)CN2C(C1)CC1=CC=CC3CC4=CC=CC=C4C=C3OCCC21,-37.357182275260925,508,False,4.909340612873401,0.6853835133401934
n1c(-c2nsc(=S)[nH]2)ccnc1-c1n(C)cnc1C,-37.37450279567452,509,False,3.4855079178834902,0.7335337561839753
n1c([S+](C)[O-])sc2c(C1)c1c(C)occ1c2=O,-37.414616833917535,510,False,4.91407472640967,0.6740724865424472
C[n+]1c([O-])cn(-c2ccoc2)c1Cc1coc2ccccc12,-37.46461941964026,511,False,3.6072760014175262,0.5447607138640409
CN1C(=O)c2c(c3sc(C=C)nc3n2-c2ccc(Cl)cc2)S1,-37.51010613079495,512,False,3.4339558633902314,0.5421499191998885
N1N(C(C=C)=O)c2c(cc1C)C1=CC=CC=C3CC4=CC=CC=C4C[C@H]3OC(C)=C12,-37.529684195855225,513,False,4.78650146259122,0.6420663074706814
C1CN2C(C1)C1=CC=CC=CC=C3C=C2c2c(OC)cccc2C=C=C3OC1,-37.57578900631052,514,False,5.773289855619093,0.6490302480786148
C[C@@H](c1c(O)c(O)cc(OC)c1C)/C(C)=C/C,-37.57861281954138,515,True,3.4034444779347393,0.623625843830897
C(/C(=C/c1ccc(F)cc1)C#N)Oc1c(Br)cnc2cc(Br)ccc12,-37.61468502973548,516,False,2.714154378105137,0.455126728998047
C=CCN1C(=O)CN2C(C1)/C(=C\[C@@H](C)CC=O)c1c-2cc1,-37.69708543690024,517,False,4.623427417710241,0.5694575216339037
Oc1[nH]c(=O)cc2n([C@H](O)C)c3cc4ccccc4cc3oc12,-37.70270229073188,518,False,3.4688288793961517,0.6432790457266604
O=C1NC2C(=CC=C3CC4=CC=CC=C4C=C3OCO2)c2c1cccc2O,-37.72830738895573,519,False,4.201381762878297,0.7567754256682175
N(CCN1C(=O)C(N)(c2ccc(OC)cc2)OC1=O)c1ccc(OC)cc1,-37.75854954191664,520,True,2.9956755914618345,0.7661233444947242
CN1C(=O)C(CCCC)=NN2[C@@](C1)(C)C1=CC=CC=C3C=C(Cl)C=CC=C3OC12,-37.78818556342048,521,False,5.254614307605895,0.6900652494169999
C1=CC=C[C@@H]2[C@@H]3c4c(cc(O)cc4)O[C@@H]3C=CC[C@@]12C,-37.79356724780519,522,False,4.482746411474731,0.7205311750130746
COc1nc2n(c1Cl)C1=CC=C3CC4=CC=CC=C(CC)C4CC3OC=C12,-37.8276983076139,523,False,5.010082018668797,0.6972763072411998
C(=O)(C(C)C)N1C(C)=C(O)C(=O)c2c3ccsc3[nH]c2C1=O,-37.84891682526404,524,False,3.3546652085557263,0.7193190526265726
C/N=C/c1sc(-c2ccc(F)cc2)cc1CC1=CC=C2CC3=CC=CC=C3C=C2OC=C1N,-37.89766431803662,525,False,3.626920853090427,0.4621821688729609
C1[C@](CC)(C/C=N\O)C2=CC=CC=C3CC4=CC=CC=C4C=C3OC=C2c2c1cccc2,-37.90990025678184,526,False,4.548461992254294,0.3338533019495663
N1C(=S)N2C(C1)c1n-2nc2n(c1)OCN=C2C,-37.97667198406998,527,False,5.277463216339193,0.5909607153349257
C[N@@+]1(C/C(N(C)C)=N\NC(C)=O)Cc2ccccc21,-38.05766873252287,528,False,3.991891363556302,0.383805216823685
c1cc(CCl)c(F)cc1Cn1nc(-c2cccnc2)c2c1nco2,-38.148258720246304,529,False,2.84067082596804,0.525678360342724
N1C(OC)CN2C(C1)C1=C/C(=C\c3c4c(ccc3O)OC(C)(C)C4)C[C@H]12,-38.18948558089323,530,False,4.826939581406328,0.8544438266393009
Oc1c(O)c2oc(-c3ccc(NC(=O)C)cc3)c([C@@H](CO)O)c2o1,-38.19587682790427,531,False,3.400337273510777,0.4928494072597245
Clc1c(N2Cc3nccnc3C(F)(F)F)ccc(C=O)c2cc1C,-38.21145041292243,532,False,4.4475202755599,0.7767560469762337
CN1C(=O)CN2C(C1)C1CCC[C@@]3(COC(CCCCC)=O)C=CC=C2C=C3OC=C1Br,-38.26819718531033,533,False,6.055540157009636,0.3889541845298047
c1c(OC)ccc2c1c1c(=O)c3c4ccoc4ccc1oc3N2,-38.31943859537705,534,False,3.735967586095806,0.50414735636306
CCCCCN1C(=O)Cn2c(C1)c1ccc(SCc3c[nH]c4ccccc34)cc1nc2=O,-38.3599389737384,535,False,2.9234694347036303,0.3298863554990896
O1C2=C(/C1=C\CC=C)C1=CC(=O)C=C3C=C1OC=C2C=C3O,-38.45371874774537,536,False,5.003551477047452,0.8483632257682004
CN1C(=O)CN2C(C1)C1=CC=C[C@H](OC)C3=CC(=O)c4ccc(C(=O)O)cc4C=CCC3=C12,-38.52221178462014,537,False,4.843130866028574,0.7549996100018579
C1NCC2c3c1cc1c(c3-c3ccoc32)CCO1,-38.771082423452754,538,False,3.853774907167685,0.7663752729771608
n1n(-c2ccncc2)nnc1Oc1n2c(nc1)[nH]cc2C,-38.7842915021854,539,False,3.6001054070326655,0.6045134437185897
Clc1ccccc1N1C(=O)CN2C(C1)C1=CC=CC=C3C(C(O)=O)C4=C(OC)OC[C@@]43OC=C12,-38.8211768358002,540,False,5.6794054300259065,0.7110736078983533
o1c2nc(SCCCc3sccc3)sc2c2ccc(C=C)cc12,-38.86418986984245,541,False,3.017268279761163,0.2919649863950595
N1=C(OC)C=N[C@@]2(C1)C1=CC[C@@H]3CC4=C(C=C(C)C4)C=C3OC=C12,-38.87427320878487,542,False,5.781318711114624,0.6835946059222691
CN1C(=O)CN2C(C1)c1ccc(CCCS(c3c4c(nccn4)ccn3)(=O)=O)cc1OC2,-38.923059991815535,543,False,3.610426184552754,0.5735921852855836
c1[nH]c2c(c1)cc1c2cc2c(cc1)cccc2-c1[nH]c3ccccc3n1,-38.93594019352531,544,False,2.370756708398572,0.3824193828998524
c1cc(OC)ccc1On1cnc2c(-c3sc4ccccc4c3)nccc2c1=O,-38.95028064469079,545,False,2.7004567767248453,0.4428350221953496
CN1C(=S)CCN2C1C1=CC3(C(OC)CC)C=CC=C3OC=C12,-38.97656258777715,546,False,5.399731476942728,0.741082927729173
CN1C(=O)Sc2c(ccc(OS(c3cscc3)(=O)=O)c2Cl)O1,-39.05192296443613,547,False,3.4523957405411068,0.7604541119639522
CN1C(=O)CN2C(C1)C1=CC(OC=C)=C3CC4=CC(CC=O)=C4C=NC3=C12,-39.18113195541946,548,False,4.607174687103034,0.6109504949199361
C[C@H]1c2c3ccccc3c3c(c2NC1)N1CC=CC=CC=C2C=C3OC=C12,-39.29140347594876,549,False,5.622845186603533,0.6818359603868246
CN1C(=O)N2C(Cc3oc(=S)oc3)C1=Cc1sccc12,-39.33806851588588,550,False,5.292341413331543,0.7968272162474688
CN1C(=O)[C@@H](N)N2C(C1)c1cc3c(Cl)c4c(nc4O)c3oc12,-39.48137686900395,551,False,4.831863001174385,0.769056051145727
C12(C)C(OC(=O)/C=C/c3ccccc3)OC(=C(C)C1)C2=O,-39.493214339833,552,False,4.378577055927037,0.6323790144118006
CN(C)CC[C@@](C)(C=C)c1ccc(/C=C/C=C/COC(=O)C)cc1O,-39.50482483582181,553,False,3.637650687186498,0.4193645395154797
N1C(=O)CN2[C@@H](C1)C1=CC=CC3C=C(Cl)C(=O)C=C1[S+]3C2,-39.50887619069408,554,True,6.339726691351528,0.6724228267001101
CN1[C@](=O)N2C(C1)C1=CC=CC=C3[C@@H](C)C4C(C=O)=CC=C4C=C3OC=C12,-39.511291690821054,555,False,5.5783658439267665,0.6747957540762047
O=C1/C(=N\NC(=O)C)C2=C=Cc3cccc(C#N)c3OC=C12,-39.54285551880696,556,False,4.063156359668146,0.6800277774740574
[O-]N1C(=O)/C(=C/N(Cc2ccsc2)SC2=CC=CC=C3OC=C3C=C12)C,-39.72353418070168,557,False,4.778586098844557,0.8007437877364977
C[N@@+]1([O-])C(=O)CN2C(C1)C1=C(N)C=C3O[C@@H](C)C=C3OC=C21,-39.76739828299719,558,False,5.606552197638337,0.5154795260205053
CN1C(=O)CN2C(C1)[C@H]1c3cc4c(cc3CC[C@@H]2[C@]1(C)C)noc4O,-39.77205223218471,559,False,5.167185488945881,0.7947157317575613
COc1cc2[nH]c(=O)cc(C)c2c2oc3c(c4c(c21)OC=CC=C4)n3C,-39.960334591640304,560,False,3.1786926911268623,0.4874449073354429
COc1c2c(ccc1OC)c1ccc(/N=N/c3nc4ccccc4s3)c(OC)cc1n2,-39.96588153285302,561,True,2.6754467805254745,0.3019068959447437
CN1c2c3c([nH]c2S[C@H]1C)C=C[C@H](Cl)c1cc(OC)c(O)cc1-3,-40.03267334384873,562,False,4.4709249718164426,0.7398624066126617
O=C(c1onc(O)c1)c1sc2c(O)cc(C=O)cc2[n+]1C,-40.17563235640682,563,False,3.748520543509092,0.4273975652975939
N1c2cc(NCc3c(F)cccc3Br)ccc2-n2c(-c3ccncc3)cnc21,-40.17751523199775,564,False,2.8187882200848016,0.3972659633551164
CN1C(=O)CN2C(C1)[C@@H]1CC=CC[C@@H]3c4ccccc4[C@@]13O[C@H]2Cn1cnc2ccccc12,-40.201881712980594,565,False,5.04411721954495,0.5727020589025822
s1c(C)nnc1-n1cnc(N2C(Cc3ccccc3)=Cc3c(cccc3Cl)C2=O)n1,-40.48977613339332,566,False,2.8653811945419054,0.4272682129771182
c1(-c2ccncc2)c2c(C(=O)OC)cccc2nc2c(n1)ccn2,-40.62324181509439,567,False,2.3683389578361727,0.5290575583901389
CN1C(=O)CN2C1C1=CC(C)=CC=C3C=C(C(=C)Br)C[C@@]3(O)OCC12,-40.71552643531459,568,False,5.722408609469836,0.7272858076530954
C1=CC(=O)c2c(ccc(O)c2O)C2=CC[C@@]3(O)C=C2C=C3OC=C1,-40.72880525599862,569,True,5.5774045899298965,0.6393832923262619
CN1C(=O)CN2C(C1)C1=CCCC3=C[C@](O)(C/C=C/CCC=C(C)C)c4ccccc4CC3OC=C12,-40.76766998813537,570,False,5.276938166881573,0.4618847562927282
FC(F)(F)n1c2ccccc2c(C(=O)OCCOc2ccccn2)c1C=O,-40.82214476338072,571,False,2.7723630063724336,0.3726679349608422
N1(S(=O)([C@H]2[C@H](O)C[C@H](CC)[C@@H]2O)=O)C(=O)c2ccccc2OC1,-41.00814720574101,572,False,4.244946592164364,0.8209175234327827
Fc1ccc(/C=C/CNC(=O)c2[nH]c(NC=O)nn2)cc1C,-41.03509508858406,573,False,3.203515664879065,0.6994906599746141
C1(=O)C2=C(CC=C1)[C@@H]1C(C)(C)C=Cc3cc(O)ccc3[C@@]21C,-41.04204808156646,574,False,4.282983303822556,0.7793555910697496
FC(F)(c1ccccc1NS1(=O)=CCN2[C@H](C1)C1=CC=CC=C3CC4=CC=CC=C4C=C3OC(C)(C)C12)F,-41.13378366212669,575,True,5.318128512978232,0.4771958942132088
C[N+]([O-])(C)CCN1C(=O)CN2C(C1)C1=CC=CC=C3CC(OC)(C2=C)C=CC=C3OC=C1,-41.16539178777043,576,False,6.552609633546239,0.4999356446384739
C[n+]1ccn2c1-c1ccc3ncccc3c1O[C@H]2c1cc(OC)c(OC)c([N+](=O)[O-])c1,-41.18506620691414,577,False,3.620584571724553,0.2860190977709086
C(CN(C)C1=N[C@@]2(C1)c1ccccc1C=C2)CCCl,-41.18585984967649,578,False,4.115649957158106,0.6042902993359817
[nH]1cncc1-[n+]1c(O)nc2n(c1=O)C1=CC(=O)c3c(cc[nH]3)C=C12,-41.4011022423324,579,False,3.8998522019833297,0.3679949773826504
CN1C(=O)[C@H](C)N2C(C1)C1=C[C@@H](OC(=O)c3cc(Cl)ccc3)[C@]3(CO3)c4ccccc4C=C21,-41.439081836937305,580,False,4.851302087581743,0.5036568325436764
Fc1ccccc1N1C(=O)/C(=C/c2ccc(F)cc2F)Cc2cccnc2CC=C1OC,-41.46259141951555,581,False,3.462448921514788,0.5301754162319774
CCn1c(=O)n2c(n1)C1=CC=CC=C3[C@H](CC(F)(F)F)CC[C@](C)(OCC)C=C3OC=C12,-41.46901888751563,582,False,4.855774277499305,0.5900752596137473
COc1cc2c(cc1O)[C@H]1[C@@H](OC(=O)C)c3c4ccncc4[nH]c3[C@H]2OC1,-41.47939992796535,583,False,4.759679215606262,0.6771233303773851
C([C@@H]1[C@H](O)N(C(=O)C)c2ccccc2C1)NC1=CC=CC=C2C=C2OC=C1,-41.53685549396687,584,False,4.736612308523066,0.8679476699598302
CN1CC=C2C(C1)C1=C(Br)C(=C)C(=C(Br)Br)C(C)=C(Br)C=C12,-41.61158743627493,585,False,4.731702047402074,0.3407406257611458
CN1C(=O)CN2C1c1c(c(C)cnc1C1=C\C=C)C=CC(=O)OC=C12,-41.72600260810168,586,False,5.618587906528299,0.7361030503737097
c1cncn1-c1cccc2c1C1=CC(O)=Cc3c4c(ccc3C=C1C2)OCO4,-41.73565610018068,587,False,3.451890584514377,0.6852911263865286
CN1C(=O)CN2C(C1)C1=Cc3cc4c(c(N(C)C)c(C)c[n+]4-c4[nH]c5ccccc5n4)cc3OC=C12,-41.858189086205584,588,False,4.397511412645544,0.4476701420713567
C1NC(=O)CN2C(C1)C1=CC=CC=C3C[C@H](C)N(c4oc(-c5ccc(C(F)(F)F)nn5)nn4)C=C3OC=C12,-41.94583619311845,589,False,5.237418220417316,0.6304058832417844
CN1C(=O)CN2C(C1)C1=C[C@H](O)C=C3C[C@H](OC(=O)c4ccccn4)[C@@](c4ccco4)(C)C3OC=C12,-41.98557641614895,590,False,5.551022105857848,0.516790545139855
N1C2=CC=CC=C3C=C(C=CC2=O)C(O)C(OCC)=C[C@@H]13,-42.01316811869037,592,False,6.0673284346593945,0.8093874361070055
N1(C2=C(OC)CN(C)C2=O)Cc2c(sc3ccc(Cl)cc32)C=CC=C1OC,-42.03136061211069,593,False,3.63203790515786,0.7711330157876672
c1ccccc1N1C(=O)CN2/C(=C\C=C\c3[nH]c4nc5ccccc5cc4n3)C=CC(=O)C12,-42.10509248818244,594,False,3.7879046238511815,0.5311918947193324
N1C(=O)CN2C(/C=C/C=C/C=C/c3c4c(cccn4)n3)C1=CC(=O)C=C1OC=C12,-42.18483161422955,595,False,5.345255521599936,0.8049938443451984
n1c(C)n2c(n1)C1=CC(=O)C=CC=C3C=C(CO)C=C[C@H]1C3=C2C,-42.32840778204695,596,False,5.659167775361865,0.862796720980483
N1(c2cccc(C)c2)C(=O)Cn2c(nnc2/C=C/c2ccnn2-c2cnccc2)C2=CC=CC=C12,-42.34444125566961,597,False,3.0169348245518366,0.3896996662657869
CN1C(=O)CN2C(C1)\C1=CC(OCC)=C3Cc4ccc(C(F)(F)F)cc4[C@@H](C)N3C=C12,-42.46985859221422,598,False,4.387238142158781,0.7137206521373521
O1C(=O)C=C(C)C2=CC=C(c3c(O)cccc3)N(C(NC)=O)C=C21,-42.49039407970429,599,False,3.411938659328709,0.8152642182754889
CN1C2=CC=CC=C3CCN=C3c3ccccc3N=C2OC[C@H]1C(=O)OC,-42.60263863078944,600,False,4.337855180599816,0.720000490156731
N1(CCC(O)=O)C(=O)Cn2c(nnc2Cc2ccccc2)CN2C(C1)C1=CC=CC=C3C=C(OC)C(OC)=C3OC=C12,-42.63388624987647,601,False,4.091965647737583,0.3506030718147568
c1ccccc1CN1C(=O)CN2C(C1)c1cc(OC)ccc1C=C2Sc1n(N2CCOCC2)nc(C(OCC)=O)n1,-42.66614661942174,602,False,3.8943486827379648,0.3721612076573693
C1(c2cc[nH]c2)=CC2(C1)c1cccc2cc([N+]([O-])=O)c1OC(=O)C,-42.671786682831,603,False,5.46970741103185,0.5255577014291724
C1=CC=CC[C@H]2[C@H]3C[C@@H]4[C@H](OC(=O)C=C4O)[C@]2(C)[C@H]13,-42.72673359373664,604,False,6.118009825445411,0.6795296553526154
C1O[C@@]1(c1c(C(F)(F)F)[nH]c2c1ccc1n(ccc1)c2=O)O,-42.76310095286317,605,False,3.8563410434907306,0.6752390668696917
c1ncnc2c1C-c1c(O)cc3nc4nc(C)[nH]c4cc3c1-2,-42.77645615466827,606,False,3.1676606168021415,0.457068263266295
CN1C(=S)N2C(C1)C1=NC=CC=C3C=C(/C(=C/c4sccc4)OC)C=C3NC=C12,-42.789683732553385,607,False,4.395435898524777,0.4804639718187038
N1(C)SCC=NC2=C(\C1)C1=CC=C3C=C4C=C(C)C(=O)C4=C3OC=C12,-42.82815197506238,608,False,3.7949281592535655,0.4359902725354116
C[N+]1(CC)CC2=CC=CC=CC=C3C(C)(C(C)(O)CO3)C=C2OC=C1,-42.93937773775542,609,False,5.86524945992373,0.7406741554721303
N1C(=O)CN=CCN2C3(C12)C1=CC=CC=C2/C(=C\C(OC)=O)C(OC)=C3OC=C12,-42.975498473670086,610,False,6.742003408123613,0.4256012977915785
OCc1c(Oc2ccc(C(N)=O)cc2NCCS(O)(=O)=O)cccc1,-43.00211855046479,611,False,2.267275316444202,0.5174136818142885
C1C(=O)N2C(C1(C)C1CC=Cc3cc4c(o3)cccc4)C=C1OC=C2OC=C(F)F,-43.027327326146406,612,False,5.604194577355116,0.6064057069322304
N1C(=O)C2=CC=C(C=C)C=C(C)C2=CC3=CC=CC(=O)C=C3OC=C1C,-43.04885578729136,613,False,4.371207797474694,0.8422227530597891
N1C(=O)Cn2c(n1)[C@@]1(c3ccc(OC)cc3)[C@@H](C(=O)O)[C@H]([C@@H]1Cl)C2,-43.067399074289824,614,False,4.905868691959194,0.780989729867691
C(=[N+]=[N-])C[C@@H]1C(C1)C2=CC=C3Cc4ccccc4C=C3OC=C2OCOC,-43.10870528873056,615,True,4.717340980544312,0.328747199709069
CN1C(=O)[C@H]2[C@@H]([C@@H]1O)C1=C[C@H](OC(=O)C3=CC[C@H]3O)C=CC=C12,-43.1351025016134,616,False,5.307866985043494,0.7031564023876548
c1cc(O)c2ncn(C)c2c1CN1C2=CC=C2C=C=CC=C3OC=C1OC=C3,-43.25835350201305,617,False,5.559985636188234,0.8123135368607062
CN1C(=O)CN2C(C1)C=CC=C1CC3-c4c(O)c(Br)cc(O)c4CC[C@@]31O2,-43.26698668930976,618,False,5.351594283907838,0.615931572320285
N1C(=O)CN2C(C1)C1=CC(Br)=C(Br)C=C3OC(OC)=C=C1C=C3OC=C1CC12,-43.28664685903459,619,False,6.908920628120658,0.5520699232412156
c1c(Cl)c(Cl)cn2c1c1cc3c(c4c2c1[nH]cc4OC)cccc3OC,-43.28967073566014,620,False,4.654969245987129,0.7335102664259362
N1C(=O)C(C)c2c(C1)C1=CC=CC=C3C[C@](N)(C)C(c4cocc4)C=C3O[C@@H]12,-43.29162562529564,621,False,5.714826583124201,0.7887179944475303
C(c1nc[nH]c1)C(=O)N1C(C)=CC=C2CC3=CCC[C@@H]3[C@@H]1C=C2OC(C)=O,-43.30313876486071,622,False,5.260279126756009,0.6593432334316959
n1c(O)cccc1N1C(=O)CN2C(=C1C)C1=CC=CCOC3CC4=CC=CC=C4C=C3O[C@H](C)[C@@H]12,-43.371545991111134,623,False,5.202197837618995,0.6822341224781759
S1[C@H](CCOC(=O)c2cocn2)C=C2C=C=C=C12,-43.38927920858261,624,False,5.100137364835801,0.6138422468777329
CN1C(=O)CN2C(C1)c1oc3cc(F)ccc3c1C=C(OC)[C@H](O)[C@@H]2Cc1n[nH]nn1,-43.42093590402328,625,False,4.630026453832723,0.63066434346487
C1(=O)N2C(C(=O)OC1)C1=C([C@@H]3C[C@@H]4C[C@@H]4C=C3)C=C=C12,-43.52424468525169,626,False,5.346849063994625,0.4087282385982687
S(c1ccc(C)cc1)c1cc2[nH]cc(C=C(CC)C1=O)n2,-43.5376458712999,627,False,4.105803819274779,0.9217022878200248
O(C)c1c(OC)c2c(c3nc[nH]c13)C=CC=C1OC(C(=C)C)=CC12,-43.687089702614685,628,False,4.29959763961526,0.9254532825234588
N1(C)C(=O)CN2[C@](C1)(C)C1=CC=CC=C3CC4=C[C@H](CCc6sccc6)C4OC=C3OC=C12,-43.750897230470855,629,False,5.543928623540811,0.6138137262893409
s1c2c(c3c(n1)C=Cc1c3[nH]c3cc(OC)c(OC)cc23)/c1,-43.76461246464271,630,False,3.863606819256418,0.5224356191410784
N1C(=S)[C@H]2CC=C3C=C/C(=C\C=C\Br)[C@@H]2C=C3OC=C1OCC,-43.942229115840746,631,False,6.556545426361898,0.7104349141650891
N1C(=O)CN2C(C1)C1=CC2=CC[C@H]3[C@@H](O)c4ccc(F)cc4C=C[C@H]3OC=C1OC=C,-43.948726541017095,632,False,6.106009537708619,0.7175816126275123
CN1C(=O)CN2[C@@](c3cc4cc(C)ccc4nc3C=C2C=C1NCCCC#C)(F)F,-44.01356607117623,633,False,3.82594436240852,0.4774987534535749
C1C(O)CCc2c(cc4cc(C(F)(F)F)ccc4nc2)=C1,-44.02158399791506,634,False,3.730350863450615,0.7828857580341395
S1C(=O)CN2C(C1)C1=C([C@@]3(OC)CC(C)(C)[C@@H](O3)C=C1)CO2,-44.036753544042654,635,False,6.0361805167266445,0.7344621574381393
CN1C(O)(C)[C@]2(C=CC=C3CC=CC=C13)O[C@H]2C,-44.07735981035512,636,False,5.210620714103209,0.6640695182949127
C(#C)CN1C(=O)CN2C(C1)C1=CC=CC=C3C=C(C(=O)N(c4ccc(SC)cc4)c4ccccc4)C(=O)C=C3OC12,-44.08036746064363,637,False,4.980347409951507,0.306528403136487
CN1C(=O)CS[C@@]2(C1CC#N)C1=CC=Cc3cc4ccc(OC)c(OC)c4c(OC)c3C=C12,-44.0886908758016,638,False,4.95821771466381,0.6717422021068323
SC1=COC(C)=C2C(O1)C1=CC=CC[C@H]3CC(C)(C)C=CC=C3OC=C12,-44.09932943183958,639,False,5.660421033653904,0.5566086455395585
N1(CCC(O)=O)C(=O)N2C(CC1)C1=CC=CC=C3C=C(O[C@H](CO)C)[C@@]31CC2,-44.12241381646527,640,False,5.032449960926094,0.7293321797059044
CNCC(O)=N\C[C@H]1SSCc2c1cccc2,-44.13647701690206,641,False,4.0239793858839334,0.5005659211685489
Cn1cc2c(n1)[C@@H](O)[C@@H](C)O[C@@H]2c1cc(-c2cccc(F)c2)ncc1,-44.16483805383268,642,False,3.8591720042342113,0.7790246953943742
n1n(Cc2ccccc2)ncc1[C@H]1c2ccccc2-c2c(OC)c(OC)c(O)cc2[C@H]1O,-44.18323752478932,643,False,3.582926456288714,0.5002696700753898
C(CO)[n+]1c(S)nc2c(c1)C1=CC=CC=C3C[C@]4(O)C=CC=C4[C@H](C3)C=C12,-44.20151568378788,644,False,6.439150613874553,0.4218135334507016
c1ccccc1/N=C\c1ccc2c(c1)C1=C=CC=C3C=C(OC(C)=O)[C@](C)(S)C3OC=C12,-44.23122716425132,645,False,5.171251266338507,0.2843862244308842
C1SCOC(=O)C[n+]2c(CC1)C1=C(O)C=C3CC4=CC=CC=C4C=C3OC12,-44.26362519324255,646,False,5.100784099781899,0.5517119450059603
N1C(=O)/C(=N\Cc2sccc2)S/C(=C\c2c(C)[nH]c3ccc(F)cc32)N=C1S,-44.27980189564812,647,False,3.6842760062011255,0.526287465366447
N12C(OCC)CN(C(OCC)=O)C=CC=C3C=C(Br)C=CC=C3OC=C1C=C2,-44.36278295409102,648,False,4.976419840347535,0.6290842286551761
Clc1cc2cc[nH]c2c2c(S1)C1=Cc3nnn(Cc4ccc(OC)cc4)c3C=CC=C12,-44.37828303978927,649,False,2.7349843460368852,0.3362881671312162
c1ccccc1N1C(=O)CN2C(C1)C1=CC=CC=C3C(=O)O[C@H](C)[C@@]12Cc1c3cc3ccccc3oc1OC,-44.38626141677082,650,False,6.205223263290554,0.5416960779573944
c1cccc(CN2C(C(C)C)Sc3cc4oc(C)nc4cc3c2=O)c1Br,-44.40409587881459,651,False,3.4429142252934515,0.53947451507511
C(N1CCC1SCn1nccc1)(=O)N1CC2=CC=CC=C3OC=C3OC=C12,-44.5110253474686,652,False,4.4240659498305845,0.6803400285833147
CN1C(=O)C(N)c2c(-c3sc(C4CCCCC4)cc3)c3ccsc3n[n+]12,-44.51118649367845,653,False,4.051295637306097,0.6872415020461545
N1(C)C(=O)/C(=CCc2c(C)ccc3[nH]ccc23)C2=CC(C)=C[C@@H]21,-44.5294106827655,654,False,3.891289944484909,0.8443240299284105
C1(=O)[N+](C)=C/C2=C1C1=C(O)Cc3c4ccccc4ccc3C=C1C=C2,-44.53169441576756,655,False,3.5118070054074124,0.6429057565337027
c1cccc(N2C(C)[C@@H]3C[C@@H]4CC=CC=C4[C@H]3OC(CC)=C2C)c1Cl,-44.55064534345365,656,False,4.454946865148942,0.6352908114334731
CN1C(=O)CN2C(C1)=CC=C(c1occc1)Cc1c(oc3c2ccc(OC)c3OC)O1,-44.602856738268656,657,False,4.084864337183813,0.7489814370229391
S=C(N/N=C\c1cccs1)NC1C(=N\C#N)CN2C(C1)C1=CC=CC=C3CC4CC=CC=C4C=C3OC=C12,-44.610846987268815,658,False,5.711894767556988,0.2440326241576112
O=S(C)(=O)N1C(=O)CN2C(C(=O)OC(C)(C)C=C12)C1=CC=CC=CC=C3OC=C13,-44.67113020652664,659,False,5.032634909513789,0.6297532291061214
CN1Cc2c(C1Br)[C@H]1[C@H](O2)C=Cc2c(Cl)ccnc2OC1,-44.697649920553886,660,False,4.8960436084247325,0.5198751958310093
CC[C@@H](Cc1oc2c(c1)C1=C(C)C(=C(Br)Br)C2=O)C1=O,-44.6999916096006,661,False,5.194543167717507,0.6570968639539888
CN1C(=O)CN2[C@@](C1=O)(OC)[C@H]1Oc3ccc4c(c3O[C@@H]12)-c1cncnc1CC4,-44.715859279920096,662,False,4.640208968827968,0.6405348367315853
c1(O)cc2c(cc1)[C@@H]1C(C=Cc3c4c([nH]c32)cccc4)OC(=O)N1CC,-44.7341250846406,663,False,3.815130919075502,0.684065087806597
CC(C)n1c2cc(-c3ccco3)cc(-c3ncc[nH]3)c2c2c1cc(Cl)cc2Cl,-44.76024798243134,664,False,3.018265621585739,0.3384312533721656
Cn1ncnc1/C=C/c1c(O)ccc2c1ncc1c2OC=C2CC3=CC=CC=C3O[C@H]12,-44.88523432776219,665,False,4.017470341723785,0.5335846720855779
C1CN2C(C1)c1ccc(O)c3c1c(=O)cc(-c1ccc(O)c(O)c1)oc3=S2(=O)C,-44.88719209187912,666,True,5.205975895598322,0.4898951712955146
C[N+]1(C)CCN2[C@H](C1)[C@@H]1[C@@H](O)[C@@]3(O)Cc4c(occ4)C[C@H]3[C@@H](O)C12,-44.89321430865675,667,False,5.612897011007567,0.5424353505731819
c1cc(OC)ccc1S(=O)(n1c(=O)n(N2CCCC2)c2c1-c1c(c(=O)o2)cccc1)=O,-44.90216287768982,668,False,2.847808074231768,0.4763246692295401
N1C(=O)CN2C(C1)CCc1c(-c3cc(C(F)(F)F)ccc3)c(O[C@@H]3O[C@H](CO)[C@@H](O)[C@H](O)[C@H]3OC)cc([N+](=O)[O-])c12,-44.92375310092973,669,True,4.570690287458531,0.2884799304758075
C1N(C)CC2(C1)C1=C(C)c3cc4c(NC(=O)CCCN)cccc4C=C3OC=C12,-45.01616057544018,670,False,4.027024538800164,0.8321734025692304
C1(=O)CN2C3C1=Cc1c(ccc4c1C3=C(O2)OCO4)-c1conc1,-45.23559086995374,671,False,4.50860174706539,0.7943950457535228
C1(=O)N2C(C=C1C)C1=C/C(=C\Cl)C=C(Sc3occ(-c4ccccc4)n3)OC=C12,-45.25180420179004,672,False,4.503099311121903,0.6654152816830394
CN1C(=O)S/C(=C\c2ccccc2O)C1=C1Cc2c(c(O)ccc21)C(=O)c1ccc(O)cc1,-45.25732233417193,673,False,3.141063874182239,0.4104424904431832
Cc1c(N2C=CC(=S)OC2c2cc(C)c(O)cc2)[nH]c(=O)cc1C,-45.28515064296767,674,False,3.891164546238048,0.8192419154699608
N1CCN2C(C1)c1c(c(-c3coc(C)n3)c(NCC#C)nn1)C=C(C)C2,-45.34029932139674,675,False,4.239793483459943,0.8179528743168568
CN1C(=O)C[N+]2([O-])CC3=CC(C)=C2C(OC=C1C)C1=CC=CC=C3OC=C1Cl,-45.36626510902124,676,False,6.368023721899993,0.4764383640100491
CN1C(=O)[C@H](C)N2C(C1)C1=CC=CC=C3[C@@]4(OC)O[C@](OC)(OC)O[C@@]4(OC3)[C@H]12,-45.445575365572495,677,False,6.685382914036614,0.621368841218796
CN1C(=O)CN2C(C1)C1=CC=CC=C3Cc4c(Br)c(Br)ccc4C3=C1N(c1cc(F)c(O)c(F)c1)C=CS2,-45.46593542610174,678,False,4.5981680097688,0.346634133705576
c1(=O)c2[nH]c(Cl)cc3nc(C)ccc3c2c(O)c2[nH]ccc2c1,-45.48041964841104,679,False,3.532537169423538,0.5521332792098397
CN1C(=O)CN2[C@@](C)([C@H]1c1cccc(OC)c1)/C(=C\C(OC(C)(C)C)=O)C=C1C=C1C2,-45.49487300656028,680,False,4.227667431856771,0.551897274777733
Oc1ncn2c(nnc(N)c2=O)C(OC)c1Cl,-45.54142216817354,681,False,4.423112462124463,0.7174992606999866
c1c(O)ccc(OCCOC)c1-c1cc2c(cc1O)C=CCOc1cccc(O)c1O2,-45.58522176195402,682,False,3.3555205169590945,0.5131455290907739
c1c(OC)cccc1Cl.CN1C(=O)CN2C(C1)C1=CC=C3[C@@H]4Cc5cc(OC)c(OC)cc5C[C@]4(O)[C@@H]3OC=C12,-45.69075853937193,683,False,4.610590329695327,0.6078787886719513
CN(C)C(=O)NCc1nc2c(cc1Br)C1=C(Br)C(=O)C3=CC=CC=C3OC(C)=C12,-45.69865811295972,684,False,3.043712806136611,0.4025739015715727
Clc1c(O)c(Cl)cc(Br)c1NC(=O)/N=C/c1n2c([N+]([O-])=O)nnc2sc1,-45.74312425703352,685,False,3.777228189355318,0.3291026590282266
n1c(C)cn(CCO)c2cnc3c4cc(Cl)nc(Cl)c4[nH]c3c-2n1,-45.81105151995689,686,False,3.8383509035375294,0.6687881877313417
FOc1ccc2c(c1)C(=O)Cn1c-2c2c(c1)C1=CCN3CC4=CCCC[C@H]4C=C3OC=C12,-45.84861085605462,687,False,4.648329297767014,0.5809875160923849
CN1C(=O)CN2C(C1(C)COC(=O)O)C1=CC[C@@H]3C[C@H]4[C@@H](O)[C@]4(CO)C=C3OC=C12,-45.87864789312334,688,False,5.635016638652278,0.5720075626531186
CN1C(=O)CN2C(C1)[C@]1(O)/C(=C/C(=O)OC)[C@@H]3[C@@H](C4=C[C@H](O)C[C@H]4C[C@@H]3O)[C@@H]12,-45.882946467744205,689,False,5.518661009280949,0.2887335208956695
c1([C@@H]2Oc3c([C@@H](c4ccc(OC)cc4)O)c(OC)ncc3[C@H]2CO)ccco1,-45.89938871701088,690,False,3.819957917270612,0.6756935235848113
N1CCN2C(C1)C1=Cc3c4cc(C)oc4c(O)cc3[C@@H]1[C@H]2[N+]([O-])=O,-45.90929792773386,691,False,4.691055687910183,0.6130493226563923
c1c(O)cc2c(c1)[C@H]1[C@H](N2S(=O)(=O)N2CCN2)c2ncccc2C=C1,-45.91577779098992,692,False,4.189035161996499,0.8521932686454168
Cc1[nH]c2c(c1O)c(=O)/c1ccc(/C=C/c3ccc4c(c3O)OCCO4)c1c2,-45.98684639013277,693,False,3.728533506201124,0.7449984823244324
O1CN2C(C1)C1=C[C@H]3C(=C(s4cccc4=O)C3)C12,-46.00480841593526,694,True,6.040782892082715,0.5265520447239199
CCN1C(=O)CN2C(C(CCC)C(C)(OCC)C(c3sccc3)C)=CC=C12,-46.08953284635709,695,False,4.421044719061355,0.5763824952225506
N1C(=S)N2C(C1)c1c(=O)oc3cc4c(cc3c1[nH]2)cc(NCCCC#N)cc4Br,-46.09608955419549,696,False,3.995475499391464,0.2282086723455088
C1=CC(=O)CN2C(C1)c1c(ccc3c(-c4cscn4)c4cc5ccccc5c4oc31)OC2=O,-46.28747282697054,697,False,3.902589318537938,0.3028156857252478
c1(CN2C(C)CC3=CC=CC=C3OC(/C=C/c3cncc(OC)c3)C=C2)cc[nH]n1,-46.3652808163788,698,False,4.628028910891768,0.6917921949168035
c1ccc(OC)cc1N1C(=O)CN2C(C1)C1=CC=C[C@H]2C3=C[C@@H]4CC=CC=C4C=C2OC(C)=C3OC2=C1C,-46.37330404010288,699,False,6.5471954728114925,0.5325992742404222
C1(=O)C(C#N)=Cc2c3c(cc(OC)c4cc(CC)ccc4c3OC)cc2N1C,-46.394315913234095,700,False,2.605353698508818,0.5393098900553962
c1sccc1-c1cnc2c(c1Cl)-c1c3c(c(-c4occc4)c23)n1,-46.543546984309614,701,False,3.2561510851910285,0.4046647908308839
CON1C(=O)CN2C(C1)C1=CC3=CC[C@@H](O3)C[C@@H]3c4cc(OC)c(OC)c(OC)c4C=C3OC=C12,-46.55587032741562,702,False,6.2776228590053975,0.6507800489449383
N1C(=O)CN2C(C1)C1=CC=CC=C3C[C@]2(C(=O)c2ccsc2)C4=CC=CC=CC4C=C3OC=C1,-46.58976219316628,703,False,6.627482157338657,0.6543060936535592
CN1C(=O)N2[C@H](C1)C1=CC3=CC=C4C=C(O)C(O)=C4N(S=O)C=C3OC=C12,-46.65189915077053,704,False,4.368785915348473,0.5590877029244654
N1(Cc2ccccn2)[C@@H]2C(C1)[C@@H]1OC3=C(C=C3)OC(C)=C12,-46.7053896657967,705,False,4.5597180004842865,0.8327521205406451
COc1ccccc1OC1C2N(C(c3cc[nH]c3)=O)C(C=C1)C2=O,-46.74837623072381,706,False,4.591590114571011,0.8707279480876838
O=C1CN(c2cscc2)c2c(o1)C1=CC=CC=C3C=C(OC)C=C(OC)C3=C1OC(=O)N2,-46.77767121189356,707,False,3.2682988661417554,0.459857774139544
CN1C(=O)CN2C(C1)C1=CC(C[n+]3cc(O)c(O)cc3)=C[C@]1([C@H]2Cc1ccccc1)C,-46.87313529704397,708,False,4.612306523762793,0.7459539042892577
N1C2=C(CC1)C1=CC[C@H](C)C3C[C@@](O)(C(=O)NC)C=C1C=C3OC=C2,-47.02664695946805,709,False,6.233656727961189,0.7112248682790648
C(F)CCN1C[C@@H]2[C@H](c3c(cncc3)O2)OC[C@H]1c1sccc1,-47.07895224758977,710,False,4.153776457798976,0.8584714032691481
C[N+]1(C)C(=O)CC2=C(C1)C(=O)c1csc3cc(-c4cccc5c4ccs5)ccc3c1=C2O,-47.23393884585835,711,False,3.437295639268295,0.2622929495270816
N1(C)C(=O)[C@@H]2N(C(=C1)[C@H]1C(=O)OC2=O)C=Cc2cc(OC)ccc21,-47.2500087206422,712,False,5.0618383819706745,0.5619745968098613
Fc1ccc2c(c1)C1C(CS2)=C(Br)C(=O)C(Br)=C(OC)C=C1OC#C,-47.253131135461445,713,True,4.297594440875264,0.5525646073533929
O[C@@]1(C(C)C)C=Cc2c(CCl)cc3c2c(c3)coc1=O,-47.25683787530261,714,False,5.196060958209175,0.6282394259620805
CN1N(CCCC)CCN2CC3=C(Br)C12CC=CC=C1OC=C3OC=C1,-47.292994244863166,715,False,6.698023938994686,0.6918133796999135
n1c2c([nH]c1N1C(C)CCN[C@H](C)c3c(Cl)cccc3C=C1)[nH]cn2,-47.39986477606704,716,False,4.74097027516938,0.6187219123419644
CN1C(=O)CN2CCc3cc4c(cc32)C(=O)C(c2cc(Br)cc(Br)c2)=C4OC=C=C1N(C)C,-47.46323626882816,717,True,5.402885549648255,0.492316795929589
c1(Sc2ccc(Cl)c(Cl)c2)cccc2[nH]nc(N=O)cc2c1Br,-47.51805936676021,718,False,3.9559802463466145,0.6092278535979739
CN1C(=O)CN2C(C1)C1=C(CC=C3C(C=C2)C2=C(O)C=C(c4ccccc4O)C=C3OC)C12,-47.53671010811513,719,False,5.898045425646448,0.6840482182116656
C1[C@H](c2cc(F)c(F)c(F)c2)c2c([nH]cc2-c2c(=O)[nH]c(=O)n(O)c2)C=C1,-47.66002059302696,720,False,3.99231703275738,0.475184138891471
CN1C(=O)CN2C(C1)C1=CC=CC=C3C1(CC(Nc4cccc(Cl)c4)O1)C2=CC=CC=C2C=C3OC=C12,-47.66278202608567,721,False,6.925580516352133,0.5913053564982386
Cc1c(N)cc2c(c1)C=CC=C1CC=C3c4cc(Oc5cccnc5)ccc4C(C)=C3OC=C12,-47.74667942990391,722,False,3.5483041693460935,0.4211865541403734
c1ccc(Cc2n(C)c(CO)cc2CCC2=CC(OC)C=CC2)cc1,-47.76173680382272,723,False,3.7700408455575394,0.7766326446647448
n1cn2c(n1)C(O)=C1C2CN2CC=CC=C3Cc4cc5cc[nH]c5cc4C(=O)C=C3OC=C12,-47.78332185296472,724,False,4.8742582895366,0.5582229643027143
C=CCN1CC2[C@@](C1)(CO)CC(=O)C=C1C=C(CO2)OC=C1,-47.78879154824426,725,False,6.155166606011115,0.7934656181881837
c12ccc(S(=O)(=O)N)cc1C1=CC=C3C[C@H]4[C@H](OC(C)=O)C=C=C(O)C=CC4=C3OC=C12,-47.79859844703702,726,False,4.8699680950847,0.5281216327771838
CN1C(=O)CN2C(C1)C1=CC=C3C=C4N(SSC)CC=C[C@]14C=C3OC(C)=C2,-48.091653151329865,727,False,7.2337669682707855,0.3920578876837082
c1ncnn1CC1=C2[C@@](C)(CCCCN1C)c1c(ccc(Cl)c1Cl)C2=O,-48.09518882544671,728,False,3.683275869129067,0.7733695764173429
C1(=O)Nc2ccccc2[C@H]2C=C[C@H]3[C@H]4C(CC=C4)=CC=C=C[C@]3(C)[C@@H]12,-48.15402406192016,729,False,5.115405865264217,0.5401599586297241
C[N+]1(C=C)C=CC=C2[C@@](O)(c3oc4ccc(Cl)cc4c3C1)OC2=O,-48.18739150672991,730,False,5.054396992236487,0.6364878216189369
N(c1cc2c(s1)C1=CC=CCC[C@H]3[C@@H]4[C@@H](O)CC=C4C=C3OC=C12)C(=O)CO,-48.23951094458789,731,False,5.422762911266894,0.7149040298390282
N1C(O)CN2C(C1)-c1nccc3c1[C@H](C[C@H]2CCF)[C@@H]3C,-48.29501847535721,732,False,5.086074582501831,0.8702127739355918
c1(=O)n2c(cc3ccccc23)oc(NCc2cnc(OC3COC3)nc2)n1,-48.29579851418566,733,False,3.2489725051681084,0.5689707931017521
CN1C(=O)C2=C(C1)C1=C(Nc3c(C)nc(C)n3[C@@H]3CC4=CC=CC=C4C=C3C=C1O)C2=O,-48.50649419579122,734,False,4.606083268850038,0.6322195500804579
N1C(=O)CN2C(C1)[C@H]1[C@@H](C)C=C[C@H]3O[C@@H]2[C@](O)(C)[C@H]2CC=C[C@@]231,-48.54798441400817,735,False,7.040617093735976,0.6447062666494416
c1c(Oc2c(Br)c3c(cc2OC)C(=O)C(=O)CO3)c2cc(OC)c(OC)cc2cc1O,-48.5891215620195,736,True,2.9280865300782484,0.5309018214507338
Cc1n[nH]c2c1N1[C@H](C(C)CCC1)c1cc3cc(C(F)(F)F)ncc3cc1OC2=O,-48.70081826268279,737,False,4.012875440372009,0.4212871984395998
N1(C(C)=O)C=C(C#N)C(c2csc(C)c2C)=Cc2c1cc1cccc(OC)c1n2,-48.73174647744781,738,False,3.4781332975896015,0.5891851961968027
CN1C(=O)CN2C(C1)[C@H]1C=CC[C@@H]3C4=CCC=CC[C@@](C(OC)=O)(C)[C@@H]4C[C@]32C1,-48.760050905564185,739,False,6.368639361134079,0.5051358144977585
N1C(=O)CN2C(C1)[C@H](C1=CC=CC=C3C(=O)c4ccccc4C(=C3O)O[C@@H]1Br)[C@H]2CC=C,-48.76888724053652,740,False,6.000756345296027,0.4948031155380478
CN1C(=O)CN2C(C1)C1=CC(O)c3cc4c(cc3[C@]1(C)OC=C4C)C(=O)/C(=C\c1cocc1)OC2=O,-48.96186310464645,741,False,6.5213548498268,0.4841571079847617
C1=C\c2ccc(OC)cc2C2(C1)C1=CC(=O)C3C=C(Cl)C(=O)C3=C1OC=C2C,-49.108681882554265,742,True,5.055184641104281,0.7117857612513345
[O-][N+](=O)c1cc(Br)c2c(n1)C1=CC=C[C@H]3CC4=CC=C[C@@](OC(OCC)=O)(C=O)[C@@H]4C=C3OC=C12,-49.25553063005054,743,False,5.760919779043907,0.2217771864326762
c1ccc2c(c1)C1=CC=CCc3cc(S(NCC4C2C4)(=O)=O)ccc3OC=C1N=S,-49.32387474968914,744,False,5.971524682509182,0.7265469765362803
BrCN1C2=C(O)C3=CCC4=CC=CC=C4C=C3OC=C2C=C1N(CC)[C@H](C)O,-49.34127401153091,745,False,4.421802339048428,0.5638791859286689
N1C(=S)N2[C@H](C1)Cc1c-2ccc2c(c1)cc1c3cc(C1=C2)cc3,-49.39284518494969,746,False,4.4222636762199645,0.492064681246113
O=S1(=O)NCn2c(nc3nc(C#C)cn23)-c2cc3sc(SC)nc3cc21,-49.44260165678088,747,False,4.136519094453266,0.3851461650668872
N1(C)C(=O)C(C)N2C(C1)C1=CC=CC=C3CC[C@@](O)(CC(C)C)[C@@]13OC=C1C=C21,-49.64239144117846,748,False,5.668726459982763,0.7821733113639084
CN1C(C=O)C[N+]2(CCC)[C@@H](C)[C@@H]1C=C1C2=CC=C(C)C1,-49.70277712598181,749,False,6.087247963209531,0.5873767721457912
c1c(NC(=N)OC)sc2c1C(=O)C=C1[C@@H]3C(=O)C=C1[C@@]23O,-49.82116530534586,750,False,5.778182711220142,0.5343538151216003
O[C@@]1(c2ccccc2)C[C@H]2[C@@H]3CC4=CC=CC[C@@H]4[C@@H]4C=C3OC[C@]12CN=C4,-50.17031152592244,751,False,6.99283110861212,0.8228754156148161
n1(Cc2ccc(Cl)c(C(OC)=O)c2)c2c(c1=O)C=Cc1c-2c(OC)cc(OC)c2ccccc2c1-c1ccccc1,-50.40665634387278,752,False,2.561769086533939,0.1965037505602802
O(C)/C=N/Nc1c2cc3[nH]c(=N)c-3nc2ccc1C#N,-50.4375341070554,753,False,3.63336275895419,0.4463528714945904
Brc1cnc2c(c1)occ2CC1=Cc2cc(OC)cc(OC)c2[C@]2(C1=O)OC=C2,-50.525386445116965,754,False,4.381101269738929,0.5761425697110314
c1ccccc1CCN1C=C[C@]2(c3c(cc(OC)c(OC)c3O)OC)C(=O)C(SCC)=C12,-50.55323831912392,755,False,3.6832109671614486,0.6079423179676635
C1(NC(OCCC)=O)=C(Cl)C2=CC=C1C=C1/C(=C\C=C\c3ncoc3)OC=C12,-50.56693864135013,756,False,4.5609839828215115,0.5471354037290717
C[C@H](N1C(=O)CC(C2CCC1=O)S2(=O)=O)C1=CC=CC=C3C=C2C=CC=C3OC=C12,-50.59654784353825,757,False,6.586803975481886,0.5040127214356507
CN1C(OC)=CN2C(C1)[C@@H](O)Cc1c-2cc2c(c1Cl)C=CC=C1[C@@H](OC1=O)[C@@H]2C,-50.61939333374176,758,False,5.097919115559131,0.7128989531675133
n1ccccc1OCCN1C2=CCCC3CC4=CC=CC=C4C=C3OC=C2[C@H](OC)[C@@H]1NCC,-50.69963901816459,759,False,4.9131746128734,0.6572172817934437
CN1CCN2C(C1)C1=CC=CC=C3C[C@]4(c5c(cc4)O[C@H](C=O)C/C5=C\[C@]23OC)OC1,-50.70126561881625,760,False,7.394336011294706,0.6392350562652414
C1(O)=CCSC1(CO)c1c(Cl)c2c3c(c1O)C=CC=C3OCC2,-50.9123780994272,761,False,4.169653021407985,0.7728613466909451
C(/C=C/CO)CN1C(=O)CN2C=CC(C=C)=C3OC=C1[C@H](Cl)C[C@@H]32,-51.06296332723628,762,False,5.768225599865283,0.6114779904015699
COc1cc2c(cc1NC(C)=NS(c1c(N(C)C)c(F)ccc1)(=O)=O)OC=CC2,-51.11999923238366,763,False,3.2293914599827644,0.589605008216381
[O-][N+](C)(CCl)c1cc2c(o1)c1c(c(=O)n(CCN3CCOCC3)c1=O)CC(C)=C2C=O,-51.227776019881446,764,False,4.335600871122829,0.1626174944038956
Clc1c(O)c2cc(-c3n(C4CCN(CC5CN5)CC4)nnn3)[nH]c2c(N)c1,-51.25763243725555,765,False,3.6744564053847526,0.3013375099233882
CN1C(=O)CN2C(C1)[C@@H]1CC=C[C@@H](O)[C@@H]3C[C@H]4O[C@](C4)(OC3=CO1)[C@H]2OCC,-51.37349802722156,766,False,7.331534920842532,0.6885602343017612
CN1C(=O)CN2C(C1)/C13C[C@@H](O)[C@H]4[C@H]5[C@@](O)(CO3)[C@@H]5OC=C4[C@H]12,-51.44074332706214,767,False,7.290667981309941,0.5539260244471984
CN1C(=S)CN2C(C1)c1ccc3cc(N/C(CO)=N/c4ccoc4Cl)ncc3c12,-51.49194177292338,768,False,4.374579855276544,0.3741872914805214
C1C[C@@]23[C@@](N)([C@]12CBr)Cc1[nH]c4ccccc4c1COC3=O,-51.71998573411838,769,True,4.9088018007140635,0.6062188308249714
c12cc(O)ccc1C(=O)C[C@H]1C(C(=O)O)=CC=CO[C@@]12S(=O)(c1ccc(OC)cc1)=O,-51.75724383966031,770,False,3.8820418988671896,0.7400228848855613
CN1C2=C(Br)C(=O)C3=CC=CC=CC3(C1=O)C1=C4C=C(C1)OC=C24,-51.807069658834735,771,True,6.299572752737431,0.6467273291700824
C1(=C\c2c3cnc4c([N+]#[C-])cccc4oc3cnc2)\c2ccccc2C=N1,-51.85034937721821,772,False,3.6707140387610986,0.4313373637067077
CN1C(=O)CN2[C@@H](CC1)/C(=C/CC)C(=O)c1c(cccc1CC=C)OC=C1OC=C12,-52.03831618488039,773,False,4.672402165527135,0.5673703223288816
CN1S(=O)(=O)c2c(nn1)-c1cc(SC)c(C/C=C/C(c3nc[nH]n3)=O)cc12,-52.08487214342145,774,False,4.341646002323852,0.4652605049088349
Cl[C@H]1C[C@H](NS(=O)(c2cc(Cl)c(=O)[nH]c2)=O)Cn2nncc2[C@H]1c1cc(Cl)cc(Cl)c1,-52.20902772418542,775,False,4.231627197856142,0.5099760190482648
N1(C)C(=O)CN2C(C1)C1[C@H]3[C@@H](C(=C)[C@@H](N(CC)CCCC)CC[C@H]13)C2=O,-52.22807385842998,776,False,4.8060575448680165,0.705327378133148
C1CNS[C@@H](C2[C@@H]3CC4=C2c2ccc(OC)cc2C3O4)C1,-52.3802445948968,777,False,5.552820884899916,0.846644645264734
C[N+]1(CC2N(SC)CC=CC[C@H]2Cl)CC=CC=C(C(OC)=O)C1,-52.40932188307852,778,False,5.134685337889474,0.2542002054057868
CN1C(=O)CN(C(c2cccnc2F)C2=CC=CC=C3C(C)(Cc4ccccc4)C=C3Cl)OC(C)=C12,-52.51905026774148,779,False,5.460595848334675,0.4688955895648699
c1n(CCN)c2ncccc2c1-c1cc2cc(OC)ccc1S(=O)(=O)Nc1snnc1C2=O,-52.55802581269609,780,False,5.119499732508697,0.5764133631509051
N1c2c(nc1Cl)CN1C3(c4ccc(OC)cc4N[C@H]3C1=O)C(=O)C=C2,-52.57371691157368,781,False,4.850548417097874,0.7593344951026383
C[C@H](N1C(=O)CC2=C(CN3Cc4ccc(F)c(OC)c4CC3=S)[C@H]12)CO,-52.61213194998527,782,False,4.3024512267678094,0.6275505089541558
C\C(=N\n1c2nc(N(C(C)C)C(O)=O)sc2cc1)C1=C/C=C2\C=CC=C3OC=C3OC=C12,-52.6260825087752,783,False,4.542129394887569,0.6105081775511882
c1cc(N=C=S)nn2c1cc1c(c2=O)C/C=C2\O[C@@H](C)[C@H](C)[C@H]21,-52.66976694127152,784,False,4.969772187001901,0.5972922909851103
COC(N1C(=O)CN2C(C1)CC1=CC[C@H]3C[C@]45C[C@H]6O[C@@H]6C[C@H](OC)[C@H]4C[C@]53OC=C12)=O,-52.742750194740665,785,False,6.2033910011311235,0.5761111562609251
N1[C@H](c2ccc(O)c(OC)c2)C2=CC=CC=C3Cc4c(cc(C)cc4)C(=O)[C@H](C)c1c32,-52.8400610192748,786,False,3.9622042870603913,0.7214254704729548
[S+]1([O-])C(=O)CN2[C@](C1)(C)N1[C@@H]3C=CC=C4C[C@@H](C)OC(=O)[C@]34OC=C12,-52.89982150037599,787,False,6.426329005429397,0.4549801225159591
CC[C@H](C)N[C@@]12COC=CC=C3C=C1C=C3OCC=C3OC=C1[C@]23OC=C1,-53.0450462710578,788,False,7.3417854779091885,0.8293080504590326
s1c2nc([N+]([O-])=O)ccc2nc1N1C(=O)CN2C(C1)C1=CC=C/C=C3/C(=C\COC)OC=C2C=C3OC1,-53.08104935626227,789,False,5.968253512984407,0.4422642659892165
c1cc(/C(=N/C#C)N/C(=N\OC(C)(C)C)OCC)ccc1OC(=O)OCC,-53.13812728312428,790,False,3.308302469114529,0.2120982291437145
[N-]=[N+]=Nc1c2c([n+]3c1c1cccccc13)C(=O)C(O)=CC=C2C(O)=O,-53.16987982277624,791,True,4.136232774638181,0.3564392196850601
OC1=C(OC)C(=O)N2[C@@](C1)(C1=CC=CC=C3C/C(=C2C)C=CC=C13)N1CCOCC1,-53.635347972630825,792,False,5.520319292129962,0.7627911685153379
CCN1C(=O)CN2C(C1)c1ccc3c(c1N1CC[S+](C1=CC=C(CCC)C1=O)O3)CC=CC=C12,-53.75528666512173,793,False,6.789574492994223,0.625326228465465
N12C(=O)CN3[C@@]4(OC)CC(c5cc6ccc(=O)oc6cc54)=C[C@@H]3C=C2O[C@@H]1C,-53.82707122740612,794,False,5.5448702314978355,0.7081887192713038
C[N+]1(C)c2nnccc2CC[C@@H]1c1coc2cc(OC)cc(C(=O)c3cc(OC)c(OC)c(OC)c3)c12,-53.845573296883686,795,False,3.851771761101185,0.2631862883500357
c1ccc2c(c1)C1=CC[C@@H]3C[C@](C(OC)=O)(C[C@H]4C[C@H]4C=C3Br)C1OC=CO2,-53.930503272818896,796,False,5.610330158566386,0.559650594098524
CN1C(=O)CN2C(C1)c1coc3c(O)c(C#Cc4ccc(C#N)cc4)cc/3nc(C)cc2=C1,-53.96026705565623,797,False,4.885984636488612,0.5421976645399604
N[C@@H]1C(=O)C=Nc2c(cc(Sc3nc4cc(CCl)c(C)nc4n3C)cc2)S1,-54.06736338176597,798,False,3.9838282230407818,0.6515336313330857
Cn1c(=O)occ1-n1c(=O)cc(C)n2n(c(CNC(CN3CCN(C)CC3)=O)cc2=S)c1=O,-54.08119612352675,799,False,3.5780121358461336,0.4547182343130914
[S+](C12OC1C(C)C)([O-])N1C(C2)C=CC=C2/C(=N\OC)[C@@H]2O1,-54.10124380978232,800,False,6.393856245337746,0.4365426596647666
C(c1cnc2n1CC2)(=N\C=C\n1cnc2c1nc(N)nc2C)OC,-54.13085537896768,801,False,3.803872268872962,0.5682332860024014
N1CCN2C(C1)C1=C[C@H]3[C@H]4CC=CC=C4c4c(oc5c4c(c5)S3)O[C@@H]2CO1,-54.19896695681382,802,False,6.97091861741439,0.7464863218214345
CN1C(=O)CCN2C(C1)[C@H]1[C@@](CO)(C)c3cc4c(occ4)[C@H](O)N2C3=C1Cl,-54.30283000280315,803,False,5.8565261666843496,0.7550140367867687
c1(Cl)c(O)cc2ccnn2c2c([n+]1[O-])C(C)=CCc1c2oc(-c2ccccc2)c1,-54.30698428946198,804,False,3.7739188603534775,0.460014082438541
CN1C(=O)CN2C(C1)C1=C[C@@H](N[C@H](C)C)C[N+]3([O-])c4cccc(C=O)c4C(C3O)=C12,-54.42495495215326,805,True,5.8213564618662605,0.4350320559981784
N1(C)C(=O)C(C)(CCN2Cc3c2cc(Cl)c(C)c3)OC(CC(F)F)=C1C,-54.4981210183428,806,False,3.937414977965437,0.7492919565079948
CN1C(=O)C(O[C@@H](c2ccccc2)C)OS(c2cc(N)c(N[N+](=O)[O-])cc2)(=O)=C1,-54.58662752809391,807,False,4.592922601821481,0.3122287316868291
s1c(=O)scc1C(N(C)C)C1=CC=CC2CCOC(c3cc4c(cc3)OCCO4)=C21,-54.65469813054489,808,False,4.359230783304939,0.6998386635587382
c1c(=O)[nH]ccc1/C=N/Oc1c([C@@H]2Oc3cccc4c3C(=O)C(Cl)=CC=C42)cc(OC)cc1O,-54.67832080230755,809,False,4.750369355706125,0.3305314421875706
c1cc([N+]([O-])=O)ccc1N1C(=O)CN2C(C1)C1=CC=CC[C@@]3(CF)C=C(Cl)CC3=C1OC=C2C(F)(Br)F,-54.76702656284863,811,False,4.889321519862604,0.2381296196285594
C1(=O)CN2C(CC)C3(N)C=C1C3Cc1c2c(C)c(N)nc1,-54.84056757418148,812,False,5.6516877343483305,0.8017153873090117
N1C(=O)Cn2c(c1Cl)c1ccc3c(c1[nH]/c(=N\Cc1ccc(N(C)CCCl)cc1)ocn3)[nH]2,-54.87281489946599,813,True,5.08654963439779,0.4415126680551256
[C@@H](O)(CSc1n[nH]c(NC2=NC=CC=C3CCCC=CC32)c1)C(=O)OCC,-54.90383216618375,814,False,4.692346515710216,0.393475955917726
CNC(=S)C(c1ccc(Cl)cc1Nc1nc(/C=N/OC)[nH]n1)c1ccc(F)c(Cl)c1,-54.97520444492011,815,True,3.792949631130076,0.2664471545802682
C(O)(CN1C(=O)CN2C(C(OC)=O)C1=CC=CCC21SCCN(C)c2c1cccc2)=O,-54.99890727360662,816,False,5.46728743881051,0.7054954479618258
N1C(=O)CN2C(C1)-c1nc(CCC3CN4CCC(Cl)C[C@@H]4CC3)c3cn[nH]c3c12,-55.01142909988266,817,False,4.62955099087336,0.7537852969379544
CC(C)(n1nc2c(n1)COc1c-2cc(/C=N/c2c(O)cc3c(c2)Cc2ccccc2C3=O)c1=O)C,-55.01239441309008,818,True,3.757137839013105,0.447276156753524
CN1C(N)C(=O)/C(=N/O)N2C(C1)c1cccc3c1cc([N+](=O)[O-])cc3/C=C\c1cccnc1N2c1ccccc1,-55.0497160468509,819,False,5.738086378648295,0.2181073673653924
CCNC(C1=C(OCC)Oc2ccc3c(c2C1C)C=C(C(C)C)C=C3)c1ccc(C)cc1,-55.05410238973491,820,False,3.5940957873923924,0.4252762969957369
C[n+]1c(O)nn2n(c1Nc1ccccc1N)c1nn(-c3cc4c(cc3)OC=C4C)c(=O)cc12,-55.16470792057987,821,False,3.6204691959709514,0.2816675901780782
C([C@@H]1N2C(=C(C1)/C1=C\C=C2CC=C2\C=C1)CC(O)=C2)(O)=O,-55.53920024307445,822,False,6.319665509982935,0.7754552669579309
CN1c2[nH]c3c(c2C=C2C4=CC=Cc5c2c(ccc5)N4C[C@H]3C[C@@H]12)OCO2,-55.846213331995386,823,True,6.777583526434455,0.6709921871575978
CN1C(=O)C2=C1/C(=C\c1ccc(OC)cc1)c1cc3c(cc1N2C(=O)CN1C(=O)Cc2cc(C)ccc2[C@H]1[C@H]3O)C,-55.86209084321797,824,False,5.5013244127241165,0.5229119560670801
C(N1C2=C(C3C(C2(C)C)OCC=C3C)[C@H](O)Cn2c(CC)ccc21)c1ccccc1,-55.8763892906718,825,False,4.481445785436637,0.7546041995485495
Fc1c(F)cc(-c2ncsc2N2C(C2c2ccccc2)O[C@@H](C)C2=CC=C3SC=C23)cc1,-55.97013559789275,826,False,4.517950514507606,0.3732310097609317
c1cc(N(c2cccc3c2ccc(F)c3)c2cc(F)sc2n3cnnc3N)ncc1OCC,-56.01594546070351,827,False,3.2317487377058116,0.3519751448368353
CCn1nc2c(=O)n(/C=C\C(=O)OCc3cc(Cl)ccc3)nc(-c3c(O)cccc3)c-2c1Cl,-56.19922916503202,828,False,3.0728723109068063,0.3189293901719293
c1([N+](=O)[O-])c[n+](Cc2[nH]c3c(c2)CC2(C(=O)C3)CC2OC)c1,-56.364940067888256,829,False,5.385387509672559,0.5060796259320904
c1cc2c(cc1N/N=C/c1cccc(O)c1)CC=C1CC3=C/C(=C\c4cc5occc5cc4OC13O)C=C2,-56.57710422571472,830,False,5.514325723091731,0.1681548656049573
N1C(=O)c2c(C1)c1c3occ(C)c3nc3c1c1c([n-]3)C(Cl)=CC=C1CO2,-56.62110607641807,831,False,4.298775335617506,0.5169264231048152
c1c(O)nc2c(c1C)C1=CC=CC=C3Cc4c(c5cc(O)ccc4OO5)C=C3OCC(CC(=O)O)=C12,-56.65258056527455,832,False,5.68436474068905,0.5030281100970387
s1ccc2c1C(=O)C(Cc1ncc(C)o1)=C1O[C@@H](c3ccccc3F)NC1=C2,-56.6630802690562,833,False,3.7054131796845873,0.5412075833489068
[C@H]1(Cc2c3c([nH]c2)CCN(C(=S)NCCc2ccccc2)n3Cl)CN1,-56.74408316483641,834,False,3.6738619994036945,0.4253555333680017
O[C@H]1[C@H](c2c(F)cc(F)cc2)C(=O)N2\C(CC(OC)=O)CO[C@H]21,-56.844007852815366,835,False,4.043469669087442,0.8202681362902999
C[C@@H](c1oc(-c2cc(C(F)(F)F)ncc2-c2ccc(SCC(=O)N(C)C)cc2)cc1)OCCC,-56.89381092414624,836,False,3.3228258982032592,0.3114103239246967
c1c2n(C(=O)OC3CCc4ccccc41)O/C=C3\C(=O)c1n(C)ccc1C2=O,-57.04759255476711,837,False,5.288958674493944,0.7062880074343244
CN1CCN2C3=C(SC2C=CC=CC1=O)C=C1CC(C)(C)C(C=O)=C1N3,-57.11509148408368,838,False,5.130587580722821,0.7200894361119341
c1c(F)n2c(n1)C1=CCCCc3cc4sccc4c([C@H]31)c[n+]1[nH]ccc12,-57.30309943560769,839,False,4.937500192750651,0.5948986434816417
[nH]1c2c3c(Cl)c(Cl)ccc3c(Br)c2c2ncnc(N3CCc4ccsc4[C@H]3CC2)c1=O,-57.328245879327824,840,False,5.527692084041719,0.5583437977933982
O=C(N1C(=O)CC[C@H](c2cc(CCC)c(O)cc2OC)C1=N)C1c2ccc(OC)cc2-c2c1cccc2,-57.3445866092502,841,False,3.7337904274859746,0.444407326982616
OC(Cn1c(=O)[nH]c2c1=Cc1c3[n+](c4c2CC=C[C@@H]4O)CCC=C13)C,-57.42469293356703,842,False,5.162770806633553,0.4717157008283303
C1(=O)N2CC3=C[C@]4(OCC3=CC=CC=C2C(O1)c1ccc(OC)cn1)C=CO4,-57.96321664103016,843,False,5.550431150301255,0.7874033742703301
CN1C(=O)C(=S)N2C(C1=CC)C1=CC=CC=C3C[C@H]4CCC=C[C@]4(O3)O[C@H](CO)COC=C12,-57.99793925701806,844,False,7.157915771788566,0.4684734309067479
n1c(O)c(N2C[C@H](O)[C@@H](O)C2)n2c(nc1C)cc(-c1sc(Oc3ccccc3OC)cn1)s2,-58.08691123300173,845,False,4.6038274308201075,0.5463608331596581
O[C@@H]1C(Oc2nncc(C)c2)N2C(C1)C1=CCC3CC4=CC=CC=C4C[C@H]3OC(=O)C12C,-58.09882476691553,846,False,4.9279428078337375,0.5748693135856118
n1cnn2c1[nH]c1nc(Cl)c(-c3c(O)cc(S(=O)([C@H]4C[C@@H]4n4cncc4)=O)cn3)cc12,-58.24485756147891,847,False,4.58750806839142,0.3905818749159039
CN1C[C@H](c2ccn(C(=O)OC)c2)N2CC=C[C@H](Br)c3ncc4cc(OC)c(OC)cc4c3C[C@]12O,-58.25540102233072,848,False,5.202161828695102,0.3840648653938273
S=C(N1C=Cc2c1c1c(n2C)C2=CC=CC=C3C=C2OC=C1CC[N+]3([O-])CC)N1CCCC1,-58.26821879178169,849,True,5.587800049723327,0.2118298339189996
CC(/C=N1)=C\c2c(n(CCC3CCCCN3)nc2N)-c2c(cccc2)C1=O,-58.36455425877648,850,False,4.098682399534727,0.8761364559739973
[O-][N+](COCCN1C(=O)CN2C(C1)C1=CC=C3[C@@H](C)N(C(=O)c4cnccc4)C=C3OC2=C1c1c[nH]cn1)=O,-58.36967543462458,851,False,5.63387321215212,0.2430368280108467
C(OC)(=O)CN1c2cc-3c1cccc3[C@H]1[C@@H](C)OC(c3ccccc3)=C2OC=C1,-58.4624359071272,852,False,5.195386658825372,0.612188600811097
c1cc2c(cnc(=O)n2C)cc1CN1C(=O)CN2C(C1(C1)CC=CC=C3CC4=CC=C(Br)C4=C3Cl)=C12,-58.46310281905539,853,False,4.64292306313098,0.5193664693938502
NC(=S)N1N2C(CC1)[C@]1(O3)C=CC=C3C=C(c3nnc(S)n3C1=O)O2,-58.536182159150485,854,False,6.618728773454467,0.4875507057802671
C1=CC(=O)[C@H]2C(C1)C(=O)C=C1C3=C(C[C@]4(Br)C=CC=C41)C3=C2OCO,-58.555056667854615,855,False,5.227881863389141,0.5732007469963213
c12c(n3c(c1)c1c(cccn1)c2=O)C1=CC(=O)N2C(C1)C1=Cc2cccc(OCCN(CC)CC)c2C=C3OC=C12,-58.86469096264591,856,False,5.856685754950149,0.2682478109239228
CCC[C@H]1n2cnc(C)[n+]2-c2c1c1cccnc1n2C(=O)S/C=C\c1ccc(F)cc1,-58.88546895551826,857,False,4.2467352101310905,0.4227950772577999
C[N+]1(C2=NCC=CC(C(C)C)=C[C@H](Br)C=C2)O/C(=C/c2ccccn2)C1=C,-58.98077439554436,858,False,5.432074251842905,0.4805364059175536
Cc1c(O)ncn2c(=N)n(Cc3cc(-c4cccnc4Cl)ccc3)c(N3C[C@H](O)[C@H](OC)OC3)c21,-59.02287322704132,859,False,4.284735100792778,0.3628759355155622
C(CCCC(N1CCC[C@H]1[C@H](N1)C(=O)C2=C1C=CC=C(Cl)C2=O)=C)C=C,-59.05808884896385,860,False,3.890136685145049,0.5688811394789935
CN1C(Cc2cc(CCc3ccc(Cl)cc3)ccc2)OC(c2ccc[nH]2)=C1/c1cc2occc2cc1O,-59.10417523674983,861,False,3.650203861692902,0.2416768319222977
O1C(=O)CN2C(C1)C1=C(C=O)[C@H]1CCCC[C@H]1Cc1cc3c(c(OC)c12)COC[C@]31C,-59.17131365225839,862,False,6.640092076071111,0.5024862486260053
N12CC(Cc3c1cccc3)C(=O)Cc1c(c3cc4ccccc4o1)C2=C(O)C(=O)C(C)(C)C3=O,-59.251571230157424,863,False,4.581144842954216,0.5985672881501873
C(c1occc1)CNC1=CC=CC3=COC3C(c3ccncc3)=CS1,-59.49926738984141,864,False,4.463463531861514,0.8722635255857709
C1C[C@H]1N1C(=O)CN2[C@@H](C1)C1=CC=C3C[C@]4(C)C=CC[C@](S(=O)(=O)N4)(O)C[C@@H]1C32,-59.7421842769121,865,False,7.127053334700925,0.6116535461566281
CN1C(=O)C(c2cnccn2)N2CC=C3C(=C4[C@]5(O)[C@](CO5)(C)C[C@H]4C3)[C@H]12,-60.00583747706287,866,False,5.282765155675914,0.7990350494913427
O=S1(=O)C2=C(C(CO)[C@@H]2O)c2ccc3ccc(-c4c(C)ccc(=O)o4)cc3c2[C@H](C)C1,-60.11692527419064,867,False,4.283975319501938,0.6373988007753165
CN1C(=O)CN2[C@](C1)(C1=Cc3oc(CN4CCN[C@@H](COc5ccccc5)C4)nc3C=C1F)c1c(c(OC)ccc1)OC2=O,-60.2866983081708,868,False,4.189208348775625,0.3411639245461583
CN1C(=O)C(C)N2C(C1C)C1=Cc3c(C(CCC=C)C)c(C)ccc3/C1=C\c1cc(O)c(OC)cc1C[C@@H]2O,-60.40553205036258,869,False,5.374094307916021,0.5008893444954922
CN1C(=O)N2C(/C(=C\c3noc(-c4c5ccccc5[nH]c4)n3)F)C3NC=CC=C[C@H]2C1=CC=CC=C3,-60.44629538876461,870,False,6.282306987565756,0.5656566320037897
C1(=O)Nc2noc(Nc3c(S(O)CC)cc([C@@H]4O[C@H](CO)[C@@H](O)[C@H](O)[C@H]4O)cc3)c2C1=C,-60.48598361144696,871,False,5.272927734863229,0.2232987424415365
CN1C(=S)NC(=O)CN(C)C(=O)N1Cc1c2cnn[nH]c2c(OC)nc(SC)n1,-60.53377992122466,872,False,4.516173383059686,0.6137647038236915
c1cc2c(cc1OS(=O)(c1[nH]n[n+]([O-])c1)cccc2Oc1ccc2[nH]c3cnccc3c2c1)c1ccccc1OC,-60.68884195929661,873,False,5.148414841503006,0.1513088044221095
CC1=CCOc2c(O)cc(/C=C/COc3cc(C(=O)O[C@H]4O[C@H]([C@H](O)O)[C@@H](O)[C@H]4O)c(OC)cc3)nc2C1=O,-60.71065835222407,874,False,4.6147442948295945,0.225053143341825
C12(Oc3ccncc3)CN3C(C1)C1=C3C(C)=C2/C(=C/CO)CC=CC(C)=C1O,-61.32169277057983,875,False,6.118535435812965,0.8441066898630339
c1(=O)oc2c([nH]1)C1=CCN3[C@@]4(Br)O[C@@H](c5sc(-c6cc[nH]c6)cc5)CC=CC=C4C=C3OC=C12,-61.33568606023982,876,False,5.2175771374194735,0.3272584345945352
c1c(N2CCNS2(=O)=O)cc2c(c1)C1=CC=C[C@H](OC(=O)/C(=C\c3cc4ccoc4cc3)OCO2)C2=C1CC2,-61.38947845837339,877,False,5.391774772557136,0.3752471346955198
CN(C/C)C1=CCN2C(C1)c1cc([C@H](n3cnnc3)C(=O)C=C1OC(CO)=O)c2,-61.39794871664435,878,False,5.651978377367795,0.7194535828490345
N1c2c([nH]nc2-c2ccccc2)-c2c1c1[nH]c2c(c1CC[N+]([O-])=O)C=C1CC=CC=CC=C1C(OC)=C,-61.63035951449456,879,False,4.681239745906591,0.1381811846444454
N1C(=O)CN2C(C1)C1=CC=CC=C3CC(O)=CCC(=O)C3N2/C1=C1/C=C(\c2cccs2)C(C)=CC=C1,-61.74634479225301,880,False,6.096007944931785,0.5966457756915189
C=CCOc1c2c(ccc1)/C=C\OC(=S)N[C@H](C)C1=CC=CC=C2[C@H](C1)O,-61.7729000465024,881,False,5.615659720152889,0.6086019656876807
N1C(=O)CN2C(C1)C1=CC=CC3=CC(CN(Cc4ccccc4)Oc4ccc(OC5CCN(C)CC5)C(=O)C[C@]41O)=C3OC=C2,-61.97755505087571,882,False,6.310523716785976,0.5328001174521193
CN1C(=O)[C@H]2N3[C@](O)([C@H](O3)CC1)[C@H]1[C@H]3CC[C@H]4CC=C(C)C=C4C=C1OC[C@H]32,-62.27279708840206,883,False,6.867522378494639,0.6920788910304315
O1C(=O)CN2C([C@@H]1CCn1c3c4ccccc4sc3c1=O)c1cc(C(NCC(C)Cc3ccccc3Cl)=O)ccc1-2,-62.568954906508566,884,False,4.092471377204266,0.2566294055279199
N1C(=O)Cn2ncnc2-c2c1c1ccc(OC)c3c1c1cc(N(CCC)ncc1o3)NC(=S)N2,-62.67266856905553,885,False,4.987376544288596,0.3372035337041059
N1C(=O)CN=C2C(C1C(O)=O)[C@@]1(c3[nH]cnn3)c3cc4c(OC)cc(C)cc4cc3C[C@@H]12,-62.71763804141119,886,False,4.856127310529834,0.5746630865973469
c1c(CN2C(=O)C(N3C[C@@H]4C[C@@H]3CC3=CC=CC=C4[C@]14[C@H]3OC4=O)=C2)F,-62.785413116512245,887,False,7.620939111914392,0.625677439975857
C12=CC[C@@H]3C=C[C@@H](OC(CC)=O)C=C[C@](O)(C#C)[C@@H]3Cc2[n+](CC)cc1,-62.824494840253465,888,False,5.5721439106412465,0.3677268796343095
CC(C[C@@H]1c2cc(Cl)c(Cl)cc2C2=CC[C@H]3C4=C=C2C=C4[C@H]4O[C@@]134)C,-62.88530405649158,889,False,6.652705911736157,0.4544483419912228
COc1c(O)cc2c(c1)C1=C([C@H](OC)C=C3C=CC(=O)NC([C@H](c4ccc(O)cc4)CO)C=C3O)C=C12,-62.9172075723518,890,False,4.5947832639732065,0.2576106824760431
C[N+](C)(C)CCC/C=C1\C2=C3CCN(C4=CC(=O)c5c4cc[nH]5)C([C@H]1O2)=C3,-62.98714899924221,891,False,5.669260826972886,0.6445247718658877
C(=C/OC)\[C@@](O)(C(OCC)=O)C=C/C(N1C2=C(O)C(=O)CC(C)=C2C=C1O)=O,-62.990557023830206,892,False,4.609905692505098,0.3403209582054501
[nH]1ccc2c1[C@@H](n1c3nncc(C)c3cc-2cnn1/N=C/c1ccc(O)c(O)c1)c1ccc(OC)cc1,-63.65903445694176,893,True,4.5547571949711685,0.2481735791367063
Clc1c(N)cnc2c([C@]1(O)C)[C@@H](CCCCl)[C@H]1[C@@H](C)/C=C/[C@@H]12,-63.707119089059006,894,False,5.259512011564109,0.6089646856107668
C(N1Cn2cccc2[C@@H]1c1ccc2oc(=S)n(CCc3cc4ccccc4c(F)c3)c2c1)c1ccc2ncoc2c1,-63.83182392433832,895,False,3.7336196267672,0.1929555763120696
c1(Cl)c(Cl)cc2c3c(sc2c1C1=C(Cl)N(C)C(=O)/C(=N/O)C(Cl)=C1c1ccccc1)C(=C)C3=O,-63.916040903013936,896,False,3.609945360413092,0.1653379457450392
n1c2c3c(n1[O-])cccc3C1=C2C(=O)C[C@]2(C)c3[n+]([O-])cc4ccccc4ccc3OC=C2S1,-64.01744335868875,897,False,4.965916659417729,0.3731549417201181
N1(CSC(OC(c2ccc(N(C)C)cc2)=O)C(=O)C[N+]2(C(OC)c3cc4c(cc3)OCO4)CCO2)C(=O)c2c1cccc2,-64.10334892763694,898,False,4.517015196683621,0.1708299908649711
CN1C(=O)CN2C(C1)C1=CC(=C)[C@@H]3Cc4ccncc4[C@@](C#C)(O)[C@@H](n4c([N+](=O)[O-])cc(OC)cc4=C3)OC=C12,-64.408288808831,899,False,6.731949355802718,0.3391415464882012
N12C(=O)CN3C(C1)C1=CC=CC=C4C(C(=O)CCCC)=C1N=C3OC(c1ccc(OC)cc1Cl)=CC(C)(C)ON24,-64.5373541651752,900,False,6.376465957837736,0.4855980252183815
C1/C(=N\O)SSC2(c3occc3)SC(Cl)=C(Cl)C(Sc3ccccc3O)=C=C21,-64.79667552067122,901,False,4.82894965404356,0.2032998188998996
c1ccccc1CNc1n2c(c(-c3[nH]c4ccccc4n3)c1)/C=C/c1ccccc1OC(C)=C1\CC(=O)c3ccccc3OC=C21,-64.8083768462036,902,False,3.8848894082419823,0.210567636750537
NC1=CC=CC(=O)C=C2C1=CC=C1C3=C=NC(C(OC)=O)=C(O)C=C(OCC)C3=C2O[C@@H]1C,-64.98655198989036,903,False,5.553389264992863,0.6396751160131556
O(CCC)[C@@H]1[C@@]23[C@H](C2)C=CC(/C1=C4/C(C)=C(C)OC4=O)C3=O,-64.98903552023694,904,True,6.018022143671232,0.4566932409680543
N1C[C@@H]2N(CCc3ccccc3)c3cc4n(Cc5ccccc5)c4c(c3O2)n(-c2cnccc2Br)nn1,-65.11011266093988,905,False,5.004404823762561,0.2829455166803066
CN1C(=O)[C@]2(CCCOC2=O)c2c1C=C1[C@@H]3Cc4ccccc4[C@@](OC(C)=O)(C1)C3OO2,-65.13346614630018,906,False,6.398915983395428,0.3781887787213577
C1(=O)C(N2C(=N)/C(=C\OCc3c(C)c(C)nn(-c4cc5ccccc5cc4)c3=O)SC(=S)S2)N1C,-65.18283584352048,907,False,4.062696753058409,0.2312135135230273
C1(=C)C2=CC=CC=C2C(=O)c2ccc3c(c(=O)c23)[C@H]2[C@@](C)([C@@H]1O)[C@@](CO)(O)C2,-65.26404824897281,908,False,5.755479099117929,0.602676892647176
c1cccc2c1n1c(n1)[n+](C3C(NCC(=O)Br)O1)c1c(c3O)C2=O,-65.47685854041765,909,False,5.758315723768473,0.5751539875344788
CC[N+]1(C)C(O)C(C(CC)c2ccccc2)C2=C[C@H]1OC1=CC=CC=C3C=C(NC=C3C1=O)C2,-65.62971469512195,910,False,7.037015853298548,0.5130407446917489
FC1(F)CCN2C(C1)C1=CC=CC=C3C=C4C(C1(C2)C[C@H]1[N+]([O-])=O)C[C@]24CC=C[C@@H]1[C@@]23O,-65.82083479262201,911,False,6.374938074003812,0.3826073683805249
COc1cccc2c1-c1c(=S)[nH]c3cc(C(c4ccc([S+](Cc5ccccc5)[O-])cc4)ccn3c1OC2[N+](=O)[O-])=O,-65.8649861660906,912,False,5.042250968017624,0.1859744235631931
C1(CN2C(=O)N(Cc3cn(-c4sc(O)nn4)c(=S)n3-c3c2nccc3)C(=O)C1=CC=C)(C)C,-65.87610230983591,913,False,4.8565701405618,0.4414331859080208
C(c1c2occc2[nH]c1)[C@@H]1Oc2c(C=O)ccc3ccc4c(c3cc1)[C@@H]1[C@@H](O1)O[C@H]24,-66.09867554084121,914,False,6.901412373362944,0.522964964308608
Cn1nc2c(CF)cc(N(C)C)c(/C=C\CC=C3/c4cnccc4CC(OC)=C3OC)cc2c1=O,-66.23595849482899,915,False,3.775813120874101,0.5047086852566908
c1nc(F)cc2c1c1c(s2)c(-c2[nH]n(C)[nH]c2)s2c1c(C)nc2C,-66.27660113343427,916,True,4.96969650839354,0.6066542589275995
CN1C(=O)[C@@H]2[C@](C)(C[C@@H]3C[C@H]2CCC(C)(C)[N+]3(C)C)C=C3C[C@@H](O)C=C3OC=C1C,-66.40910653673336,917,False,6.624439888501443,0.6094276629488371
[O-][N+](c1ccc2[nH]cnc2c1/C(=N/c1c(F)cc(C(N3c4ccccc4C=C[C@@H]3C)=O)cc1)CC)=S,-66.69266463840017,918,False,3.993436650970896,0.2021656078502149
C1(N([S+](C)[O-])C)=CC=C[C@H]2Cc3cc4cc(C=O)nc(C)c4cc3OC=C(C#N)C(=C)[C@H]12,-66.7924352419318,919,False,5.633980203209329,0.5204631238989815
O=C1C=CCS(=O)(=O)NC1c1cnc2c(cc(Sc3ccc(C(CC)(CC)C)cc3)s2)c1,-67.00091974223349,920,False,4.204354044084527,0.489009141679764
O[C@H]1CN2C(C3=CC/C3=C\C=C\CC(O)=O)C2=C(c3c1ccnc3F)CCO,-67.06565793435038,921,False,4.7347991943329255,0.5149213297034669
C1N2C(CN1C1=CO[C@H]3O[C@@H](C(OC)=O)C[C@H](CO)[C@@]3(C)[C@@H](CC=O)OC=C12)C=C,-67.49714929567381,922,False,6.832963709552866,0.3918832591187912
C1NC(=S)N(C)C2=CC=CC=C3COc4ccc(C(N(CC=C)C(=O)Nc5c[nH]c6cnccc56)=O)cc4C=C3C=C12,-67.52120713234353,923,False,4.423411337148803,0.2852468357765244
CNC(=O)c1c2c(ccc1)C1=C[C@H](NC(CCC)CC)Cc2cc(C3SCCN3C)c1,-67.55048208399671,924,False,5.225481407920089,0.6490780036311206
c1ccc(/N=C(/N2CC2)s1)C1=CC/C=C3[C@H](O)c4cc5occc5cc4C=c3OC=C1O,-67.57328195944501,925,False,5.055767884234654,0.5807163410319167
CCC12OC(C)(C)Oc3c1c(O)ccc3[C@]1(c3[nH]c4ccncc4c3CBr)CC[C@H]1O2,-67.62189133890206,926,False,5.729421459836441,0.4895309365973406
O=C(O)/C=[N+]1\OC(=O)/C2=C/C(=C\c3ccc(O)cc3O)C1=CCOc1c-2ccc(Br)cc2occc21,-67.64007454771524,927,False,5.4397674380488,0.3730441545508685
FC(CN1C[C@@H](CO)CC[C@H]1C)CN1C(=O)CN2C(C1)C1=CC=CC=C3C=C(O)C(=C1[C@@H]21)C1=C3C,-67.692008524784,928,False,6.15628432555829,0.6878277104049223
C([C@H]1[C@H](O)O[C@H]2C(C1)[C@H]1C[C@]3(C[C@H]21)NC=CN3Cc1c(Cl)cccc1Cl)OC,-67.75381574011413,929,False,5.579085789878558,0.7725333498772057
c12ncccc1C1=NC=CC3(c4ccc(N(Cc5ccccc5)cc43)C1=CC(O)=O)OC=C2CO,-68.06960033784344,930,False,6.318810979698513,0.6712308328721879
N1C2=C(OC3=CC[C@@H]13)[C@@H]1[C@@H](O)[C@]3(C)OC[C@H]1CC(/C=C/COC)C1=CC=CC=C3OC=C12,-68.79912174935453,931,False,6.882652328817662,0.7021398195858831
Cn1c(=O)c2c(cc1CC=COc1cc(Nc3nccnc3[N+](=O)[O-])cc(-c3ccc([O-])c(F)c3)n1)cc2O,-68.80885375706862,932,False,4.0006842655158525,0.1953415124390959
N1C(=O)[C@@H](Cc2cccs2)C2[C@](C1)(CCc1ccc(O)cc1O)COC1=C3C(=O)OC(=C3)[C@H]12,-68.83012823057652,933,True,5.593594610568334,0.5865836458100497
N1C(=O)CN2C(CC1=S)C(N(CC)CC)=C(OCc1ccccc1)-c1nc(SC)c(SC)n1O2,-68.89020508196154,934,False,4.351052913342376,0.417161636185598
Cc1cc2c(c(C)n1)[C@@](/N=N/N(C)C)(O)C(=O)c1cc(OC(N2N(C)C)=O)c(OC)c(O)c1,-68.92644903759674,935,True,5.3292042392263,0.5207515962591024
O=S(C[C@H](c1c2c(-c3c(O)cc(O)c(OC)c3Br)onc2sc1)Cc1cccs1)(=O)CC,-69.59108782198791,936,False,3.973660837515814,0.2914106150716027
c1nc2c(n1-c1occc1)C1=C3C[C@H](O)[C@@]4(SC)C=CC(=O)C4=C([C@@H]3C(C)C)[C@@]21C,-70.15783452632058,937,False,5.994528413408695,0.810467738218262
N1C(=O)O[C@@H](n2cc(C#CCO)nn2)[C@@](c2cnc(CBr)nc2)(OC)[C@H]1c1[nH]c(-c2ccc(F)cc2)nn1,-70.25158445722877,938,False,4.914319525803875,0.2246032358950045
N1C(=O)C[N+]2(C[C@]3(Br)C(=CC=C2)C=C3OC=CC=C3[S+]1c1ccoc1CC=C3)[O-],-70.29713932862978,939,False,7.271062904550483,0.2698872383094832
FC(F)(N1C(=O)CN2C(C1c1ccccc1)c1c2ccc2[nH]c3c4ccc(OC)cc4c(C(OCCO)=O)c-3c1)c2,-70.45077929630486,940,False,6.097184080339314,0.3696049395629534
c1ccc2nonc2c1NC1=CC(=C)[C@@]32C4=C=C=C(OCC2=O)C4=C=C[C@@H]13,-70.61287454510239,941,False,6.988595703037009,0.836702561370131
CC(Nc1cc2c(cc1)[C@]1(O2)[C@@H]2c3cc4occc4cc3O[C@H](c3ccc(O)cc3)[C@H](C)C2=O)C(F)(F)C1=O,-70.81947648938512,942,False,6.3660899129001995,0.33404397431559
c1nc2[nH]c(SCCC)nc2n1C(=O)CN1C(C)=CC=C2[C@H]1[C@@](C)(O)C=CC=CC[C@]23C1=COC=C13,-71.51035668636132,943,False,5.840102912429916,0.4918809098434276
C[N+]1(C)C(=O)C[N+]2(C)[C@@H](c3cc4c(cc3)S(=O)(=O)O[C@H]4O2)S(=O)(=O)N2[C@H]([C@@H]1C2)OCC=C,-71.55607529393217,944,False,7.429913935731326,0.3311964671429955
c1cc(CN[C@H](CO)C(=O)NC2\N=C3CC=CC=CC=C[C@]3(c3nn[nH]n3)N=C2)ccc1Br,-71.60417063344403,945,False,5.080631988925427,0.442577004857938
N1C(=O)CO[C@]2(C1)C1=CC=CC=C3C(CCO)=C(CC2(S(=O)(N)=O)c2c(cccc2)O2)[C@@H]3OCC=C12,-71.77148333480184,946,False,7.191088113220223,0.5563552396567605
CSc1c(C)noc1CCN1C(=O)CN([C@@H]2[C@H]3C[C@H]4C=C(SCCSC4[C@H]3O)[C@H]12)C(=O)O,-71.93341014097331,947,False,6.190808247331318,0.606967559524414
N1C(=O)/C(=C\C)N2C(C1)C1=C=C[C@]34C=C[C@](C)([C@]1(C)OO4)[C@@H](O2)[C@@H]3N(C=C)C=C,-72.60765089403321,948,False,7.894070754703359,0.3417753823678935
CN1N2c3[nH]c4c(c3/C2=N/C=C/c2cncnn2)N=CSC3=CCCCC3=CC=CC=C14,-73.10357416124316,949,False,5.889675133615395,0.5174868112153385
C(ON1C(=O)CN2C(C1)[C@]1(SSc3ccccc3F)C[C@H]3[C@@H]1CC=C4C=C[C@@]2(C43)O)C#C,-73.18781936318624,950,False,6.684507128218726,0.5269003620967985
C[C@@H]1O[C@H](COC(=O)Nc2cc[nH]c2)[C@@H](OC(=O)C)[C@@]2(C)C=C(c3cc(S2)c(OC)cc3)[C@]1(C#N)C,-73.21436699386831,951,False,5.9389331544597574,0.5506559673291447
c1(/N=N/c2ccc(Cl)cc2)nc2c(nnc1-c1ccc([N+](=O)[O-])s1)C#Cc1cc3cc4c(c-3cc14)c[nH]c2,-73.42286064957193,952,True,5.703079151422597,0.1392795136585929
C[C@H]1[C@@H]2C/C(=C\C2)C2=CC[C@]1(C)[C@@H]([C@@H](C=O)C=C(Cl)C)Oc1cc(Cl)ccc1N2C,-73.4719617295782,953,False,6.491828590730002,0.4806206792422371
C1N=C/C=C2\[C@](C)(O)[C@]3(O)[C@@H](C/C=C/C(C)(C)C(C)C)C3=CC[C@@]23C(=O)C13,-74.27877317825187,954,False,6.048440985343373,0.7475110621048071
c1cc[nH]c1N1S(N2CCC2NC(=O)c2oc(=O)n(C)n2)(=S)=Cc2c(OC)cc3nc(C)ccc3c21,-74.3103419712753,955,True,4.812825000613604,0.3756089133606956
S(=N[C@H](CSc1sc(S)nn1)c1sc(NC(CCC(C)=O)Cc2ccccc2)nc1C)CC=O,-74.41094528365647,956,False,4.628281418149053,0.146590982303711
C=CCN1Cc2cc3c4c(ccc3[N+](=O)[O-])[C@H](C5(O4)C=C4C=C5[N@@+]2([O-])OC1)OCO4,-74.62750525916317,957,False,6.91989010289849,0.245674781907424
C[N+]1(Cc2cn(Cc3nncs3)nc2)[C@](C)(N2C(OCC)(C)C=C2c2ccsc2C=C1)C[O-],-75.20384278037,958,False,5.480475174143547,0.4799856536549581
CCN1C(=O)C2C[C@@]3(C1)CC[C@@H]1CC(=CC=C13)[C@@H]2CC=C1C[C@@]42C[C@H]2[C@H]3C[C@]413,-75.3208127040466,959,False,7.800965459014233,0.6455272380441346
C(/N(CC)c1ccccc1O)=C1[C@H](C2=C\C(C)=CC=C(C)C(C)=C[C@@H]2OC)[C@]12OCO2,-76.34285028136946,960,False,5.596346430688018,0.7058061220973375
C[C@H](NC1=C(C(=O)OC)[C@@H](C)N2C(C1)C1=CC=C[C@H]3C[C@H]4N([C@@H](OC)CC4)OC[C@@]43C=C12)C#C4,-76.78211244057866,961,False,5.322525894437796,0.4990173723666047
[O-][N+](c1ccc2nc3nc4oc(=O)ccn4c3c(NC)n21)=[C@@]1CSC=C(Br)C=C(Br)C1=O,-76.82345158154845,962,True,4.421249434703629,0.2174295517645522
C1[N+]2(CCC(C(=O)O)(CC[C@H]1CC)[C@@H]1[C@H](C/C=C\C(=O)c3c(O)cccc3O)O1)[C@H](C)OC2=O,-76.84427508845602,963,False,5.623118601725455,0.2362771425258767
S(C)/N=C(/SC)N1C2=CCc3ccc4c(c3C[C@H]1O)O[C@@H](CC=C(C)C)[C@@H]4[C@](C)(O)C=CO2,-76.90853096626233,964,False,6.994503047290769,0.2754912952739657
S1C(=O)SCN([C@@H]1C)C1=Cc2cc(-c3nc4c(n3Cc3c(OC)cc(OC)cc3Cl)cc(N(C)C)cn4)c2OC1=S,-77.01534923762654,965,False,4.523152702861065,0.252171327777142
C1COc2c(C1OC)C1=C(C2)C[C@H]2[C@@H](C1)[C@H]1CC=C3C=C=C[C@H](OC(C)=O)C(OC(C)=O)[C@H](C=C(C)C)[C@H]3OC(C)=C12,-77.02254090134284,966,False,6.065693537253958,0.2249703289161975
C1(O)=C([N+]([O-])=O)[C@H]2[C@@](C)(Cl)[C@@H]3CC4=CC=C(Br)C=C[C@@H]4[C@H]4C3=CC=CN4[C@@H]2[C@H]1SC,-77.09565982163667,967,False,6.887670536022691,0.3104058861087105
CN1C(=O)CN2C(C1)C1=CC=C[C@H]3[C@H]4[N@+]3(C)C[C@H]2C[C@@]43Cc2c(c(O)c([N+](=O)[O-])[nH]2)OC(C)(C)[C@@H](O)C3=C1,-77.44960763493827,968,False,7.768833287498158,0.2179626808248289
C1(=O)CN2C(C1)/C(=C/C1C(Cl)C1=CC=C3c4c(c(N)ccn4)[C@H]1C[C@H]3/C=C1\c1c-2cccc1)O,-77.457130273036,969,False,6.387166447784504,0.5297480725686211
O1CC2=C(C(=O)o3)C=C[C@]3(OC21)[C@H]1[C@@H](O)C=CC=C2[C@@]3(C(=CC)C(=O)C=C2)C=CC=C3O1,-77.95062489626434,970,False,7.269593359528194,0.5019973926777058
N1C(O[C@@H](C)C(=O)OC)=CC(=O)C[C@]2(SC=C)C=C[C@H]3C[C@H]4Cc5ccccc5C=C4[C@H]3[C@@]21C(C=C)C,-78.35916284245513,971,False,5.583516068620376,0.3748979743222938
C1[C@](C)(C(OC2C3CC2CCC3)=O)[C@](C)(O)C2=CC=C[C@@H](O)[C@]3(O1)[C@H]2Oc1oc2cc(OC)ccc2c1C3=O,-78.49963110065437,972,False,6.327407050711213,0.567273886635826
c1ccccc1C/N=C1\CC[C@@H]2[C@@]3(C/C=C3\C(Cl)=C(CC(C)OC)C(=O)CO3)[C@@H]3C[C@]12O,-78.67495910167781,973,False,5.431435352730687,0.715180460725848
C(N(C)C(=O)N[N-]C[C@@H]1[C@H](C)O[C@@]2(O)[C@H]1[C@](O)(CC[C@@]1(O)C2=O)C#C)(C)C1=O,-78.9831073556702,974,False,7.477102204406186,0.2940123261417555
C1(=O)N2[C@](c3c[nH]c4c3ccc(O)c4)([C@H]12)[C@]1(O)[C@](SS(N)(=O)=O)(CN3)C2=CC=CC=C3C2=C1,-79.37551134727437,975,False,6.35289577312462,0.2437244392525781
C1[N+]2=C(CC[C@]34[C@@H]2[C@@]1(O3)[C@@]1(O4)/C2=C/C[C@@]3(SC)O1)C=C[C@H]2O3,-79.56847788018058,976,False,8.01075861995355,0.5355381281423212
CN1C2[C@](C)([C@@]13[C@H](Cl)C=C1C=C1C(=O)C=CC(C=C1)=C3)N=CC1C(=O)N=C2,-79.83654635873609,977,False,7.765374893612466,0.606092400526297
C1(=O)CCc2c1c1c(cn2)[C@](CO)(Nc2cc3[nH]c4cc(Cl)cnc4c3cc2)[C@H]2[C@H](C3=CCOC3=O)NC(=O)C12,-80.2025970910783,978,False,4.962467224358955,0.2811534714474224
N1C(=O)C2(OC1(C)C)C=CC1=CC=C[C@@H]3CC4=C[C@@H](Cl)OC4=C(CC(O)(CBr)C2[C@H]3OCC)C1=O,-80.4295703385742,979,False,7.729727980548411,0.5075430231049859
O1CN2C(CC1OCCC)/C=C\COn1c(=O)c2c(C)c3c(=O)[nH]c2[n+](c21)cccc3OC,-81.04024547877725,980,False,6.192105008561516,0.4637923230342721
S12C(=O)NC(=S)SC2=CC1=Nc1nnc(/C=C/c2c3c(c(=O)c(-c4ccccn4)c2)nc(Cl)n3)o1,-82.42648262752562,981,True,5.161560621903659,0.2567195989223532
c1cncn2c(n1)-c1c(OC)cnc3cc(N4C(=O)N/C(C(n5ccn(Cc6ccc(OC)cc6)c5=O)nnc43)=O)C1C2=O,-84.39736869159924,982,False,5.7005611408517725,0.4736033938733839
Brc1c(O)ccn2c1c1nc2C(C#N)=C(N)C2=CCC1(C)OC(=CC21)C1=CC[C@@H]2C=C(C)C=CC2=O,-84.40590954720847,983,False,7.006784552797097,0.5449718578602772
c1cc(Cl)ccc1/C=C\C(=O)c1c(Oc2cccc(Cl)c2CO)ccc2c1OC(C)=C1C(=C)C=C(C)OC\C1=C2c1ccccc1C,-84.67601367534382,984,False,3.55507105061786,0.1575102654915817
C1C[C@H](NCCc2cccnc2N)C2=CC[C@H](C)[C@@]34[C@H]1[C@H]2[C@@H]([C@@H]3O)[C@@H](NCc1ccsc1)SC4=O,-86.49923950924222,985,False,6.716542232991364,0.4225751464588381
CN1C[C@]2([C@@](C)(O)CC1)[C@@H]1[C@@]2(C)CC2=CC=CC=C3OCC=C1C3=C/C(=N/NS(c1cncc2)(=O)=O)[C@H](O)c1,-90.41565641173248,986,False,5.597480803361377,0.4258937767425284
C[C@@H](C(C)n1c2cnccc2nc1O)[C@@H]([C@H]1[C@H]2C(O)=C(O)[C@]12C#CC1=C2[C@@H](C)OC1=O)CC=CC=C2C,-90.86006841425116,987,False,6.722195495631725,0.4147226863834531
c1c2c(ccc1[N+]([O-])=O)c(=O)[nH]c1c2[C@@](OC)(C(OC)=O)C=C/C4=C\[C@@H]2C1=C/C=C1/CC(O)=C4C=C2C=C1,-91.03402070114862,988,False,6.372495144800408,0.3504285725312721
[nH]1c(=O)n2nc(C3(F)C[C@](C=C)(O)[C@@H]1[C@]21Oc2ccc4cc5ccccc5cc4cc4c2c2cc1cc4c3C=CCC2=C)O,-94.75038865395766,989,False,7.9676081678150865,0.3478207791670999
CN1C(=O)[C@]2(c3n4c5c4onc5c2cnc5SSC4=S)C=CSC(=CCN5)[C@H]1Cc1cc3cc4OCO1,-95.97290969314918,990,False,6.281565071371862,0.2719623542388562
C(N1C(=O)OCc2c1ccc(Cl)c2)OC(=O)c1cc2c(Br)cccc2c2c(OCCCl)c(O)c3c2=N[S@+]13(C)C,-96.44354623936032,991,False,4.963315597995468,0.2273306409605246
C1C(N2C[C@H](OC(=O)C)[C@](OC(C)=O)([C@@H](C)NC[C@H](C)N)C[C@H]2/C=C/c2ccc(OC)cc2)OC=C2SC=C2OC=C3O[C@@H]13,-96.8429040692285,992,False,6.108048773033283,0.2889022951007639
N(C(=O)[C@@H]1N2[C@@H](CC2)C2=C1C(OC)O2)c1cc2ncc(OCC)cc2nc1OC1CC(C)=CC(CC(C)(C)O)=CC(C)(CO)O1,-97.26186120303964,993,False,5.416547396270974,0.3575585042330864
N1C(=O)C2NC(=O)[C@]34CSC=C[C@H]3[C@H]2[C@@]42C[C@@H]5[C@@H]4C3OC4OC[C@@H]4C5=NC=C2C1=C34,-98.34422518313409,994,False,7.510717837310433,0.6014585823905471
Clc1c(OC)sc2c1C1=CC=CC=C3C4(C=C(SC5(C[C@H]6[C@](C)([C@@H]6O6)O)OC(C)=C6C=C4C)[C@@H]5C#C3)OC=C12,-103.17332716720443,995,False,7.590484057223691,0.3738259729717879
C[n+]1oc2c(c1Oc1ccccc1Cc1nc(-c3cn(CSC)nn3)c3c(c1)-c1ncccc1C2)C1=C2C=C(c3nscn3)C=C2[C@]31O,-105.39158895354194,996,False,7.1099637993372715,0.1987874851739256
FC(C=[N+](C)CCC[C@]1([O-])/C(=N/C=S\[n+]2ccccc2)[C@H]2N(c3cc(C)c(O)cc3OC)C=C1C)(F)c1cc2c(O)cc1,-110.441693913348,997,True,6.839017513460528,0.2363698831919701
N(C)(O)C[C@H](O)c1c(O)coc1-c1cccc2c3c(c(OC)c1-c1ccccc1C2=O)CC[C@@H]1[C@H](O)[C@H]4OC[C@H]2C[C@H]1[C@]21Cc1cc34,-110.71157911986302,998,False,7.953964536211336,0.3243136457823124
CN1C(=N)[C@@H]2[N@+]3([O-])[C@]24[C@]3(c3c4cccc4o2)[C@H]2C[C@]2(CSC(C)=C[C@@H]3[C@@H]4O1)N(C(=O)/C=C/c1c(Br)cccc1)ON2,-120.8310458257274,999,False,8.146444886037528,0.2192876435105677
C(CO)N=C1[C@H]2O[C@H]2[C@@H]2C1=CC=C2OC=C2OC(=O)[C@]3(C)C[C@@]21COC3=C2[C@]3(CC1(/C=C/OC1=O)O1)C=NOC3=C2,-133.30172610911745,1000,False,7.167554963205752,0.3089304454575946
