SMILES,Score,Compound_ID,PAINS,SA_score,QED
C1[C@H](n2cnc3ccccc32)CCCC1,-9.60638539519391,1,False,1.9039761957269936,0.6880820697334014
C1[C@H](n2c(CC)c3ccccc3cc2=O)CCCC1,-10.002763034780628,2,False,2.315662090377664,0.7925448303371313
C1[C@H](n2ccnc2)CCCC1,-10.2406411590066,3,False,2.277370965667858,0.600683335803015
s1c(N2C(CC)C3=CC=CC=C3CC4=CC(=O)C=C42)ccc1,-10.611469551842902,4,False,3.5074759473368857,0.8043217127010053
C1[C@H](n2c3ccccc3c3ccccc32)CCCC1,-10.65407786919718,5,False,1.805861898990104,0.5512296093876448
c1c(N2C(C(F)(F)F)C3=CC=CC=C3CC4=CC(=O)C=C42)cccc1,-11.117768233891638,6,False,3.2689157372151776,0.7462640934241215
C1[C@H](N2C(C#N)C3=CC=CC=C3CC4=CC(=O)C=C42)CCCC1,-11.286501981020592,7,False,3.4884214891285543,0.7916217175251481
C1[C@H](CN2C(CC)C3=CC=CC=C3CC4=CC(=O)C=C42)CCCC1,-11.60387741845443,8,False,3.2972892815027848,0.7832215215637319
[O-][N+](=O)c1c(N2C(CC)C3=CC=CC=C3CC4=CC(=O)C=C42)cccc1,-11.934441176211294,9,False,3.3005261154765737,0.6061505219989285
C1[C@H](N2CCN=C3CC=CC=C3CC4=CC(=O)C=C42)CCCC1,-11.986992728546284,10,False,3.901451893666949,0.7389080053555537
C1[C@H](N2CCOc3ccccc32)CCCC1,-12.229646974888963,11,False,1.9894734753483316,0.7158429254787871
C1[C@H](N2C(C=C)c3ccccc3CC4=CC(=O)C=C42)CCCC1,-12.299031210214252,12,False,3.510804726786419,0.7499480272700034
s1c(N2C(CCC)C3=CC=CC=C3CC4=CC(=O)C=C42)ccc1,-12.684452183413896,13,False,3.498475450092963,0.7886491339689032
C1[C@H](n2cc(C)c(=O)[nH]c2=O)CCCC1,-12.820479804701336,14,False,2.10639026166106,0.7570048042447226
c1(N2C(C)c3ccccc3CC4=CC(=O)C=C42)ccccc1,-12.862449708592068,15,False,3.044968976183039,0.783041056067665
C1[C@H](N2C(C)c3c(O)cccc3CC4=CC(=O)C=C42)CCCC1,-13.145014830144872,16,True,3.45682536137571,0.8509747967586937
c1c(N2C(CC)C3=CC=CC=C3CC4=CC(=O)C=C42)cc[nH]1,-13.172687322242837,17,False,3.7348384473368856,0.9096286893218756
C1[C@H](N2C(C)C3=CC(Cl)=CC=C3CC4=CC(=O)C=C42)CCCC1,-13.197310264333282,18,False,3.3251568299071783,0.7242911931327278
C1[C@H](N2C3=CCCC3CC4=CC(=O)C=C42)CCCC1,-13.221607561015844,19,False,3.73064239905926,0.7115805907119632
c1cc(CN2C(CC)C3=CC=CC=C3CC4=CC(=O)C=C42)ccc1Cl,-13.297381367810884,20,False,3.1076408455575404,0.7545791448327552
C1[C@H](Nc2cccc3ccccc23)CCCC1,-13.304778384989504,21,False,1.6342928261844492,0.788186690954766
C1[C@H](N2Cc3cc(O)ccc3C2)CCCC1,-13.617899313790986,22,False,2.1528947928606073,0.7812224865466698
C1C(N2C(CC)C3=CC=CC=C3CC4=CC(=O)C(C)=C42)CCCC1,-13.643108210371793,23,False,3.3141612929695787,0.7540177441117399
Cc1c(N2C(CC)C3=CC=CC=C3CC4=CC(=O)C=C42)cccn1,-13.7350058187194,24,False,3.4006395538391434,0.8281158972285705
c1c(N2C(c3ccsc3)C3=CC=CC=C3CC4=CC(=O)C=C42)cccc1,-13.90045521365073,25,False,3.193330762181221,0.6221459914042898
c1cc(N2C(CC)C3=CCCC3CC4=CC(=O)C=C42)ccc1,-13.954544001471277,26,False,3.851110238721674,0.7524861908699864
[C@@H]1(N2C(Cc3ccccc3)C3=CC=CC=C3CC4=CC(=O)C=C42)CCCC1,-14.100335209212972,27,False,3.13577480198815,0.7574500822258472
C1[C@H](N2[C@H](CCl)c3ccccc3CC4=CC(=O)C=C42)CCCC1,-14.200912725335002,28,False,3.427064428278957,0.7426268598041046
C1[C@H](N2C(c3ccccc3)C3=CC=CC=C3Cc4cc(O)c(O)cc42)CCCC1,-14.217193178919842,29,True,2.877427720947372,0.5373659687832807
Clc1c(N2C(CO)C3=CC=CC=C3CC4=CC(=O)C=C42)cccc1Cl,-14.23031874084677,30,False,3.355709670042912,0.8450636869863544
C1[C@H](N2CC3=CC=CC=C3CC4=CC(=O)C(Br)=C42)CCCC1,-14.387416994457451,31,True,2.8524788860329107,0.7371654940387335
O1C[C@@H](N2C(CC)C3=CC=CC=C3CC4=CC(=O)C=C42)CCC1,-14.536407176239209,32,False,3.706533840932403,0.8362646733976229
c1cc(CN2C(CCl)C3=CC=CC=C3CC4=CC(=O)C=C42)ccc1,-14.698952644943349,33,False,3.19362312765663,0.7739087379659337
C1[C@H](n2cnc3c(O)ncnc32)CCCC1,-14.701092712720538,34,False,2.5100077224841737,0.7950827422507535
C1[C@H](N2[C@@H](c3scnc3)C3=CC=CC=C3CC4=CC(=O)C=C42)CCCC1,-14.841767209031786,35,False,3.605442650293109,0.7680790887637879
C1C(CN2C(CC)C3=CC=CC=C3CC4=CC(=O)C=C42)=CCCC1,-14.883467657676649,36,False,3.556793896887399,0.7393937488225174
c1c(N2[C@@H](CC)C3=CC=CC=C3CC4=CC(=O)C=C42)nccc1,-14.955273002609374,37,False,3.2777057600814814,0.8407668420147008
C1[C@H](N2C(c3ccccc3)C3=CC=CC=C3CC4=CC(=O)C=C42)OCCC1,-15.071512078254273,38,False,3.490212122219093,0.7894090210587243
c1ccc(N2C(C)C3=C(Cl)C=CC=C3CC4=CC(=O)C=C42)cc1,-15.483697262863643,39,False,3.2527183683687166,0.7475087323571171
C1(N2C(=O)c3ccccc3CC4=CC(=O)C=C42)CC1,-15.566160348956828,40,False,2.7288104819860557,0.7672756301956577
C1[C@H](N2[C@H](CN)[C@@H]3CC=CC=C3CC4=CC(=O)C=C42)CCCC1,-15.678360450924629,41,False,4.199973565387052,0.8514158257014458
OC1C(N2C(CO)C3=CC=CC=C3CC4=CC(=O)C=C42)CCCC1,-15.686662797483224,42,False,3.912083761882247,0.8756353625303027
CC[C@H]1[C@H](N2C(C)c3ccccc3CC4=CC(=O)C=C42)CCCC1,-15.7840992119269,43,False,3.8377700495076654,0.766463109613959
C1[C@H](N2[C@H](CF)CC3=CC=CC=C3CC4=CC(=O)C=C42)CCCC1,-15.826046236842105,44,False,3.422266644140146,0.8139373870598404
N1[C@H](c2ccc3ccccc3c2)CCCC1,-15.940190635847102,45,False,2.384291930883075,0.7587956023429027
C1(N2C(C/C=C\C)C3=CC=CC=C3CC4=CC(=O)C=C42)CCCC1,-15.955003444534668,46,False,3.5662508199643224,0.7395142708293644
C1=C(N)C2=CC(=O)C=C2CC1,-15.989886480973382,47,False,3.487850460366708,0.5563296930095318
C1[C@H](N2c3ccccc3-c3ncccc3C2)CCCC1,-16.051435146931908,48,False,2.1914757953914386,0.7585381643984264
C1[C@H](c2[nH]c3ccccc3c2)CCNC1,-16.073700652460047,49,False,2.2445485034193027,0.7273524818591678
C1[C@H](N2[C@@H](C)C3=CCCCC3CC4=CC(=O)C=C42)CCCC1,-16.257119770230474,50,False,3.989465767567827,0.6625999670514028
C1(N2[C@@H](CO)C3=CC=CC=C3CC4=CC(=O)C=C42)CC1,-16.278999383501287,51,False,3.4334779756225373,0.8921286374728907
C1[C@@H](N2C3=CC=CC=C3CC4=CC(=O)C=C42)C=CCC1,-16.280104491237125,52,False,3.5361351635728564,0.7221372809264953
N1C(CO)C2=CC(=O)C=C2CC1,-16.297430610642095,53,False,3.7994726866258386,0.5642735209513119
C1[C@H](n2ccnc2)CCC(O)C1,-16.349087578245644,54,False,2.5532747482210247,0.683670299943597
Clc1cc(N2C(=O)c3ccccc3CC4=CC(=O)C=C42)ccc1,-16.46194788673961,55,False,2.5173411715752323,0.7976041060665352
C1[C@H](N2C(=O)c3ccccc3SC2)CCCC1,-16.473129048915325,56,False,2.3273022741482485,0.7564289571295185
C1[C@H](N2C(C(NCc3ccccc3)=O)C3=CC=CC=C3CC4=CC(=O)C=C42)CCCC1,-16.5600754376419,57,False,3.1345117618421288,0.7966986198077756
c1c(N2C(c3occc3)C3=CC=CC=C3CC4=CC(=O)C=C42)cco1,-16.590922947073068,58,False,3.6292584651001594,0.6981729298877216
C=C[C@H]1[C@H](N2C(CC)C3=CC=CC=C3CC4=CC(=O)C=C42)CCCC1,-16.670174924945968,59,False,4.064876608784591,0.7144333952777185
C1[C@H](N2C(c3ncsc3)C3=CC(=O)C=C32)CCCC1,-16.70241423338439,60,False,3.7566533880702497,0.8284601997252371
C1[C@H](C=C)C2=CC(=O)C=C12,-16.756675071209884,61,False,4.298668591441027,0.4954048131276776
C1[C@H](N)C2=CC=CC=C2CC1,-16.917843122733757,62,False,2.330328407216589,0.5966160441111967
C1[C@H](N2C(c3[nH]ccc3)C3=C(Cl)C(=O)C=C32)CCCC1,-16.95514389474846,63,True,3.6519361076901062,0.901329359966414
Clc1c(N2C(CC)C3=C=CC=CC=C3CC4=CC(=O)C=C42)cccn1,-16.98034011341565,64,False,4.476877384019078,0.57369331224589
C1[C@H](N2[C@@H](c3ccc(Br)cc3F)C3=CC=CC=C3CC4=CC(=O)C=C42)CCCC1,-17.022523880467133,65,False,3.305398761671353,0.5361491601434796
C1[C@H](N2Cc3c(cccc3)C(O)=C2)CCCC1,-17.044394873100828,66,False,2.659141966455941,0.7934997089686879
CC(N1C(c2ccccc2)C2=CC=CC=C12)C,-17.168003785422115,67,False,2.466490531880794,0.7433514732960527
[N+](c1cc([N+]2([O-])C3=CC=CC=C3CC4=CC(=O)C=C42)ccc1)(=O)[O-],-17.186969550802928,68,False,3.8692021645021377,0.3655628729379888
C1[C@H](N2C(Cc3ccccn3)C3=CC=CC=C3CC4=CC(=O)C(C)=C42)CCCC1,-17.24267686351459,69,False,3.363426091988095,0.7161285264126133
C1[C@H](N2C(=O)Cc3c2ccc2c3CC4=CC(=O)C=C42)CCCC1,-17.246655929671306,70,False,3.0089062482895637,0.7976213070893567
C1C(N2C(c3occc3)C3=CC(=O)C=C23)CCCC1,-17.302041266551896,71,False,3.4031017397186005,0.8121042283830617
C[C@H]1[C@H](N2C(CCl)C3=CC=CC=CC=C3CC4=CC(=O)C=C42)CCCC1,-17.437080635223538,72,False,4.595950708225455,0.6210486717591956
C1[C@H](N2[C@H](CC)C3=CC=CC=CC3CC4=CC(=O)C=C42)CCCC1,-17.443139735025397,73,False,4.19008113470076,0.7233186276320188
C1[C@H](Oc2c(CC)ccc(OC)c2)CCCC1,-17.485950507177222,74,False,1.8800248235987984,0.7844759251828936
COc1c(N2C(CF)C3=CC=CC=C3CC4=CC(=O)C=C42)c(OC)ccc1OC,-17.592511635736173,75,False,3.504412457731391,0.7602458925294397
C1=CC=CC=C2CC3=CC(=O)C=C3C12,-17.61207113427372,76,False,4.251182530907932,0.5621847913803698
C1[C@@H](N2[C@H](CCc3ccccc3)C3=CC(=O)C=C32)CCCCC1,-17.63458449768666,77,False,3.085530626698622,0.7675181773036549
C1[C@H](N2C(c3ccc(O)c(F)c3)C3=CC=CC=C23)CCCC1,-17.6977630899936,78,False,2.738728831952269,0.8624952759662949
c1c(N2C(C)C3=C[C@H](O)C=C3CC4=CC(=O)C=C42)scc1,-17.71521281949981,79,False,4.604973819274779,0.8661270841847648
C=C1[C@H](N2C(c3ccc(F)cc3)C3=CC=CC=C23)CCCC1,-17.73540708741689,80,False,3.13044172910629,0.6849029215308773
n1c(N2C(CCCCC)C3=CC=CC=C3CC4=CC(=O)C=C42)c[nH]c1,-17.797506434248817,81,False,3.700491082649215,0.8204134335983725
C1[C@H](N2Cc3cccnc3C(O)C=C2)CCCC1,-17.84429811737573,82,False,3.454660441758879,0.8249176814680713
c1c(N2C(=O)c3c(cccc3)CC2=O)cccc1,-17.93271690062852,83,False,1.7594592129741642,0.7141527090788009
C1[C@H](N2C(CC)C3=CC=CC=CC=C3CC4=CC(=O)C=C42)COCC1,-17.957537154223246,84,False,4.381070549876997,0.7631709603164333
C1[C@H](N2C(C(F)F)C3=CC=CC=C3Cc4cc(O)cc(O)c42)CCCC1,-17.989403636216593,85,False,3.3137061570566155,0.7795047450630325
C1[C@@H](N2[C@H](CC)c3c(cccc3)C2=O)CCCC1,-17.99800999964873,86,False,2.6288847691006225,0.7704480021477822
C1CC[C@@H](N2C3=CC=CC=CC=C3CC4=CC(=O)C=C42)CC1,-18.02193581646543,87,False,3.4477735347015495,0.7154097775358732
C1[C@H](N2C(CCCCC)OC3=CC=CC=C3CC4=CC(=O)C=C42)CCCC1,-18.083404631046506,88,False,3.396910240157575,0.6402503211375385
C1[C@H](N2Cc3c4cocc4ccc3C4=CC(=O)C=C42)CCCC1,-18.113508679256256,89,False,3.269868958494195,0.781152457432285
Clc1c(N2C(C)(C)C3=CC=CC=C3CC4=CC(=O)C=C42)cc2c(c1)OCO2,-18.21665675057261,90,False,3.1237946931067526,0.7157138350684883
c1(N2C(CN)Cc3ccccc3CC4=CC(=O)C=C42)ccccc1,-18.23621939778513,91,False,3.1647578529313547,0.9262254984098528
C1[C@H]([N+]2(CC#C)C3=CC=CC(=O)C=C32)CCCC1,-18.345785874642388,92,False,4.066829147798847,0.4410827996382951
[S+]1([O-])[C@H](N2C(CCCC)C3=CC=CC=C3CC4=CC(=O)C=C42)CCCC1,-18.35339494535856,93,False,4.569871938994686,0.7376614813477167
C1[C@H](N2C(C#N)C3=C([N+](=O)[O-])C=CC=C3CC4=CC(=O)C=C42)CCCC1,-18.36150154108373,94,False,3.678200543751002,0.5993475019992542
C1[C@H](N2C(CCBr)C3=C(Cl)C(=O)C=C3CC4=CC(=O)C=C42)CCC1,-18.375144208427173,95,True,4.143614607941052,0.6573764232074697
C1[C@H](F)[C@H](N2C(CCOC)C3=CC=CC=C3CC4=CC(=O)C=C42)CCCC1,-18.396400183253263,96,False,4.030868198351295,0.7215410777450635
C1[C@H](N2C([C@H](Cl)C)C3=CC=CC=C3CC4=CC(=O)C=C42)CCOC1,-18.401086785760526,97,False,3.898904374070086,0.7651809948233973
C1[C@@H](O)c2c(cccc2)C2=CC(=O)C=C21,-18.61660188941346,98,False,3.2780304652152257,0.6920309354279971
o1c(N2C(CC)C3=CC=CC=C3CC4=CCC(=O)C=C42)ccc1,-18.620356698134177,99,False,3.667524589013744,0.8142125650426346
c1c(N2C(CC)C3=CC=C(Cl)C=C3CC4=CC(=O)C=C42)ccc(C)c1,-18.744906575474943,100,False,3.2264684999454047,0.7074770249978597
C1[C@H](N2[C@H](C3CCC(C)(C)CC3)C3=CC(=O)C=C32)CCCC1,-18.824599704416187,101,False,3.54733192261161,0.7416954424361442
Clc1c(N2C(C)C3=CC=C[C@H](Cl)C3CC4=CC(=O)C=C42)cccc1,-18.913843171111463,102,False,4.34387763361154,0.6549354685452308
Fc1c(N2C(CC)C3=CC(C)=CC=C3CC4=CC(=O)C=C42)cccc1Cl,-18.93729905264217,103,False,3.4200282400458217,0.6787124834900244
c1c(CN2C(CCCC)C3=CC=CC=C3CC4=CC(=O)C=C42)cccc1OC,-19.015614335678947,104,False,3.1658251454965516,0.6809299994447269
COc1cc(N2C(CC)c3cccc(F)c3CC4=CC(=O)C=C42)ccc1OC,-19.10030516113534,105,False,3.341432524053298,0.7685052079404079
c1c2[nH]ccc2cc(N2C(CC=C)C3=CC=CC=C3CC4=CC(=O)C=C42)c1,-19.111128661671955,106,False,3.538989305396134,0.654394363700618
CC1(C)[C@@H](N2CC3=CC=CC=C3CC4=CC(=O)C=C42)C=CC1,-19.209467020560623,107,False,3.7889648896445776,0.7336897723146644
c1c(N2C(C)c3cc(O)ccc3C3=CC(=O)C=C32)cccc1,-19.209614880481013,108,False,3.1539560984357866,0.8672054420727593
c1c(/C=C\C)cc(OC)cc1,-19.28620072128569,109,False,1.7683055472153448,0.6262155548658499
C1[C@H](N2[C@H](C3=C(Cl)CCCC3)C3=CC(=O)C=C23)CCCC1,-19.376122574205965,110,False,3.696682126408275,0.7502600237150236
C1C(N2C(CC)C3=CC=CC=C3C[C@@H]4C=CC(=O)C=C42)CCC1,-19.395001915186185,111,False,3.6182325780162135,0.796986410409429
C1(N2C(OC)C3=CC=CC=C3CC4=CC(=O)C=C42)=CCCCC1,-19.449789995453106,112,False,3.7472887681182216,0.8255893009953575
C1[C@H](N2[C@@H](OC)c3c(OC)cccc3CC4=CC(=O)C=C42)CCCC1,-19.49328182562226,113,False,3.4886081532498476,0.836458839127843
c1c(N2C(c3cc4ccoc4cc3OC)C3=CC=CC=C32)cccc1,-19.53932168266647,114,False,2.7425619994036925,0.4837413356568157
C(F)(c1ccccc1Cl)(F)F,-19.676777957371087,115,False,1.6405950312574422,0.5744156718960562
C1[C@H](N2C/C=C3CCC(=O)C=C3C2)CCCC1,-19.691932618387227,116,False,2.8927238126097876,0.691362139909222
F[C@H]1[C@H](N2[C@H](C)C3=CC=CC=C3CC4=CC(=O)C=CC42)CCCC1,-19.73517536937743,117,False,4.238367191264642,0.7662319058896442
C1C[C@H](N2C(c3ccc(O)cc3)C3=CC=CC=C3CC4=CC(=O)C=C42)CC[C@H]1Cl,-19.757118169053683,118,False,3.414574036396628,0.6905354642187906
c1c2[nH]c(CN3C(CC)C4=CC=CC=C43)cc2ccc1,-19.77950443409236,119,False,2.831166454316012,0.7282460715978852
C1C([C@@H]2Cc3ccccc3CC2)CCCC1,-19.78696431332719,120,False,2.3613909693446136,0.6508449181660197
C1[C@@H](N2C3=CC=CC=CC=C3Cc4cc(O)ccc42)CCC[C@@H]1C,-19.7912549617522,121,False,3.80978069514032,0.7619903965024926
C1(N2C(CC)C3=CC=CC=C3Cc4oc(=O)ccc42)CCCCC1,-19.895129779884897,122,False,3.1426613694148715,0.7931080093147527
C1[C@H](N2C(C(F)(F)F)C3=CC=CC=C3CC4=CC(=O)C(C)=C42)CC=C1,-19.94066032819501,123,False,3.8187404609421542,0.6907257508595058
c1c(-c2oc3ccccc3n2)ccc([N+]([O-])=O)c1,-20.020931476183705,124,False,1.7816130591280093,0.5080760109173803
C=C1[C@H](N2C(CN)C3=CC=CC=C3Cc4cc(O)ccc42)CCCC1,-20.02769985483974,125,False,3.535665281173097,0.8050797882084674
C1[C@H](N2C(Cc3ccccc3C)C3=CC=CC=C3c3c2cccc3)CCCC1,-20.13226975845464,126,False,2.7020344339323454,0.4770759988795168
c1cc(N2C(C)C3=CC=CC=C3Cc4cc(O)c(C)cc42)sc1,-20.17840971470787,127,False,3.122440745991094,0.6335119190051052
C1[C@H](N(C)C)C2=COCC=CC=C2CC2=CC(=O)C=C21,-20.240825195332263,128,False,4.460950040399864,0.7324030601438563
c1cc(Cl)cc(N2C(C=C)C3=CC=CC=C3CC4=CC(=O)C=C42)c1,-20.291393843774586,129,False,3.4054174802605477,0.7188837872831615
c1(/N=C/C2=CC=CC=C2CC2=CC(=O)C=C2)occc1,-20.35688726751732,130,False,3.094183070489221,0.7902411593010926
c1(Sc2ocnn2)ccc(Cl)cc1,-20.357508964395493,131,False,2.6158960253124697,0.7675337776054746
C1[C@H](N2C3CC(Oc4ccccc4)CC=C3CC4=CC(=O)C=C42)CCCC1,-20.46977469522335,132,False,3.8247230837575543,0.7132346581040646
c1ccc(-c2sc3ccccc3n2)s1,-20.578752608481864,133,False,1.8707970692086189,0.5995219704749369
C(N1C(CC)C2=CC=CC=C2CC3=C[C@@H](O)C=C31)=C,-20.63305404537823,134,False,4.121611706469691,0.8736234705689517
C(N1C(C)(C)C2=CC=CC=C2Cc2cc(O)c(O)cc21)CCCC,-20.706455413688676,135,True,2.6303894055973664,0.6183210347702517
N(C)(C)C1=CC=CC=C2CC3=CC(=O)C123,-20.747393315429235,136,False,4.932357941961316,0.6417952767481809
C1[C@H](N2C[C@H](Cl)c3ccccc3CC4=CC(=O)C=C42)OCCC1,-20.750111315106096,137,False,3.9647108788198873,0.7349737056885356
Clc1c(N2[C@@H](CCCOC)C3=CC=CC=C3CC4=CC(=O)C=C42)c(Cl)ccc1,-20.943575719847445,138,False,3.356592923274329,0.5694152202416564
C1N(Cc2cccc3[nH]ncc32)CCOC1,-20.951280165175376,139,False,2.127418667656025,0.8262272973755781
O=C1[C@H](N2C(=O)c3c(cccc3)C=C2)CCCC1,-21.028053563801222,140,False,2.6609173134793203,0.7696171945686028
O1N(C2C(CC)C3=CC=CC=C3CC4=CC(=O)C=C42)CCC1,-21.12733483520242,141,False,4.047466007952444,0.8390398045263481
n1c(N2C(C(C)C)c3ccccc3CC4=CC(=O)C=C42)nsc1,-21.12804249750593,142,False,3.951282004732354,0.8453951673661002
O[C@H]1[C@H](N2CC3=CN=CC=C3CC4=CC(=O)C=C42)CCC1,-21.183541991464608,143,False,3.902249090397099,0.8523150706362883
C1[C@H](N2C(CF)=CC=CC=C3C=C(OC)C(=O)C=C23)CCCC1,-21.30077315135065,144,False,3.4090083044423656,0.7891023206385429
C1C(N2C(=O)C3=CC(Cl)C(=O)C=C3CC4=CC(=O)C=C42)CCCC1,-21.36048248686359,145,False,4.050287458619785,0.687682759159497
C1[C@H]([N+]2(C/N=N/c3ccccc3)C3=CC=CC=C3CC4=CC(=O)C=C42)CCCC1,-21.367418988961617,146,True,3.989438475445952,0.4695065678319083
C1[C@@H](c2cc(OC)c3cc[nH]c3n2)CCCC1,-21.41621070831752,147,False,2.4251890433790173,0.8552355237197389
[C@@H]1(C)N2C(Cc3ccccc3C2)CCCC1,-21.483441821237648,148,False,2.9078253681352955,0.641067950119232
C1C2(c3cccc(O)c3CC3=CC(=O)C=C32)CCCC1,-21.59737622797502,149,False,3.55686077612512,0.7788967449201466
c1nc(N2[C@@H](C)C3=CC=CC=C3Cc4cc(OC)c(OC)cc42)ccc1,-21.681674802517136,150,False,2.775789791152249,0.6753202844102693
n1cc2c(c3c(cccc3)cc2)[nH]1,-21.700273586962567,151,False,2.0025391582928513,0.5489485570430717
C1[C@H](N2[C@H](/C=C(/C)O)C3=CC=CC=C3CC4=CC(=O)C=C42)CCCC1,-21.70052895607841,152,False,3.6450773840190784,0.791278155246778
c1ccc(CN2C(c3ccc(CC)cc3)C3=CC(=O)C=C23)cc1,-21.71433979470476,153,False,2.8702837164534696,0.8433229346868067
Cc1cc(N2C(CCl)C3=CC=CC=C3CC4=CC(=O)C=C42)cnc1O,-21.731732045484023,154,False,3.803788759967073,0.83444717250524
C1[C@H](CN)[C@@H]2CCC[C@@H]12,-21.739324927330017,155,False,3.581128823620487,0.5626510867927618
C1[C@H](N2[C@H](C(=O)OCC)C3=CC=CC=C3CC4=CC(OO)C=C42)CCCC1,-21.77975532961273,156,False,3.931574918077081,0.4904764330267732
C1[C@H](n2c(C)c(O)nc2Br)CCCC1,-21.97841925547164,157,False,2.7520509998933207,0.8407063485900017
c1c(N2C(CC)C3=CC=CC=C3Cc3cc4c(cc32)cccc4)cccn1,-22.17163716166715,158,False,2.87598980198815,0.414050441087999
C1(N(CC)C=C)=CC=CC=C2CC1=CC(=O)C=C2,-22.25035370631804,159,False,4.593678339766651,0.752907873388405
C1C(N2C(C(F)F)C3=CC=CC=C3CC4=CC(=O)C=C42)CCNS1(=O)=O,-22.25266310071811,160,False,4.388666506009114,0.851621548342385
c1([N+](=O)[O-])cc2csnc2cc1,-22.27231176199245,161,False,2.6681637333535395,0.4989745387229235
C1[C@H](n2cnc3ccccc23)CC(OC)=CC1,-22.373046323692733,162,False,3.1440868835291456,0.7882473914297148
C1[C@@H](n2c(CCO)c3cc(Br)ccc3cc2=O)CCC1,-22.38532456154826,163,False,2.6101781435695752,0.9332969728209126
c1c([N+]2(CC=C)C3=CC=CC=C3CC4=CC(=O)C=C42)cc[nH]1,-22.559102316895405,164,False,4.358618495413808,0.6765445292446876
[N+](c1c(N2[C@H](CC)C3=CC=CC=C3Cc4cc(O)c(O)cc42)cccc1)(=O)[O-],-22.599318186988967,165,True,3.0676169446959456,0.3726595332701226
C(N1C2=CC=Cc3c2cccc3OC1)C,-22.68704215130856,166,False,3.386545082849593,0.699621643961922
C1[C@H](N2CCC=CC=C3CC(C)(C)C(=O)C=C23)CCCC1,-22.697231739424808,167,False,3.2221266973552467,0.7118675167029528
Clc1c(CS(=O)(=O)c2ccccc2)cccc1,-22.702348713366337,168,False,1.613016581840558,0.8540995680094108
c1c(Cn2c(C)c3cccnc3cc2=O)nccc1,-22.75107710695784,169,False,2.2402609714965447,0.7008019582608801
C[C@@H]1[C@@H](N2[C@@H](c3ccccc3)C3=CC=CC=C3CC4=CC(=O)C=C42)[C@H](Cl)CC1,-22.812777496374565,170,False,4.039863448102279,0.6377984918580865
O=C1C[C@H](N2CC3=CC(=O)C=C3CC4=CC(=O)C=C42)CC[C@H]1C,-22.818376787147145,171,False,4.379284468857863,0.7454917981045022
C(Br)(C)=CCc1ccc(OC)cc1,-22.819730005343445,172,False,2.227439750008825,0.7859672096125888
c1n[nH]c2c(C=C)cccc21,-22.82031747675819,173,False,2.6804387978356914,0.6526498628713866
Fc1c(N2C(c3ccccc3)=CC=CC=C3CC4=CC(=O)C=C[C@]423)cccc1,-22.82550843249237,174,False,3.995259089878491,0.7104778888081491
[S+]([O-])(CC#C)CC=C1CC2=CC(=O)C=C21,-22.91022955987364,175,False,5.332397728184814,0.5260825857274322
C1[C@H](N2C(c3ccc4ccccc4c3)C3=CC(=O)C=C[C@]23C)CCCCC1,-22.929611850648826,176,False,3.457370776065245,0.6385120308680575
Cc1c(N[C@@H]2[C@@H](CC)C3=CC=CC=C3CC4=CC(=O)C=C42)occ1C,-22.998177857100472,177,False,4.104597025485123,0.8717835366808441
C1C(N2C(CCc3cc(Br)ccc3)C3=CC(=O)C=C32)CCCN1,-23.006689683164268,178,False,3.7369685137222985,0.8798994517544582
C1C(N2C(Cc3ccccc3F)=CC=C3CC4=CC(=O)CC[C@]423)CCCC1,-23.02278283574492,179,False,4.117297050122699,0.7301144356278769
c1c(Br)c(N2[C@@H](C(F)(F)F)C3=CC=CC=C3CC4=CC(=O)C=C42)ccc1F,-23.040680142760493,180,False,3.5061194942958425,0.5370472739173658
C1CCc2c(cc3occc3c2OC)N1,-23.07262642569549,181,False,2.7443390628598614,0.7734515634572525
c1c(N2C(Cc3nc4cccnc4n3C)C3=CC(=O)C=C23)cccc1,-23.08847402003562,182,False,3.37067569803383,0.7417564538882231
C1[C@H](N2C3CCC2CC=CCS3)CCCC1,-23.157397020608187,183,False,4.557630411495089,0.6381490782116989
C1[C@H](N2[C@H](C)C3C=CC[C@H]3CC4=CC(=O)C(C)=C42)CCCC1,-23.174235635214245,184,False,4.2673932352892106,0.669067679269526
N(C1=CC=CC(=O)CC1)CCCC,-23.17505026400022,185,False,2.9138060701751467,0.6700860001220641
c1(CN2C(C)c3ccccc3CC4=CC(O)C=C42)ccoc1,-23.188040848680885,186,False,3.9170849983370593,0.9191136173852076
C1[C@H](CCN2[C@@H](c3oc4ccccc4c3)C3=CC(=O)C=C23)CCCC1,-23.225188584074655,187,False,3.4057366355783296,0.7753442554659129
C([C@H](NC)C=C)OC,-23.225667908787727,188,False,3.637312500135376,0.5356133298721377
C(Sc1sc(C)nn1)CBr,-23.28120807227788,189,False,2.7953946414007884,0.5976797874369677
c1cc(Cn2c3ccccc3nc2)cc2c1cccn2,-23.37796692010079,190,False,1.9435996415452832,0.550049883963154
c1c(N2C([N+]([O-])=O)C3=CC[C@H]2CC2=CC(=O)C=C23)cccc1,-23.38116523769941,191,False,4.710819579047799,0.621093673526357
CC[C@H](c1c[nH]c2ccccc21)CCCC,-23.396953562873023,192,False,2.507658904127222,0.7333550859249992
C1=CC(NN2C(C#N)C3=CC=CC=C3CC4=CC(=O)C=C42)CCC1,-23.405598284304688,193,False,4.320964870964496,0.851616224356352
C1CN2[C@@H](C(C)C3=C=CC=CC=C3CC4=CC(=O)C=C42)CCC1,-23.411345325701404,194,False,4.72235381797029,0.62386381306385
n1c(CN2Cc3ccccc3CC2)sc2ccccc12,-23.44439776098966,195,False,1.9578265646222075,0.7084774402136703
Cn1nc(N2C(c3ccc[nH]3)C3=CC=CC=C3CC4=CC(=O)C=C42)cn1,-23.579575442310443,196,False,3.95166090046399,0.776815913016705
c1(N2C(C)c3c(cccc3Br)C2=O)nc2ccccc12,-23.592001344620144,197,False,3.0694771659059388,0.7181779865929155
N1C(CBr)=C2CC=CC=C2CC1=C,-23.59859057779613,198,False,4.110989438158514,0.6921379587054148
C1\C(N2c3ccccc3CC4=CC(=O)C=C42)CCCC1,-23.633647860785004,199,False,2.6871108410237703,0.7699795819784859
C1[C@H](CCN2C/C=C3\CC=CC=C3CC4=CC(=O)C=C42)COCC1,-23.66470523086855,200,False,4.027422548798867,0.7927153145564323
c1cc(N2C(CC)c3cc(OC)ccc3CC4=CC(=O)C=C42)ccc1-c1cocc1,-23.67476464690162,201,False,3.389574451137655,0.5527986941233668
C1[C@H](NO)C2=CSCC=C2CC2=CC(=O)C=C21,-23.71966756583504,202,False,4.726615178662584,0.6968350871511277
C[C@H]1[C@H](N(C)Cc2ccccc2)C2=CC=CC=C2CC1=O,-23.72739536334393,203,False,2.9861830500440085,0.8549792645840203
C1[C@H](N2S(=O)(=O)CC=CC=C2CC2=CC(=O)C=C2)C[C@@H](C)C1,-23.73618244030629,204,False,4.482523258262617,0.8035035467374598
C[N+](C1=CC=CCc2c1cccc2)(C)C,-23.74275295334519,205,False,3.140556195726994,0.6114774093813448
C1C[C@H](N2[C@@H](C(F)(F)F)C3=CC(=O)C=C32)CCN1,-23.8431919351184,206,False,3.836266189218966,0.7708504473382396
C1[C@H](NC)[C@H]2C(=CC=CC=C2CC2=CC(=O)C=C2)CCC1=O,-23.867057856527936,207,False,4.425438501084312,0.8706137644592684
C1[C@H](N2C(C)[C@H]3O[C@H](C)[C@@H](O)C=C3CC4=CC(=O)C=C42)CCCC1,-23.875630841014527,208,False,4.602099868817266,0.7516891644366512
C1[C@H](n2c(C#C)c3ccccc3c3cc4cc(O)ccc4ccc32)CCCC1,-23.89781648716348,209,False,3.4912418786213877,0.7826300723554702
n1cc(N2[C@@H](C#C)C3=CC=CC=C3CC4=CC(=O)C=C42)cc(Cl)c1,-23.903418370611465,210,False,3.725327848153525,0.7433310529655429
C1C(Cn2c3ccccc3cn2)=CCN1,-23.941869325937432,211,False,2.7988438880346855,0.7438860906969162
C1[C@H](N2C(c3cc(C)ccc3C#N)C3=CC(=O)C=C23)CCC1,-23.96226578832363,212,False,3.451967087446774,0.8362073899689041
C1[C@H](N2[C@@H](C)[C@@H]3[C@@H](O)C=CC=C3CC4C=C(O)C=C42)CCCC1,-23.962668478954583,213,False,4.697710128627902,0.7727575793064329
C1[C@H](N(CCC/C=C\C#N)C)CCCC1,-23.978114453213493,214,False,2.644733476585669,0.5102606890081524
c1c(N2C(c3ccncc3)CC3=C(Cl)C(=O)C=C32)cccc1,-23.98312541416567,215,True,3.178037005029193,0.8407093482498881
C(SC(=O)c1ccsc1)=C,-24.01900977793889,216,False,3.447474311730458,0.6785341661997047
C1[C@H](N2[C@@H](C(=O)OC)C3=CC=CC=C3CC4=CC(=O)C(C(C)=O)=C42)CCCC1,-24.03541946420455,217,False,3.4497970810153227,0.5945897298652975
C1[C@H](n2c(C)nc3[n+]2nco3)CCCC1,-24.08721857181922,218,False,3.9574824195032177,0.6643909513825831
c1(OC)c(O)cc(Cc2c(OC)cc(OC)cc2O)cc1OC,-24.09066935976125,219,False,2.300643069677129,0.852008058037255
Cl[C@@H]1[C@H](N2[C@@](Cc3ccccc3)(CC)C3=CC=CC=C3CC4=CC(=O)C=C42)CCCC1,-24.10477696840508,220,False,4.0448913839026535,0.5264725802012085
c1c(CN2C(CCCO)C3=CC=CC=C3CC4=CC(=O)C=C42)c(Cl)c(Cl)cc1Cl,-24.12148306264137,221,False,3.512319962421824,0.5778978810874801
NC1=NC(SCc2ccccc2)S1,-24.177937299866244,222,False,3.1334850246703887,0.831377040074981
C1[C@H](N2CC(C)O[C@@H](n3nccn3)C3=CC=CC=C3CC4=CC(=O)C=C42)CCCC1,-24.180516852661185,223,False,4.463006358444215,0.7616840316434704
C1[C@H](N2C(=O)/C(=C/C=C/C)C(=O)CC2)CCCC1,-24.19170118584293,224,False,2.847917688435354,0.5554079017234151
[C@@H](N1C(CC)c2ccccc2CCC1)(CC)CC,-24.210456523735047,225,False,2.843767365689553,0.7505327145379208
S1[C@H](N2[C@@H](CCCl)C3=CC=CC=C3CC4=CC(=O)C=C42)CC[C@@H](O)C1,-24.21718174604757,226,False,4.344503531861514,0.8151411162841234
Clc1c(N2CC3=C(OC(C)(C)CC)C=CC=C3CC4=CC(=O)C=C42)cccc1,-24.264840427171062,227,False,2.9976926469021947,0.6507604889401503
C1[C@H](N2C(=CCCCCl)C3=CC=CC=C3Cc4cc(O)c(C)cc42)CCCC1,-24.26674705298501,228,False,2.8775904506455685,0.4538939786303799
c1(F)cc(-c2c(CC)c3ccc(F)cc3s2)ccc1,-24.375801009483897,229,False,2.1365925332681073,0.5859099164332929
C1[C@@H](N2C(C)C3=C2CC4=CC(=O)C=C4C3)CCCC1,-24.418434670724537,230,False,3.899804322136184,0.7143912846178085
C1[C@H](N2[C@](CCCOC#C)(C)C3=CC=CC=C3CC4=CC(=O)C=C42)CCCC1,-24.45205447430453,231,False,3.919705487376893,0.5429405081044351
C/C=C1\[C@@H](N2CC3=CC=CC=C3CC2)CCCC1,-24.462190526828635,232,False,2.8733362037327552,0.6732782536543844
C1C(N2C(CCCl)C3=CC=CC(C)=C3Cc4ccc(O)cc42)CCC1,-24.46691510535311,233,False,3.2394216147883093,0.7110916401983519
c1(OC)cc2c(cc1OC)cccc2CCC,-24.507420688754337,234,False,1.7368040818405568,0.7947902483723027
c1cc(CNC(CSc2[nH]cnn2)=O)ccc1,-24.52494924189841,235,False,2.371576735686711,0.7803022210317958
C1[C@H](N2C(n3cnnc3)[C@@H]3CC=CC[C@@H]23)CCCC1,-24.57887703515007,236,False,4.242022696699267,0.7649102930567849
O(C1=CC(=O)C=C2C=C(C1=O)CC=C2C)C,-24.65856529534813,237,False,3.7583674154496833,0.7118144326965643
c1ccc2c(nc(/C=C\c3ccccc3F)o2)c1,-24.66404560024924,238,False,2.073446775774208,0.671395072545868
C1[C@H](N2C(C)(S)c3c(cccc3)CC=C2)CCCC1,-24.805052033465472,239,False,3.4921408256326876,0.7376675011291545
C1C[C@H](N2[C@@H](CC)c3c(Cl)ccc(Cl)c3CC4=CC(=O)C=C42)CC[C@@H]1C,-24.80798177689576,240,False,3.635846153639078,0.5928361650235622
C1CC/C(=N\N2C(C=C)C3=CC=CC=C3CC4=CC(=O)C=C42)CCCN1,-24.85462862609847,241,False,3.974946123136057,0.8301514246699069
C1[C@H](N2[C@H](C=C)[C@]3(F)CC=CC=C3CC4=CC(=O)C(Cl)=C42)CCCC1,-24.951130575945967,242,True,4.5379699398946585,0.6365845546910791
C(=N/OCCOC)\OC,-24.951350897550583,243,False,3.2063824687640174,0.2332590687241541
C1N(c2c3ccsc3cc(OC)c2OC)CCC1,-24.982595671614035,244,False,2.356539982204932,0.8454282493617179
[C@@H]1(N2CC3=C=C[C@@H](Br)C3CC4=CC(=O)C=C42)CCOC1,-25.00141703260488,245,False,5.185417693198325,0.5446108747933115
C1(N2Cc3c(cccn3)OC(C)(C)C2)CCCC1,-25.04217852446527,246,False,2.7200015206664716,0.7614017572079844
C1(CNc2c3cc(N)ccc3ccc2)CCCC1,-25.062027980613493,247,False,1.9778456146711605,0.7950144616580812
n1(-c2sccn2)nnc2cc(Br)ccc12,-25.063492594703572,248,False,2.5238170348878324,0.6883736088285506
C1[C@H](n2c([N+]([O-])=O)c3ccccc3c(OCCc3ccccc3)c2=O)CCCC1,-25.08171317513029,249,False,2.4802665698728728,0.4351894269173259
C1[C@H](N2C(CCCCC)C3=C(C(C)O)C=C3CC4=CC(=O)C=C42)CCCC1,-25.09156480136562,250,False,4.19353661023108,0.6728781642981405
C1[C@H](N2CCC[C@@H]3C[C@@H]2C2=CC(=O)C=C32)CCOC1,-25.09432391077644,251,False,4.488734176374573,0.7218869988381057
n1csc(N2C(=O)C=CC2=O)c1C,-25.100985948133484,252,False,3.1588589807780574,0.6234396942715671
CC(N1C(CCl)C2=CC=CC=C2C(C)(C)C1=O)=O,-25.127578272980827,253,False,3.224245419988197,0.7322927416087244
C1[C@H](N2Cc3ccc(C=C)cc3C3C=CC(=O)C=C32)CCCC1,-25.159576876954137,254,False,3.5488072526187944,0.7965797113003984
C1[C@H](N2C(CC)CC/C(=N\NC(=O)c3ccccc3)C2=O)CCCC1,-25.214359063190287,255,False,2.9340831532498477,0.8520364580503071
C1[C@H](N2C(C)=CC=CC=C3CC=CC=C3CC4=CC(=O)C=C42)c2ccccc12,-25.222748108157248,256,False,4.427071660234964,0.6403447908332881
c1c2c(c3oc(=O)c(OCC)cc3o2)ccc1,-25.26758306951149,257,False,2.3295811815265832,0.6787406530648201
C1(N2C(CC(C)C)c3ccccc3CC4=CC(=N)C=C42)CCCC1,-25.276692413717683,258,False,3.615772664207036,0.7909102344967998
C1[C@H](n2c3ccccc3c3c2C[C@@]2(C)[C@H]3CC3=CC(=O)C=C32)CCCC1,-25.318949120924344,259,False,3.892186854298172,0.6573589698662597
C1[C@@H](N2c3c(OC)cccc3C=C3[C@H]2CC2=CC(=O)C=C23)CCCC1,-25.404077530783297,260,False,3.620215634809383,0.8012260284478216
c1cccc(N2C(CC)C3=CC=CC=C3Cc3cn(C)nc32)c1,-25.40723746193771,261,False,2.98467981289434,0.6888756935939514
Fc1c(N2C(C)CC3=CC(C)=CC=C3CC4=CC(=O)C=C42)cccc1C,-25.498426018737064,262,False,3.3771715487918703,0.7363705353067908
C1[C@H](N2C(Cc3cc(OC)ccc3)C3=CC(=O)C(C#N)=CC32)CCCC1,-25.5396930205884,263,False,3.747572765229348,0.8344330673465193
C(N1C(CC)=CC=CC1F)CCCC,-25.5471549507929,264,False,3.692860579688419,0.4802091833741992
c1(-c2ccc(N=[N+]=[N-])cc2)ccc(Cl)o1,-25.606093534446813,265,True,2.6119535123638453,0.4154054984458499
Fc1c(N2C(Cc3[nH]c4ccccc4n3)C3=CC=CC=C23)occ1,-25.641207547130307,266,False,3.2555267741509812,0.5935246113285251
c1c[nH]c2ccc(-n3c4ccncc4nc3)cc12,-25.64906429867869,267,False,2.4362846567611456,0.5501198353009943
C1[C@H](N2C(CBr)c3ccc(Cl)cc3CC4=CC(=O)C=C42)CC2CC21,-25.675759370350537,268,False,4.327010852183251,0.6583269164822729
O=C1[C@H](N2[C@@H](CCC)C3=CC=CC=C3CC4=CC(=O)C=C42)CC[C@]1(C)C#N,-25.6891632859506,269,False,4.407977447806294,0.8160627344636027
C1[C@H](N2C3=CC=CC=C3CC4C=CC(=O)C=C42)CCS[C@@H]1C,-25.694970052602912,270,False,4.184499210563935,0.7824612873060035
CC(N1C(Cc2ccccc2)C2=CC=CC=C3CC4=CC(=O)C=C[C@]42CCC13)(C)C,-25.700846632227865,271,False,6.246085392186785,0.6342688667011291
C1(N)=CC=C(Cl)C2=CC=CC=CC=C2CC1,-25.721750244150822,272,False,3.715498642572413,0.6756824885580887
n1c(N2C(c3ccccc3OCOC)C3=CC=CC=C3CC4=CC(=O)C=C42)cccn1,-25.79749593798601,273,False,3.439565354403414,0.5914828588114743
C1([N+]2([O-])C3=CC=CC=C3CC4=CC(O)=CC=C42)CCCCC1,-25.86757636981929,274,False,3.5457216204138087,0.6082609750170975
C1[C@H](N2CCSCC2)C2=C(CC=CC=C2)CCCC1=O,-25.932723394129425,275,False,3.838070496037002,0.7380696330388086
Fc1c(N2C(CCCc3ccccc3)C3=CC=CC32)cc(F)cc1,-25.93580311997698,276,False,3.388845750085375,0.7448148257048234
CC(OC(N1[C@H](C)C2=CC(=O)OC2C1)=O)(C)C,-26.04652643694044,277,False,3.782776011452397,0.6006921957767936
C1[C@H](N2C(CCl)[C@H]3[C@H](OC)C=CC=C3CC4=CC(=O)C=C42)[C@@H]2CCCC12,-26.072440694227225,278,False,5.179914160252631,0.7018933566282668
[C@@H](OC(C)C)(C(C)C)C,-26.118491731584072,279,False,3.0441450641589007,0.5699066584974894
C1[C@H](N2[C@H](CC)C3=CCC[C@H]3CC4=CC(=O)C[C@@H](F)C42)CCCC1,-26.1363657367574,280,False,4.554852141097416,0.6808890828927698
C1[C@H](N2C([C@H](C)O)C3=CC=CC=C3CC4=CC(=O)C=C42)Cc2c(cccc2)CC1,-26.17688192535661,281,False,3.828397986436866,0.7835249981234536
c1ccc2nc(-c3c[nH]c4ccc(N)cc34)[nH]c2n1,-26.18368259591398,282,False,2.5166220204475938,0.4533786068950257
c1c(-n2c(C)c3cc(Br)cc3oc2=O)cccc1,-26.20059571465572,283,False,2.420220855856167,0.6882267826282712
C1[C@H](n2cc3cccnc3c(C)c2=S)CSCC1,-26.33930324600192,284,False,3.5056099170296164,0.7289734286103505
C1[C@H](N2C(CCC)C[N+]3([O-])[C@@H]2CC2=CC(=O)C=C23)CCCC1,-26.35636770890619,285,False,4.645441586937562,0.5935754656367976
n1c(N2C3=C(Br)C=CC=C4CC3=CC(=O)C=C42)cc(F)cc1,-26.37768984756417,286,False,4.670103802750915,0.7638192472891304
C1C(N2CC3=C[C@@H]4OC4=CC(=O)C[C@H]23)CCCC1,-26.47204752394373,287,False,4.266474463731477,0.5241690525563141
C[C@H]1[C@H](N2[C@@H](CCCC(C)C)C3=C(Br)C(=O)C=C23)CCCC1,-26.531053763984403,288,True,4.06376833887415,0.667297911652468
C1[C@H](N2C(CC)C3=CC=CC=C3CC4=CC(=O)C1=C42)CCCSC,-26.54366011790989,289,False,3.9881297921302865,0.7269119334466626
C1[C@H](NC(c2ccc(F)cn2)=O)CC[C@H](n2cnnc2)C1,-26.55048452009396,290,False,2.5883717414914393,0.9335642658518744
C1[C@H](N2Cc3ccccc3C=CC3=CC(=O)C=C32)CCC[C@H]1c1cc[nH]c1,-26.55996501441814,291,False,3.980494045296016,0.8251919053834307
C1[C@H](N2OC(C3CC3)C3=CC=CC=C3C=C4C(=O)C=C42)CCCC1,-26.57367100403701,292,False,3.5183075232610257,0.79904956148828
c1csc(S(c2oc3cc(O)ccc3n2)(=O)=O)c1,-26.60897747380432,293,False,2.652464294770196,0.7799020395015253
[O-][N+](=O)c1snc(CN2C(CC)C3=CC(=O)C=C32)c1C,-26.65518767913977,294,False,4.239292992184922,0.6283666595984979
C1[C@H](n2c(C(N)=O)nnc2-c2c(F)cc(F)cc2)CCCC1,-26.678844112573927,295,False,2.442070999866658,0.947234450180378
Fc1ccc(-n2c(=O)c3ccccc3cc2S)cc1,-26.6981002956461,296,False,2.16828740506298,0.6730132433573668
C(c1cc2c(cc1)C=CC2)#CC(=O)C=C,-26.69911870589067,297,False,3.3310969828468497,0.4951811073398808
C(N1CCCC1)/C=C/C=C\Br,-26.73193277232349,298,False,2.9522734132203077,0.6550427948730145
C1[C@H](O)[C@H](N2C(c3cc(NC)c(Cl)cc3)C3=CC=CC=C3CC4=CC(=O)C=C42)CCCC1,-26.739169817726665,299,False,3.886361362495524,0.6157216347229304
N1[C@H](N2[C@@H](C)C3=C/C(=C/C#N)C(=O)C=C32)CCC1,-26.74485022765305,300,False,4.576014991350362,0.5541428333453986
O1[C@@H](N2C(C)=CC=CC=C3CC4=CC(=O)CC[C@@]423)CC[C@@]1(C)C,-26.7697617766471,301,False,5.048361504274263,0.7318761745293791
CN1C[C@H](N2C(CC)(C)c3ccccc3Cc3c2cc(O)cc3)CCC1,-26.86753780210438,302,False,3.564369314085896,0.862365048849708
[O-][N+]([C@H]1[C@H](N2C(CCC)c3cccc4c3CC(=O)C=C42)CCC1)=O,-26.868986576106863,303,False,5.191029313823404,0.627272600541107
C1(N2C(C)C3=CC=CC=C3CC4=C(Cl)C(=O)C=C42)CC2C1CC2=O,-26.915404328467616,304,True,4.3896408190435094,0.7849851802768771
C1C(n2cnc3c4ccc(O)cc4[nH]c3c2=S)CCC1,-26.971086617095352,305,False,2.7407054505638513,0.6626710560994401
C1[C@@H](N2C(C)(c3cccs3)[C@H](O)C=C2)CCCC1,-27.054975435794404,306,False,3.953084204716181,0.8826766651283973
Fc1c(N2C(CC3CCC3)C3=CC=CC=C3CC4=CC(=O)/C=C42)cc(F)cc1F,-27.082720348771545,307,False,3.5346966978814853,0.6132400963838962
c1cc(C(N2C(CC)C3=CC=CC(O)=C3CC4=CC(=O)C=C42)(C)C)ccc1Br,-27.146894846900523,308,False,3.624436651084979,0.6594457273557047
C1[C@@H](N2C(C)c3c(O)cccc3Sc3c2ccc(O)c3C)CCCC1,-27.15986844423105,309,True,3.3353811760017447,0.6812558696804119
C1C(N2Cc3c(F)c(C4=CC(=O)C=C4)ccc3CC2)CCCC1,-27.22663548249216,310,False,2.741747809713214,0.8213918131281646
C1C(N2C(CC/C=C/COC)CC=C2CC2=CC(=O)C=C21)C,-27.27471891470566,311,False,4.593383556029366,0.7271863311291134
CC(C#C[C@@]1(N2CC3=CC=CC=CC=C3CC4=CC(=O)C=C42)CCCC1)C,-27.368900793657303,312,False,4.080551405625004,0.6131279518673977
[n+]1(C)c2c(cc[nH]2)n(-c2ccccc2)c1,-27.478585028629823,313,False,2.9257866153074144,0.5765079032827081
C1[C@H](N(C)C2=CC(=O)c3c1cc(OC)c(OC)c3)CC2,-27.50318830403694,314,False,3.945593350867691,0.8292572794368648
O1[C@@H](C2C(CC)c3cc(OC)ccc3CC4=CC(=O)C=C42)CCC1,-27.52472507470793,315,False,3.9521934608789024,0.8435995024518594
C[C@H]1[C@H](N2C3=CC(=O)C=C3C(O)=C2C)CCC1,-27.530097874817784,316,False,4.068937582647159,0.7834037842515299
c1c(N2C(C(CC)C)C3CC=CC=C3CC4=CC(=O)C=C42)ccc(C(C)=O)c1,-27.59341278979946,317,False,4.211943189909365,0.6623853118473262
C1=C(N(c2ccccc2)C2=CC=CC=C3CC4=CC(O)=CC[C@@]423)CCCC1,-27.65514772136339,318,False,4.599995180599816,0.6693501571395335
O1C(N2C(C(C(O)=O)C)C3=CC=CC=C3CC4=CC(=O)C=C42)C=CC1,-27.67074290129858,319,False,4.446153369347972,0.8590020460868067
c1c(N2CCC=C3CC(CO)=CC=C3CC4=C(Cl)C(=O)C=C42)cccc1,-27.67357096414139,320,True,3.886365791152251,0.842851499700788
c1(OC(/C=C/CN(C)C)=O)ccc(Cl)c(Cl)c1Cl,-27.77475932271,321,False,2.527805810607301,0.3677615564149922
C1C(N2C(C=O)C(Cl)=Cc3c2cc(O)cc3OC)CCCC1,-27.79496207194188,322,False,3.6021477680564873,0.8623876695267929
C1C(CO)=CC(=O)C=C2Cc3cc(O)c(O)cc3[C@]12C,-27.827482819808665,323,True,3.9082792858912168,0.6803303375477211
C1[C@H](n2cc(-c3ccncc3)nc2-c2cnccc2)CC[C@@H](O)C1,-27.95803001544232,324,False,2.5237608646617407,0.8022154128044036
c12c(sc(CCCCCO)c1)cc[nH]2,-27.98183688335439,325,False,2.7564925931968283,0.7296939421992571
C1[C@H](N)C(c2cc(OS(N(CC)CC)(=O)=O)ccc2)CCCC1,-27.993040401015836,326,False,3.224100452585674,0.808004085912034
[C@@H]1(Br)[C@H](N2C(C)c3cccc(C)c3CC4=CC(O)C=C42)CCCC1,-27.99521635874453,327,False,4.4663301855593485,0.6986422151465828
C[C@H]1[C@H](N2C(c3ccccc3)c3c2cccn3)CCc2c1cccc2,-28.047669760428107,328,False,3.420236172194153,0.6503912614462374
C[C@H](N(CC)C1=C(Cl)C=C2CC3=CC(=O)C=C31)CCC=C2C,-28.04976222851701,329,False,5.2627067218277315,0.701541124075495
C1S[C@H]2C3=CC=CC=CC=C3C[C@H]2N1,-28.0771283803042,330,False,4.8657100153039785,0.648569530947157
N1(CC)Cc2c(cn(CC)c2)C1=O,-28.079363822018426,331,False,2.9700974423165167,0.6730983598685811
C1C(N2C(CSBr)C3=C2CC2=CC(=O)C=C23)CCCC1,-28.11160110743629,332,False,4.194896319891699,0.7614803214368182
c1cc(OCc2c3occc3cc([N+]([O-])=O)c2)ccc1F,-28.138074676230417,333,False,2.224511312739862,0.5358382765970726
n1nc(N2C(CC[C@H](CN)C)C3=CC=CC=C3CC4=CC(=O)C=C42)[nH]c1,-28.187506373601764,334,False,4.236881072921655,0.8663488571092519
C1[C@H](N2C(C(C)=O)C3=CC(=O)C=C32)[C@H](C)CNC1=O,-28.27932043877354,335,False,4.557468398972702,0.768729125688359
c1cc2c(cccc2Cl)c2c(scc2O)cc1,-28.34415866973132,336,True,3.253385263159238,0.7203951393887967
C1[C@@H]2[C@@]3(C=C1)C=CC=C3Cc1c2c(O)cc(O)c1,-28.383438204182312,337,False,4.852340234215421,0.681403720553339
C1=C(OC)C(=O)C(CCl)=C2C=CC(=O)C=C12,-28.447589537045587,338,False,3.336508615208471,0.6857522146684782
Clc1c(N2Cc3c(cc[nH]3)Oc3ccc(Cl)cc23)cccc1,-28.46039318028068,339,False,2.6548834533406023,0.6133977787087403
C1[C@H](N2C([C@@H](O)c3ccccc3)C3=CC(=O)C=C23)CC[C@@]1(O)C=C,-28.55912723792608,340,False,4.475678375604596,0.8346461310419208
c1nc(N2C(CCC)C(=O)C=Cc3c2ccc(OC)c3)ccc1,-28.618391549219268,341,False,3.075118368368716,0.8561544764024942
c1c(N2[C@@H](C)C3=C(Cl)C=CC=C3CC4=NC(=O)CN42)cncc1,-28.733171751447745,342,False,3.727620466270815,0.8079928315532464
[C@H]1(O)C(C)(C)C3=CC=CC=C3CC4=CC(=O)C=C41,-28.831342936528017,343,False,3.4783569584497354,0.7552981358877794
CC1[C@@H](N2[C@@H](C)/C(=C\c3ccncc3)C3=CC=CC=C3CC4=CC(=O)C=C42)CCCC1,-28.917385563579955,344,False,4.020319076210345,0.6234534383586334
c1cc2c(c(N(C)C)cc3c2CCc2cc[nH]c2-3)cc1,-28.92729805478621,345,False,2.7207956362402435,0.7020292520942468
C1[C@H](Nc2c(O)scc2)CC(C)=C1,-28.929210055625163,346,False,3.7269798271651906,0.7109769934563763
CN1[C@H](CSCc2cc(F)c(F)cc2)C2=CC(=O)C=C12,-28.941477517967712,347,False,3.532654305871235,0.8511441321465907
C1/C(=N\CC)C2=COC=C2Cc2cc(OC)ccc21,-28.94389446382411,348,False,3.09559579667137,0.8252749078884475
FC(F)(F)CN1C(F)(F)C2=CC=CC=C2Cc2cc([N+]([O-])=O)ccc21,-29.02625509161453,349,False,2.9108021411540186,0.3406850939836972
C1C2(CCCBr)C3CC=CC(=O)C=C3CC2CC1,-29.112077578096432,350,False,4.57338961516791,0.7051953801324587
c1sc(N2C(CCCl)C3=CC=CC=C3CC4=C(C(Cl)Cl)C(=O)C=C42)nc1,-29.113341473046148,351,False,3.928359379509838,0.6112899166209489
C1[C@H](n2nc(C)c(/C=N\C(C)C)c2C#N)CCCC1,-29.113613656548523,352,False,3.0442068535390314,0.7801744684631565
N1[C@H](N2C3=CC(S(Cl)(=O)=O)=CC=C3CC4=CC(=O)C=C42)CCCC1,-29.127630026819617,353,False,3.731023657714807,0.8164685112120372
c1cc(F)ccc1C1[C@H](N2C(CC)C3=C(Br)C(=O)N=C3CC4=CC(=O)C=C42)CCCC1,-29.245419818453456,354,False,4.336410894392164,0.581963300708561
C1[C@H](N2CC3=C(C=CC=C3)CC4=C(C#N)C(=O)C=C42)COC1,-29.258611369678988,355,False,3.546093735798422,0.7953604166725643
c1c(N2[N+]([O-])=C3C(=CC=CC=C3C)C2)cccc1,-29.27161034702613,356,False,3.466138798772981,0.5558560689031982
C1=CC=C(c2c(Cl)cccc2)C(=O)C(O)=C1CC,-29.281851304312116,357,False,2.0214785029149915,0.8951995764209614
Fc1c(N2C(c3ccc(F)cc3F)C3=CCNC=C3CC4=CC(=O)C=C42)ccc(F)c1,-29.28410007679804,358,False,3.854631774521757,0.6890018474474452
n1nc(N2C(C)C3=C[C@H](O)C=C3Cc4cc(F)c(O)c(F)c42)oc1,-29.34373346312964,359,False,4.681044552775223,0.8336137963283716
C(N1C(CC2(CO)CCCC2)CC2=CC(=O)C=C21)(=O)C,-29.35087872808685,360,False,3.8960070531239825,0.856079357541682
c1(NC2=CC[C@H](O)CC2)c2cccnc2[nH]c1,-29.382905365436727,361,False,3.4461988835291457,0.740694006600001
C#C/C(=N\c1cc[nH]c1)Cl,-29.46895029617008,362,False,4.403348487554633,0.4706061484293311
C1[C@@H](N2[C@H](CC(C)C)/C(=C/CCCc3ccccc3)C3=CC(=O)C=C32)CCCC1,-29.49375499709572,363,False,3.428347662770255,0.5034881632812322
c1ccc2c(nc(N3CCN(c4sc5cc(OC)ccc5n4)CC3)s2)c1,-29.49385984194987,364,False,2.145583135817306,0.5300485331080684
O[C@@H]1[C@H](N2C3=CC=CC(OC)=CC3=CC(=O)C=C21)[C@H](C)C,-29.53649156657684,365,False,4.5472438723251765,0.8435409172262262
C1C(N2CC3=CC=C(C2)C=C[C@@H]3O)CCC1(C)C,-29.54748358076904,366,False,5.05443446621107,0.7674865536220102
c1c(N2C(c3ccccc3)C3=C(Cl)C(=O)C(Br)=C(n4nncc4)C=C32)cccc1,-29.54804104379798,367,False,3.2990921682647603,0.4127385427433759
C1(N(C)C)C(=CCl)CC=C1CC1=CC(=O)C=C1,-29.573366806825103,368,False,4.454500258324563,0.7172431098564224
c1(=O)[nH]c2c3c(cccc3)c1C=Cc1ccccc1-2,-29.57611192727518,369,False,3.1630443072022913,0.5033731102867804
C(=N\OC)(\CBr)CC1=CC2=CC(=O)C=C21,-29.5776047315012,370,False,3.3663507012214993,0.4827896942309135
C1[C@H](n2c3c(cn2)cccc3)N=CNc2ccccc21,-29.67278410468248,371,False,3.3320088663107965,0.731244280428604
C(N1c2c(cc(C)cc2)Cc2cc(OC)c(OC)cc2C1=O)CO,-29.691177323846205,372,False,2.218433263232269,0.9374818411914828
C(CCN1C(NC)C2=CC=C1CC1=CC(=O)C=C21)CC#N,-29.7251354663224,373,False,4.886200736347985,0.7848592856421005
C1CC(N2C(C)[C@H]3[C@@H](OC)[C@@H](OC)[C@H](O)[C@H]3CC4=CC(=O)C=C42)CCC1,-29.80875077843916,374,False,4.688392212939671,0.8366823315461089
C1[N+](Cc2c(OC)ccc(/C=C\c3ccco3)c2)(C)CCC1,-29.81169299416229,375,False,2.7719353764175256,0.771957202740326
C(N1C(CC)/C(=C/C=C/C/C(O)=O)CCC1)(C)C,-29.879882189539785,376,False,3.635376581683644,0.8152406830546672
c1(=O)oc2c(n1-c1cnccc1)ccc(F)n2,-29.918011383294925,377,False,2.8291504122958155,0.5954364518358797
Clc1c(N2C(CCCC)C3=CCCC4C3C=CC(=O)C=C42)nccc1,-29.932186125550515,378,False,5.248115845557539,0.7059684095900025
N1(S(c2scc(C)n2)(=O)=O)C=CC(=O)C=C1Cl,-29.963356240234816,379,False,3.2511565483957394,0.7861768209100896
C1[C@H](N2[C@H](COC(C)(C)C)C3=C(Cl)C=CC=C3CC4=CC(=O)C=C42)CCC[C@@H]1COC,-29.968257610022192,380,False,4.213076423690452,0.5887535711728283
C1[C@H](C2C=CC=C3c4ccccc4C=C32)[C@@H](O)CC1,-30.01433760492364,381,False,3.8786869534951034,0.8031482221327759
n1c2c(c(-c3c(Cl)cncc3)[nH]n2)sc1C,-30.041581514474046,382,False,2.919654829863381,0.7222550848699414
Clc1cc(/C=C/c2cc(C(O)=O)n(C)n2)ccc1Cl,-30.12540904093817,383,False,2.490359594412091,0.941444733341698
c1ccc2c(nccc2NC(=S)N)c1N1CCCC1,-30.161720890511333,384,False,2.243737614853188,0.8226640796223266
s1c(N2C(CO)C3=CC=CC=CC3Cc4c(Cl)c(O)ccc42)ccc1C,-30.213884771933635,385,False,4.19553126834785,0.751812364132449
c1(N2C(CCC)C(=C)C2)cc2c(cc(O)c(O)c2)[nH]1,-30.214635637824813,386,True,3.744539822861873,0.5853017194135091
C1[C@H](N([C@@H]2Cc3c4cc(O)ccc4[nH]n3)C[C@@H]2O)CCCC1,-30.21686401183979,387,False,3.6700804310293673,0.8123785885515358
C1CC(O)CN1c1cc([N+]([O-])=O)ccc1C,-30.337289962770228,388,False,2.516439308505454,0.6075370587998481
n1c(N2C(CC)C3=CC=CC=C3Cc4ccc(O)c(CC(C)=O)c42)[nH]nc1,-30.36935135430008,389,False,3.5316324293607764,0.7368990390032805
Fc1c2ccccc2cc(C2C(CCC)C3=CC=CC=C3CC4=CC(=O)C(Cl)=C42)c1,-30.400929744055475,390,True,3.653003283459155,0.4406523820634529
[C@H]1(N(C)C)C2=CC=CC=CC=C2CC2=C/C(=C\c3cccc(F)c3)C(=O)C=C12,-30.423490798775106,391,False,3.9579642694281754,0.6852495925879989
C1C2=CC[C@@H]3c4c(cccc4[C@H]23)C1,-30.42784682707861,392,False,4.854195459877093,0.5219375024849098
c1c(N2Cc3c(C(=O)OC)cccc3C(C2=O)=O)cccc1,-30.494042932127968,393,False,2.116186136343085,0.6291650612340343
c1(N2CCCc3c2cccc3)cc(OC(C)=O)c1C#N,-30.583092088552405,394,False,2.8700024350675513,0.7721851965237534
C([C@H](N1C(c2cc(Cl)c(Cl)c(Cl)c2)C1=O)CC)Cl,-30.59602918291992,395,False,3.6699467786806785,0.4513377062494719
N1[C@H](n2c(SC)nc3c2C[C@H](C)OC3=O)CCC1,-30.63994266845793,396,False,4.180465670083394,0.6511689389084745
C1[C@@H](N2[C@@H](CC)C3CC4=CN(C)C(=O)C=C42)CCC[C@@H]13,-30.69477119331717,397,False,5.165057831690373,0.7851572847674646
C1[C@H](N2[C@@H](C)C3=C[C@@H](O)C=C3CC4=CC(=O)C=C42)[C@@H](O)C#CC1,-30.701253902250755,398,False,5.73002084406631,0.71531907109739
c1n(CCC)c2cc([N+](=O)[O-])c(C)cc2c(=O)n1,-30.725294991637497,399,False,2.4347661324283347,0.6136639193087448
c1(N(CC)[C@@H]2CC=CC=CN2CC)cc(Cl)ccc1,-30.88425553520551,400,False,3.4905443221361834,0.809491051937219
C1[C@H](NC)C[C@H]2c3cc(C)ccc3C=C2[C@H]1O,-30.92000351974275,401,False,3.98063330060235,0.7736298760513555
c1c(NC2=CC/C(=C/C=C\c3cccc(F)c3)CC2)cccc1,-30.97751234629294,402,False,2.7660461078154626,0.736175279048266
CC1(C)[C@H](N2[C@H](C)[C@@H]3CCC[C@@H]3CC4=CC(=O)C=C42)C[C@@H](F)C1,-30.994675053048923,403,False,4.9554369369665725,0.7134760775225208
c12[nH]c(CC(O)=O)c(CC=C)c1cc1c(c2)OCO1,-31.03634899229246,404,True,2.795172020447593,0.8259865169654895
C1[C@@H](N2C(c3ncccc3)C3=CC=C(OCC)C(=O)C=C32)CCN1C,-31.039052977357983,405,False,3.4651422042500215,0.8575078732860829
c1n([C@@H](CC)C(=O)c2cnccn2)cnn1,-31.04797539437777,406,False,3.5382251248630094,0.7112359534652427
C1[C@H](Oc2c(Br)cc3ccccc3c2O)[C@@H](C)CCC=C1,-31.079741120379367,407,False,3.397335357736317,0.7340873395211176
c1cc(N2c3cc(OC)c(OC)cc3/C(=N\C)C2=O)ccc1N,-31.10086386927924,408,True,2.4087878498969104,0.8829349368770812
C1[C@@H](n2c3c(cncn3)-c3ccccc3C2)C(c2ccccc2)=C1,-31.220286027253,409,False,3.050045490293993,0.7055715673119987
FC(CN1C(C)c2cccc3ccccc32)CCCC1S(O)(=O)=O,-31.26251355930617,410,False,3.609133090490044,0.8512022383872506
[C@]1(N2OCc3ccccc3C2)(C#N)CCC[C@@H]1O,-31.32785803879233,411,False,3.9918507727635175,0.8172059768396114
C1[C@H](NC2=Cc3cc4cc(O)c(Br)cc-4cc3CC2)CCCC1,-31.35340539476965,412,False,2.89981508870288,0.7278626904828297
C1CC[C@H](N2[C@H](c3nn(C)c(Cl)c3)C3=CC=CC=C3CC4=CC(=O)C=C42)CCC1,-31.36699863859508,413,False,3.6305460144186057,0.6469284596004818
C1N(C(=O)CCl)C2=CC(=O)C=C2c2c(c(OC)cc(OC)c2)C1,-31.384853680644028,414,False,3.01118424412768,0.7955652511216528
Brc1c(N2C(Cn3nncc3C(=O)O)C3=CC=CC=C3CC4=CC(=O)C=C42)cccn1,-31.40054057420457,415,False,3.9225454089210654,0.5744569746337839
C(C1C2=CC=CC=CC=C21)\CCCCO,-31.40954245440662,416,False,3.237133118803916,0.6789342678290761
CC(C)=NCC1=C[C@H](N2C(C3CC3)C3=CC(=O)C=C32)CCC1,-31.440402773252917,417,False,4.559711099453684,0.5879126671923839
C1[C@H](N2Cc3c(C)cc(-c4ccc([N+](=O)[O-])cc4)cc3C(=O)C=C2)CCC[C@H]1O,-31.567598036673417,418,False,3.5874924749604578,0.6187660625909837
C1C(N2CC3=C(Sc4c3ccc(Cl)c4Br)C2)CCCC1,-31.64899124729959,419,False,2.837098554012126,0.5978471776246728
FC(CN1[C@H](Cc2cccc3c2sc2cc(F)c(F)cc32)CCCC1)(F)F,-31.6658111833365,420,False,3.167677615753332,0.4678616665210582
C1[C@H](c2c(CC)c3nc(CC(OC)=O)ccc3c(C)c2)CCCC1,-31.67104554130026,421,False,2.494428957836172,0.7529271417734151
COC(=O)c1c(N2[C@H](COC)C3=CC=C=C3CC4=CC(=O)C=C42)scc1,-31.759669788836614,422,False,4.555913849364308,0.6043355203012962
C1N2C(CC)(C(F)(F)F)C2c2cc[nH]c2C1,-31.77213861600376,423,False,4.686037833970266,0.7345911875269462
c1c(N2C(CC)C3=CCNC(C)=C3CC4=CC(=O)C=C42)CCN(S(C)(=O)=O)CC1,-31.797355897995885,424,False,4.418797052269644,0.7673626057294977
C[C@H]1[C@H](N2C(C(Nc3ccc([N+]([O-])=O)cc3)=S)C3=CC=CC=C3CC4=CC(=O)C=C42)CCCC1C,-31.800035358985724,425,False,4.184406796065774,0.3166413671402801
Clc1c(N2C(c3ncn(-c4cc(F)c(F)cc4)c3C#N)C3=CC=CC=C3CC4=CC(=O)C=C42)cccn1,-31.859086131636676,426,False,3.830557780415688,0.33390537760681
N1(CC)c2c(c(=O)oc3ccccc32)CCS(=O)(=O)C1,-31.91868184562003,427,False,2.971386125061768,0.7462152159016935
c1ccc([S+](c2c([O-])c3cccc(Cl)c3o2)[O-])cc1,-31.92624659213982,428,False,3.940846886238747,0.6805052106063909
C(N1C(c2ccccc2S)N=C2CCCC12)CCC,-31.941652636383424,429,False,3.823635855653841,0.8178062814374649
FC(F)(F)[C@]1([C@H](N2[C@H](CC)C3=CC4=CC(=O)C=C42)CCCC[C@@H]13)F,-31.942039618742456,430,False,5.862396592221232,0.6649745868704168
Fc1c(N2CCN(c3nc(O)c(Cl)cc3Cl)CC2)cc(F)cc1,-32.04764052356509,431,False,2.456487849896911,0.886756385528859
COc1c(N2C(CC)C3=CC=CC=C3CC4=CC(O)CC42)ccc(C(F)(F)F)[n+]1[O-],-32.10706245729557,432,False,4.491243288571348,0.4646200681558933
[N+](C1(c2ccc(Br)c(C)c2)OCC1)([O-])=O,-32.10967652416457,433,False,3.503976189723275,0.6138557675863517
C1[C@H](N2C(CC)C3=Cc4cc(Cl)c(NCc5[nH]nnc5)cc4CC32)CCCC1,-32.19276075251406,434,False,4.251354235062496,0.7599639026658511
c1ccc(C2=C3C(C4=CC(=O)C=C42)[C@H](O)CC3)cc1,-32.234835005783225,435,False,3.71530606544405,0.8316371867128518
C[C@H](N1C(CC)(CC(C)C)C2=CC=CC=C2Cc2c1cc(OC(=O)C)cc2)C,-32.30299072925129,436,False,3.3250514747228817,0.4654340541154959
n1c(N2C(Cc3ccc(OC)cc3)C3=CCNC[C@]32C)ccs1,-32.43902511625288,437,False,4.096135677901403,0.8764241256085147
C1[C@@H](n2cncc2Cc2[nH]ncc2)CC[C@@H]1F,-32.449929513804136,438,False,3.946237857606242,0.8850294034486239
C[C@H]1N2C3=CC=CC=C3CCC1=CC(=O)/C2=C\C,-32.46993878752255,439,False,4.156762406161123,0.647719810401374
C1[C@H](S)[C@@H](N2C(CC)C3=CC[C@@H](Br)[C@H]3C/C4=C\C(=O)C=C42)CCC1,-32.48835316724092,440,False,5.026727295471444,0.4019403390805359
C1[C@H](Cc2cnc3c(F)c(F)c(F)cn32)CCNCC1,-32.491999167220456,441,False,3.425719271169097,0.9179047964254602
[C@H]1(N(C)CC)c2cc(/C=C/C=C\CC3=CC(=O)C=C32)ccc1,-32.504555464431974,442,False,5.63466442314281,0.773265164329481
n1nncn1C1=C(Br)C[C@H](N2C(CC)C3=CC=CC=C3CC4=CC(=O)C=C42)CCC[C@H]1O,-32.507714886772874,443,False,4.488535108314921,0.6933588755873823
C1=C(c2ccccc2)n2c(nc3ncnnc23)CCCC1,-32.509676028047124,444,False,2.9335666973552463,0.6860168376241798
C1C(N2Cc3c[nH][nH]c3=CC3=CC(=O)C=C23)CCCC1,-32.53008463682352,445,False,3.6243734225100823,0.7629555612228365
C1[C@H](n2c(Br)cc(OC3CCN(C)C=C3)c2)CCCC1,-32.63308804808298,446,False,3.9224087867352,0.8144470749396299
N1(C)C(c2ccc(-n3cccn3)cc2)=CC(=O)C(O)=C1,-32.63665631638332,447,False,2.478229155715324,0.7715953016327983
N1(CCC)C2=CC=CC(=O)c3cnccc3OC21,-32.66714924993312,448,False,3.9778319228602186,0.7451397589477623
CC(N1C(CC)c2cccc3oc4c(O)c(C)cc(c43)c2CC1)=O,-32.67447162722965,449,False,4.150835760098815,0.8583942891920363
C1(N(C)c2c3c([nH]c2N1)cccc3)c1ccc(OC)cc1,-32.693611802322266,450,False,2.9791222272909987,0.7505017657853693
c1(-n2c3c(cccc3C)nc2SC)nccsC1,-32.753759086167065,451,False,3.437352112382448,0.745808649266193
C1[C@H](n2c(CC)cc3ccccc3n2-c2nc(C)ccc2Cl)CCCC1,-32.76756595489246,452,False,2.9422971817713535,0.6170707292042177
C1(NC(N2C(CCCCCCCO)C3=CC=CC=C3CC4=CC(=O)C=C42)=O)CCOC1,-32.79337414392921,453,False,3.801083902445007,0.6222403074984711
C1[C@@H](N2C(C(F)(F)F)C3=CCCC3CC4=CC(=O)C=C[C@]4(O)O2)CCCC1,-32.79815974585608,454,False,4.600500929587671,0.6962427299073104
c1c(N2C(=O)C(Cc3ccc(O)c(OC)c3)=CC=C3CC4=CC(=O)CC[C@@]423)cccn1,-32.80719725139306,455,False,4.1604125247842445,0.8258458476144641
Cc1c(N2CC3=C(CC3)C[C@@H]3C[C@@H]3CC4=CC(=O)C=C42)csc1C,-32.82320739888269,456,False,4.925503766059679,0.6657373369048434
C[C@H](N1C(CC)=CC=CC=C2CC3=CC(=O)C=C(Br)C32)C(C)C1=O,-32.87417328056745,457,False,5.055848036737826,0.5276503283327657
C1[C@H](N(C(C)C2CC2)C2=CC(=O)C=C2)C=C(C)C=C1,-32.88411820890087,458,False,4.315501304921553,0.7672196359285254
COC(c1c(N2C(CC)C3=CC=CC(=O)C(Br)=C32)c(C)ccc1O)=O,-32.89489668837791,459,False,3.441220596688762,0.7767434513401685
[N+](c1cccc(/C=C/COc2c3c(ccc2)CC[nH]3)c1)([O-])=O,-32.91054922794501,460,False,2.4589538860329103,0.6753162147574883
c1cc(Br)c(O)c(Br)c1-c1cc2c([nH]c(=O)o2)cc1Br,-32.91061437491743,461,False,2.90275271846836,0.5454663777010255
c1(N2[C@H](C)c3ccccc3C(OC)C(Br)=C2)cccnc1,-32.920930871062865,462,False,3.673019203890165,0.7962568692792001
C(OC)CCN1C(CC)C2=CC=CC=C3CC4=CC(=O)C=C4N3C2(C)CC1,-32.94066312318228,463,False,4.533279866974337,0.6940650412667216
c1c(N2C(CBr)c3ccccc3C/C2=C\[S+]([O-])CC)cc(F)cc1,-32.969273951808646,464,False,4.113570604642582,0.5296080853510499
C1[C@H](CN2CCC3=CC=CC=C3C-c3sc(N)nn3)C2=CCCC1,-33.04927862162003,465,False,3.344813014671024,0.9026364403878476
c1(N2C(C=C)CCOC2=O)cnc(N2CCCC2)nc1,-33.06570371288126,466,False,3.311105868963317,0.7887499452408467
C1[C@H](N2C(c3cccc([N+]([O-])=O)c3C)C3=C(SC4=CC(=O)C=C43)C2=O)CCCC1,-33.12510762127033,467,False,3.770226529025951,0.5776308239924716
N1[C@H](Nc2c3ccn(Cc4[nH]nnn4)c3ccc2Cl)CCCC1,-33.149179476129575,468,False,3.649952798644324,0.6833020104396984
Clc1nc(N2C(C)C3=CC=CC=C3C=C3Cc4ccc(O)cc4C=C32)sc1F,-33.234837449812176,469,False,3.8117229232743295,0.5182283049459074
c1cc2c(cnn2Cc2c(Cl)c3ccccc3sc2=S)cc1,-33.23614082310422,470,False,2.528128405263681,0.4358683880040803
C1CN2CC(O)C3=CC=CC=C3CC4=CC(=O)C(O)=C4C12,-33.30361924849785,471,False,4.211516890194137,0.7601638509510372
C1[C@H](c2c(O)c(Cl)ccc2)C=CC=C2C=C(C)CN21,-33.336213292323805,472,False,3.867190475982338,0.8402114450565186
C1C(N2C(CF)C3=CC=CC=C3CC4=CC(=O)/C(=C/CCN(CCC)C)C42)CCCC1,-33.39591436906176,473,False,4.060660358797644,0.5458863119062871
F[C@@H]1[C@H](N2[C@@H](CC)/C(=C3\CC=CC=CN3)C2=O)CCCC1,-33.45481761733436,474,False,4.44706591611704,0.625451510608226
C1[C@@H]2Oc3ccc(COCC=C)cc3C1=CC(=O)C=C2,-33.46170980507304,475,False,4.244523627487624,0.6216257849929973
n1c(-c2occ(-c3[nH]c(=O)n(C)c3C)n2)cccn1,-33.5160891565838,476,False,3.1544566358322097,0.74294239133631
n1nc(-n2c(CCC)nc3cc4cc(Cl)ccc4n23)sc1,-33.54016264936092,477,False,3.2151803165229644,0.578128288117721
[N+](c1c(Cl)cn2c(ccc2C)c1)(F)=O,-33.6491803451554,478,False,3.5151303832629885,0.6679445796700568
C[C@H]1[C@H](N2C(CCBr)C3=CCC[C@@H]4[C@@H](O)C[C@]342)CCCC1,-33.67301019178967,479,False,5.352583208294345,0.6143096586667839
C1[C@H](n2c(CCSC(OC)=O)c3cc(C)c(=O)n3c2=O)CCCC1,-33.74557940663807,480,False,3.420130622589329,0.7796844027518538
C1[C@H](O[C@H]2C3=CC=CC=C(c4cocn4)OC3=C2)CCCC1,-33.75518875103444,481,False,4.205739714819403,0.8406281067360819
C1C(N2[C@@H](c3[nH]c(N)nc3)C3=CC=CC=C3CC4=CC(=O)C=C42)SCCN1,-33.81992093757344,482,False,4.377540591060379,0.739826625941658
C1C/C(=N/c2ccccc2)NC(Sc2ccco2)=C1,-33.8638936826319,483,False,3.488240036641926,0.9017968011799986
C(CN1C(Cc2cc(O)ccc2)Cc2c[nH]cc21)S,-33.88004638887219,484,False,3.6569981682900305,0.7500297728116644
C1N2[C@@H](C)c3cc(CC=C)ccc3C(=O)C=C2C2=CC(=O)C=C21,-33.89786669390787,485,False,3.8610243823547306,0.7866783728664828
F[C@H](F)[C@@H]1[C@H](N2C(CC)C3=CN=CC[C@H]3CC4=CC(=O)C=C42)CCC[C@@H]1O,-33.96493032909689,486,False,5.178070203259908,0.8183283422937159
c12c(n[nH]n1)n(-c1ccc([N+]([O-])=O)cc1)c2=C,-33.97864377751125,487,False,2.887292543379018,0.6265110914836026
Cc1cncc(N2C(c3ccc(F)cc3F)=NC2=S)n1,-34.00895532250411,488,False,2.9077407953914385,0.7973015921675404
c1c(N2[C@H](Cc3ccoc3)C3=CC=CC=C3CC4=CN(C(C)C)CC(=O)C=C42)cccc1,-34.04028866510748,489,False,3.698203274853757,0.5393561554524259
[nH]1nnc(-c2c(Br)cc3c(Br)c(O)c(Br)cc3c2)n1,-34.05975219734205,490,False,2.912091033510004,0.5894841800074532
C(N1[C@H](CC)c2c(CC)c3cc(C=C)c(O)cc3o2)CC1CC,-34.06380293402981,491,False,3.923212231431827,0.7880100472265416
C1[C@@H](N(CC)C2=C/C=C/C(=O)OC2)[C@H](C)C[C@@H](O)C1,-34.100219155663126,492,False,4.228078597699954,0.7912896298042134
CC1(C)[C@H](N2C(c3ccc(O)cc3)C3=CC(=O)C=C32)[C@H]2C[C@@H]1CCCO2,-34.145708024562055,493,False,4.98877892507922,0.8818801179779336
Clc1c(N[C@@H](CC(C)C)C2(CC=CC=C2)O)cccn1,-34.2100279664171,494,False,3.900161159069212,0.8113083193360439
c1c(-n2c(CC)c3ccc(CCC)nc3cc4ccc(=O)n(C)c4c2=S)cccc1,-34.21988609201867,495,False,3.323342087036833,0.6132602670685184
c1c(N2C(C3OC3)C3=CC=CC=C3CC4=CC(=O)[C@]42C)c(O)on1,-34.236057267563865,496,False,4.517455461665839,0.8528687848925371
[C@H]1(NC(CCc2c([N+]([O-])=O)c(Cl)ccc2)=O)c2ccccc2CC1,-34.2616493756359,497,False,2.6907702640496485,0.6581830233035437
c1(N2C(CN)C3=C2NC=CC3Cl)ccccc1F,-34.31528947769539,498,False,4.039381507187466,0.8029506714167838
C1C/C(=N\c2ccc(OC)cc2)[C@H](c2ccc3c(c2)OCO3)C1=C,-34.36087396237417,499,False,3.16118356721707,0.773839907049483
C1[C@@H](N2C(C)C3=CC=CC=C3C[C@H]4N(C)C(=O)OC42)C[C@H](Cl)CC1,-34.39794258457931,500,False,4.244126390494069,0.7207149086479655
c1(N)c2c(ccc1)C=C(Br)/C(=C/c1ccc3[nH]ccc3c1)C2=O,-34.39919485361088,501,False,2.8331257869598474,0.4823044102657182
O=C1C(N2Cc3c4ccccc4oc3C=C2)=CC=C2CC=C12,-34.41488903072968,502,False,3.619335901565456,0.7961791166477994
C1C[C@@H](N(C2CCCCC2)C2=CC=CCc3c2cc2c(c3C)OCO2)CCC1,-34.48257756237581,503,False,3.192258517785925,0.6290621643041994
[N+](c1cc2c(cc1)C(=O)c1c2cc(OC)cc1O)([O-])([O-])CC,-34.48368831946982,504,False,3.0977864341098336,0.5926843934101919
c1c(-c2c(Cl)c3cc(O)c(OC(C)C)cc3[nH]2)[nH]nc1,-34.54183556933867,505,False,2.893620190995833,0.6885600846353765
c1(-c2cccc(-c3[nH]cnc3C(=O)OCC)c2)ccc(Cl)cc1,-34.571187647160286,506,False,2.1870810317150937,0.714199851437278
C1[C@H](N2CCC3=CC=CC=C3Cc3c2cc2oc(=O)ccn23)[C@@H](c2cccs2)CC1,-34.611252471126136,507,False,3.9194030301979144,0.4482645365864166
C1CN2C(c3ccccc3C2)/C(=C\C(=O)N2CCCC2)CCC1,-34.61786100647964,508,False,3.026849404979165,0.7390274793775465
FC1(F)[C@H](N2C(c3cccc(OC)c3O)C3=C(Cl)C(=O)C=C23)CC(F)C1,-34.61860091930896,509,True,4.492416346361966,0.8582339339814985
c1c(N2C=CC=C(Cl)C3=CC[N+](C)=C3CC4=CC(=O)C=C42)ccc(OC)c1,-34.66266498417417,510,False,4.188028233556581,0.7290284868313531
c1c(Cl)cc(O)c(NC(Nc2c3oc(=O)ccc3ccc2)=O)c1Cl,-34.67592545955316,511,False,2.470427063461889,0.4622287243178343
OCC[C@@]12C(N3C1=CC=CC=C2CC1=CC(=O)C=C31)CC,-34.68721379410954,512,False,5.810239979124651,0.8642467602744863
CC(N1C(CCCC)C2=CC=CC=C2CC2=[N+](Cl)C(=O)N=C12)C,-34.75173938566763,513,False,3.9325185650470385,0.7694929280393658
c1(-c2c3n(c(=S)[nH]c3=O)cn2)oc(-c2ccccc2)nn1,-34.781756546329234,514,False,2.761634793193833,0.720998063321744
C(N1C(CC)c2ccccc2CN1C(CC)C(F)(F)F)C(F)(F)F,-34.808920765409425,515,False,3.9427574259095506,0.6964821477310941
Oc1c2c(cccc2)c2oc(-c3cc4cc(O)cc(O)c4o3)cc2c1O,-34.809972585038054,516,True,2.827687077821249,0.3235039562095212
C1[C@H](N(C)C)[C@@H]2c3c(OC)c4c(c(OC)c3C[C@@H]12)CCCC4(C)C,-34.817352940444835,517,False,4.202606078695869,0.8391360302511176
C1[C@H](N2C(=O)C=C/CC(C)=C2OC)CCCCN1,-34.89909458434795,518,False,3.6552198543773367,0.8121901455281212
c1cc2c(s1)N[C@@H](c1nccnc1N)C=C2,-34.98313248972727,519,False,3.976518976709588,0.7886491045494887
CC[C@@H]1C[C@@H](N2[C@@H](CCCC)C3=CC=CC=C3C=C4C=C(O)C=C42)C[C@@]1(C)O,-35.01330272253836,520,False,4.604400871016916,0.6696391768710043
CC1C(C#N)(C(F)(F)F)C2=CC=CC=C3CC4=CC(=O)C=C4[C@H]2CC31,-35.01646283399805,521,False,6.426763063634088,0.6452331462906586
C1(N2C(CCCBr)C3=CC=C(CC)/C(=C\c4ccc(O)cc4)C=C32)CCCC1,-35.03636169869969,522,False,3.754367025838432,0.4955644942658054
C1C2C[C@@](C)([C@H](O)O1)CC=CC2,-35.04428307370836,523,False,5.307463105709074,0.5577282099961964
c1([N+]2(CC)C3=C(Br)C(=O)C=C3CC4=CC(=O)/C(=C\CCCC)C42)cccs1,-35.06167043237224,524,True,4.885705391449862,0.3365298525581072
C1[C@H](N2C(C#C)C3=CC=CC=C3CC4=CC(=O)C=C42)CC[C@H](Cc2c3c([nH]c2)ccc(Cl)c3)CC1,-35.10158043680303,525,False,4.096769525895014,0.3253522264216918
Cl[C@@H]1[C@H](N2[C@@H](CCl)c3c(F)cccc3CC4=CC(=O)C=C14)CCC2,-35.1143558278319,526,False,4.786550161544475,0.6957215503137871
n1c2sc(SC)nc2cc(CNN2C(CC)C3=CC=CC=C3CC4=CC(=O)C=C42)c1O,-35.22987941092174,527,False,4.050687673398161,0.5532331503291013
C1C(C(N2CCC)C3=CC=CC=C3Cc4ccc(OCC#C)cc42)(C)CCCC1,-35.25330948318151,528,False,3.312183377055968,0.540759054972973
C(COC)(OC)Sc1c2c([nH]cn2)cc(OC)c1,-35.25823048696475,529,False,3.5744669132008653,0.6431752616919805
C1[C@H](NS2(=O)=[N+]([O-])C3=CC=CC=C3CC4=CC(=O)C=C42)C[C@H](Br)CC1,-35.26275496111293,530,False,4.790033326011026,0.4500440234959319
C1[C@H](CN(CC(O)=O)c2ccsc2C2=CC(=O)C=C2)c2ccccc12,-35.26658368161475,531,False,3.5176773840190787,0.8653199200277827
N1(C(C)=O)NC2=C1Cc1cc(Cl)c(F)cc12,-35.32387556922305,532,False,3.1650082655581224,0.6425791057738639
C1[C@H](N(C)C)C2=C3CC=CC=C4[C@@H]3CC[C@]42OC1,-35.39292951324023,533,False,6.216467425818798,0.6565349802124001
c1cc(N2C/C(=C\C)C3=CC=CC=C3Cc4cc(O)c(C)c(CC=C(C)C)c42)c(O)cc1,-35.43839783579779,534,False,3.1070663577805515,0.4414864957768651
c1(OC)c(OC)cc(OC)c2c(C)cc(OS(=O)(=O)C(C)C)cc12,-35.57054540561833,535,False,2.539076313605402,0.741473932108505
[C@H]12C(/C=C/CCOC)=CC[C@H]1C1=CC(=O)C[C@H]21,-35.592788206417026,536,False,4.351804591811141,0.6939955189159437
N1=C(N2C(C)c3ccccc3CCC2)C/C(=C\c2n[nH]cn2)S1,-35.72027683396618,537,False,4.234301214933916,0.813920067463288
CC1(C)[C@@H]2C[C@@](C(=O)NC(=O)N2)(O)CC1,-35.79105664045625,538,False,4.8425704395660585,0.533985359383517
O=[N+](c1ccc(/C=C2\C(C)(O)c3ccc(OC)cc3C2)cc1)[O-],-35.7978425230649,539,False,3.0671058246624225,0.6957998910125429
CCN(Cc1cc2c(c3cc(Br)c(O)cc3n2C2=CC(=O)C=C21)CC)CC,-35.79795458002354,540,False,3.444071192607252,0.6809269622449597
C(N1C[C@@]2(CC1C=CC=CC=C1C2=CC(=O)C=C1)CC)COC,-35.81402800723026,541,False,5.434438066753237,0.798200916881234
c1(=O)c2c(CC)cccc2c2c([nH]1)-c1c(OC)cccc1[C@H]2C,-35.81636731861681,542,False,3.0869093527689317,0.7695158506034399
C1[C@H](NC(CCc2cccc(F)c2)=O)Cc2c(scc2)\CCC1,-35.86168446376769,543,False,2.618754899002262,0.8902912284334432
C1[C@](N2C(CC)C3=C/C(=N\CC)C=C3CC4=CC(=O)C=C42)(O)CN(C)CC1,-35.86907379830245,544,False,4.81919648456727,0.8330845930594294
c1(N2C[C@@H](CC)C3=C[C@@H](Br)[C@@H]3CC4=CC(=O)CC42)c2ccccc2[nH]c1,-35.87402835069179,545,False,4.537275341621225,0.5583545226140416
C(N1C=C2/C(=C/c3ccc([N+](=O)[O-])cc3)C(=O)C=C12)c1cc(F)c(F)cc1,-35.9551651077756,546,False,2.873751467910896,0.4638347232653637
C1Cc2cc(OC)c(Br)cc2C=N/C1CO,-35.95890383884034,547,False,3.46508231549846,0.9041037225928952
C1[C@]2(OO2)C(O)/C(=C\c2cc(OC)ccc2OC)C1,-35.97222140029771,548,False,3.784492240660767,0.6669733071906625
c1c(N2C(C)C3=CC(OC)=C3CC4=C(O)C(=O)C142)OCCC,-35.98136040987822,549,False,5.273027106141663,0.8634103121375967
C(N1C(CC)/C(=C\CCCN2CC(=O)c3c2cc(F)c(F)c3)C1=O)C,-36.067397945762536,550,False,3.670317517798342,0.4498450684070331
c1c(N2C(CC)/C(OC)=C3\CC4=CC(=O)C=C43)COC2=N1,-36.13118405434898,551,False,5.335319197886445,0.7969934847877269
C1[C@H](NCCCCC2CCC3=CC=CC=C2Cc2c3cc(O)cc2)CCC1=O,-36.16599067953939,552,False,5.026323508576809,0.6777500607336345
C1(N2Cc3ccccc3C=C2)CCC(C)(O)C2CCC=C21,-36.19021952534604,553,False,4.2324200018673555,0.7930104408306
c1c(N2C(CCc3ccc(O)cc3)/C(=C\c3cc(O)c(OC)c(O)c3)SC2=O)ccc(O)c1,-36.295576411306456,554,False,3.399416572893161,0.3943184884393308
c1cc2c(cc1CO)[nH]c1oncc1S2,-36.3478959687086,555,False,3.226200950971748,0.6589938870237625
C(N1CCc2ccc(OC)cc2-n2c(=O)[nH]cc21)c1ccccc1F,-36.35408848615788,556,False,2.6230954669458733,0.7982305198174404
CC1C(N2C(/C(=C\c3sccc3F)C)C3=CC=CC=C3CC4=C(O)C(=O)C=C42)CCCC1,-36.36728788127999,557,False,4.351468306888924,0.5635674906548335
CC1C(N2C(COCCn3cccn3)C3=CC=CC(=O)C=C32)=CC=C1,-36.46144290495454,558,False,4.11727666157352,0.7617419436615704
C1CN2Cc3c(Cl)c(Cl)ccc3CC4=CC(=O)C=C4N2C[C@@H]1F,-36.46504264524856,559,False,3.99244142377485,0.7106348106204105
C1(Cl)=C2CC3=CC[C@]23c2c1cccc2O,-36.5623189030448,560,False,4.449926738281275,0.6599609657397827
C1N(C(CBr)C=O)Cc2c(cccc2)CC1CCC,-36.58044336137664,561,False,3.5093373474953324,0.6109205868671348
C1[C@H]2C(=C)CN(Cc3oc4c(c3C)cccc4)C2=CC=C1,-36.59453035730985,562,False,3.722994358438539,0.7474070815010894
C1[C@H](N2CC=C(Cl)C(=O)/C(=C/Nc3ccc(O)nc3OC)C2=O)CCCC1,-36.6161972777436,563,True,3.2631508606234476,0.6052605994824974
[O-][N+](c1cc2c(cc1)C1=C(C/C=C/c3cc(OC)ccc31)C(=O)CCC2)=O,-36.61840518324334,564,False,2.704229258541318,0.5727794151368869
[N+](c1cccc(CC2=C(c3ccco3)C(=O)C=C(Cl)C2=O)c1Cl)([O-])=O,-36.64258267664911,565,True,2.9868619385177784,0.4537074306402998
C1(N2C(CN)C3=CC[C@H](OCC#C)C3CC4=CC(=O)C=C42)CC=NC1,-36.73914029108892,566,False,5.314855857564977,0.618641308253888
c1cc(/C=C/CNc2ccc(N3C(C)CC(=O)C3)cc2)ccc1Cl,-36.77605374722367,567,False,2.9379753397923203,0.8606342704223422
c1c(N2CC[C@@H]3[C@H]2CN2c4c-3cc(O)cc4OC2)cccc1,-36.809270688452216,568,False,3.500842254254218,0.8770388468737742
c1c(N2c3cc(O)ccc3/C(=C/N=C/c3ccc(Cl)cc3)C2=O)cccc1C#N,-36.81094924588285,569,False,2.776663809380354,0.4938623319624816
c1c(F)ccc(Sc2cccc3cc(CNc4ccccc4F)oc32)c1,-36.81639349108752,570,False,2.337010258694429,0.4372652835771467
C1[C@H](CNCC(C=C)=S)c2c(cccc2)C(C)=C1,-36.8686115165583,571,True,3.662324831752903,0.6370812236451815
n1c(N2C(c3ccc(F)cc3)C3=CC=CC=C3Cc4cc(OC)c(OC#N)cc42)c(OC)ccc1,-36.91094951864875,572,False,3.231224445209066,0.3390645158941489
C([C@H]1[C@H]2[C@@]3(CO2)C(O1)C=CC=C3)Br,-36.92346761279623,573,False,5.66231586336915,0.6518900443518164
C1O[C@H](N2c3ccccc3C3=CC=CC=C3CC4=CC(=O)C(Cl)=C42)Cc2c1cc(O)c(OC)c2O,-36.99353709662682,574,True,3.7563085183240705,0.5173435943404965
C1C2C(CCC=C3[C@H](F)C=CC=C3CC4=CC(=O)C=C42)CCCN1C,-37.0844680770133,575,False,5.009275833550103,0.6548051478924128
c1c(S2=C(C)C3=CCC=CC(O)[C@H]32)ccnc1,-37.10874946898866,576,True,5.015399882235003,0.6090104349172434
C1/C(=N\CO)C(CC)(C)C2=C[C@@H](C3=CC(=O)C=C32)CCCN1,-37.137108668571045,577,False,5.75322226003451,0.8213676806058127
n1cnc(N2C[C@H]3O[C@@H](OC)[C@@H](O)[C@H]3O[C@H]3C=CC(=O)C=C23)s1,-37.138100163285685,578,False,5.015182763015522,0.7973712046298248
CC1(C(=O)OC2(OCCCCC)CC=CC=C2CC2=CC(=O)C=C21)CC,-37.15843987438984,579,False,4.514103176188251,0.5164578271578858
COc1ccc(-n2c(-c3ccc4ncccc4n3)cn2C)cc1,-37.18313317917227,580,False,2.429889026705176,0.5822462485843266
C1[C@H](N2C3CC=CC(Br)C(Br)=C(Cl)C3CC4=CC(=O)C=C42)CCC[C@H]1C(O)=O,-37.20610824784558,581,False,4.943143595489721,0.3891249860326691
c1cc(N(Cc2cc3ccccc3[nH]2)C2CCc3ccccc3N2C)cnc1,-37.23956779980608,582,False,3.2284568621065812,0.5517894660173547
S1[C@H](N[C@H](C)Cc2cc(O)cc(O)c2)c2c(cco2)C1,-37.26618165147738,583,False,4.0276699213595535,0.807261562833722
C(\N1C(CC)C2CC=CC=C3CC4=CC(=O)CC423)C(C)(C)O1,-37.2745986395239,584,False,5.441173049137771,0.7974733633999608
C1C[C@]2(c3ncccn3)[C@H](SC1)CC1=CC(=O)C=C12,-37.34264782699961,585,False,4.415522878630863,0.785892616682521
c1c(OC)ccc(Nc2ncc(/C=C(\C#N)C#N)cc2)n1,-37.40294954059164,586,False,2.6510143896629383,0.8631212998506931
C1[C@H](n2c3c(cncc3Br)/C(=N\c3cocc3)C2=O)CN(C)CC1,-37.44867100183342,587,False,3.8282067779194104,0.7925075981116381
c1c(N2CC2)cc2c(c1O)C(=O)c1c(occ1C)C2=O,-37.46393340360919,588,True,2.7356422289578717,0.6829942654737965
C1[C@H](Nc2c3ncsc3c(Nc3ccncc3)n2Cc2ccccc2)CCCC1,-37.47006128308408,589,False,2.7429264599827636,0.4126641944323367
N1[C@H](C)[C@]2(CC[C@@H](O2)c2cccc3ccccc23)C=CC1,-37.50835448935686,590,False,4.388824297210097,0.797297859927563
C1[C@H](N2CC3=C/C(=C\c4c5ccccc5sc4Cl)C(=O)CC(C2)C1)CCCC3,-37.5695113160923,591,False,5.433755919897355,0.4994290115205034
C1[C@@H](n2c(CC)c3ccc(O)c-3n2CCF)CCCC1,-37.61485522158296,592,False,3.1630477791971057,0.8948188787497413
C[C@@H]1N2Cc3c(c4c([nH]3)ccc(OCCBr)c4)CC[C@H]21,-37.67256794105924,593,True,3.81478931123546,0.6872435362027841
C1[C@H]2n3c(cnc3)[C@@H](c3cc(CC)c(O)cc3)N[C@@H]2CC1,-37.68589386320673,594,False,3.947382170845918,0.8906639099870193
C(N/C(=C\CC#N)C1=C2C[C@@H](O2)C(=O)C=C1)C,-37.73220868465046,595,False,5.101041962895486,0.7959927365378924
[O-][N+](=O)c1ccc2nc(SCC(=O)CN/N=C/c3occc3)sc2c1,-37.74753951753382,596,False,2.8645954669458735,0.2782425557595083
O/N=C1\[C@@H](N2C(C)C3=C(CC=CC=C3C)CC3=CC(=O)C[C@H]32)CCCC1,-37.90476380829296,597,False,4.737128562695309,0.5645771536228757
C1[C@H](Br)[C@]2(CC1)C1=CC=CC=C3C=C(OC(C)=O)C(=O)C=C1[C@]23C,-37.93625543808321,598,False,5.855734247737661,0.4973220855403145
c1c(O)c(N2C(CC)C3=C=CC=C3Cc3ccc4[nH]c(=O)cc(C)c4c32)ccc1O,-37.97245679174695,599,False,4.1559495923453325,0.5450465213713346
C1[C@@H](O)C(CC)[C@H]2[C@@H](Cl)C=CC=C3CC4=CC(=O)C(C)=C4C231,-38.092986997381104,600,False,5.651545309469597,0.7487286851640703
C1[C@H](C)[C@H](NC)c2c(c3c2C(=O)OC3=O)CC1,-38.12851117666469,601,False,4.176369006542412,0.741220351273924
C[N+]1(C)[C@H](c2c([N+](=O)[O-])cccc2)CC[C@@H]2[C@](C)([C@@H]1O2)C,-38.13639507234837,602,False,4.919777167591229,0.4772441407083272
Cc1coc(-c2cc3[nH]c(=S)on3c2-c2cnc[nH]2)n1,-38.14170338315853,603,False,3.983395370988255,0.5533074837979959
FS(F)(=O)c1ccc2cc(-c3occn3)n(-c3cccs3)c2c1,-38.20537407125357,604,False,3.95591250024656,0.4364361350708507
C1[C@@H](CN2C[C@H]3N=CNC3=CC(=O)C=C2)C[C@@H](C)C1,-38.212889337156525,605,False,4.682017602845752,0.8207527039082003
C(CN1C(CC)C2=CC=CC=C2Cc2cccs21(=O)N)CCCC,-38.24613588030661,606,False,4.266806689389015,0.7520619024240619
CC(C[C@H]1[C@@H](N2[C@H](CN3CCSCC3)CC3=CC(=O)C=C23)CCC1)(C)C,-38.29083822082816,607,False,4.362189685356432,0.7388471233464089
C1[C@@H](n2c3c(COC=C)c(O)c(C#N)cc3CC2)CCCC1,-38.32430731878367,608,False,3.0896398407032395,0.8625785706527089
C1[C@H](N2CC[C@H]3[C@@H](N(C)C)Oc4c3cccc4)C[C@H]2c2ccc(OC)cc2O1,-38.32755999895744,609,False,4.761014245235486,0.7908940263065541
C1SCC=C2C(Cl)=C1c1cc(OC)c(OC)c(OC)c1C2=N,-38.39389356100583,610,False,4.115744463973881,0.9129764975249968
C1[C@H](N(C2=Cc3c(cccc3)C(=O)CC2COCc2ccncc2)C)CCCC1,-38.41092593729377,611,False,3.314233150811625,0.6876135698411422
C1[C@H](NCCn2c(N3CCOC[C@@H]3C)nc3cc(-c4ccc(OC)cc4)ccc23)CCCC1,-38.46026533185568,612,False,2.973368224168391,0.5594615463894963
[N-]=[N+]=NC1[C@H](N2C(CC)C3=CC(C(C)C)=CC=C3CC4=CC(=O)C(Cl)=C42)CS1(=O)=O,-38.49423645617821,613,True,4.751532895027189,0.385104723303142
c1(C(C(F)(F)F)(C)C2=CCCC1C1=CC(=O)C=CN12)(F)F,-38.52807800087339,614,False,5.236810996139366,0.6685564524477264
C=C1[C@H](N2C(OCC=C)NC3=CC=CC=C3Cc4ccc(O)cc42)CC[C@@](C)(O)C1,-38.54643826826941,615,False,4.331576645165143,0.6498220206695122
C1[C@H](CN2C(CCCO)C3=CC=CC=C3CC4=CC(=O)C=C42)C2O[C@@H]1CC[C@H]2N,-38.622545819444895,616,False,5.3392317967192096,0.8030279305870004
C1N([C@H](c2ccc(F)c(F)c2)CC[C@H](N2C(CC)C3=CC=CC=C3CC4=CC(=O)C=C42)CC[C@@H]1C)C,-38.65492097711683,617,False,4.547002358332081,0.4666477568172376
COC[C@]1(N2C(CC3CCCO3)C3=CC=CC=C3CC4=CC(=O)C=C42)[C@H](c2ccccc2)OC1=O,-38.68445110380071,618,False,4.450336783725173,0.5877906790216574
F[C@H]1[C@H](N2[C@@H](Cc3c2c(Cl)ccc3)C2(Br)CC4=CC(=O)C=C42)CCCC1,-38.71454593286586,619,False,4.559967790685674,0.5844819542776004
C1[C@H](N2C(c3ccccc3Br)C(CN3C(=O)CCC3=O)C=CC2=O)CCCC1,-38.73716772211424,620,False,3.6513238973514266,0.6591447543906845
C1[C@@H](N2C=C3C(N=Cc4ccccc42)=CC=C3C=O)CCC1,-38.74827217760321,621,False,3.438042883813976,0.7765859185675025
N1=C(N2C(CC)C3=C2C(F)=CC(=O)C=C3)CC2CCN21,-38.76481039776581,622,False,4.358095022574128,0.7870527824311709
C1[C@H](N(C)C2=C(CC)C=C(CC)c3c2cc(OC)cc3)[C@@H](O)C=C1,-38.86911681116908,623,False,3.5715563782631685,0.8402369431183893
c1(C(N2C(C)C3=CC(Cl)=CC=C3C3=CC(=O)CC[C@]32C)=O)ccc(C)cc1,-38.92987573800838,624,False,3.4579670837575547,0.6674546192489169
c1c2[nH]c(-c3ccccc3F)cc2cc2c(cc1)sc(CCC)c2,-38.97274821640599,625,False,3.4169833534405676,0.7267168149068509
C1[C@H](C[C@@H](N2Cc3ccccc3CC=C3C=CC(=O)CC(=O)C=C23)O)CCCC1,-38.9875672909717,626,False,3.706645464968058,0.7831806525359194
C1[C@@H](N2Cc3ccccc3C=C3CC4=CC(=O)C=C41)CN1[C@H]3OCCC[C@H]1C2,-39.00211693897177,627,False,6.232283034353535,0.6975866010854274
C1[C@H](N2CC3=C(/C(=C\c4[nH]c(C)nn4)CCl)CC=C=C3CC4=CC(=O)C=C42)CCCC1,-39.0988114669226,628,False,4.509837549756243,0.5376705546750018
C1(N(c2ccccc2F)CC)C2=CC(=O)C=C2CCC-1,-39.140505459736346,629,False,3.3020172468775977,0.8362092368330934
C1[C@H](N2C(/C=C(/C)SC#N)C3=C/C=CC=C3CC4=CC(=O)C=C42)CCC[C@@]1(O)O,-39.14498932515107,630,False,4.586617428056143,0.5857456085666076
ClC[C@]1(N2[C@@H](CC)c3[nH]cc(C(O)=O)c3CC4=CC(=O)C=C42)CCCC1=O,-39.17815964701526,631,False,4.554931391449863,0.7730697827430473
[C@]1(N2C(=C)c3cc4ncsc4cc3CC2=O)(C)Cc2ccccc2C1,-39.18351036988861,632,False,3.2339127746381813,0.6612191759340273
c1cc(Oc2c(C)nc3ccc(-c4cnc(C)n4O)cc3n2)ccc1F,-39.18873519223735,633,False,2.573080632914804,0.5584243949001055
[C@H]1(OC)[C@@H]2[C@@H](CC1)C=C1C(c3ccc(OC)cc3OC)=CCN12,-39.21267727063969,634,False,4.000351509218145,0.8545478038413632
C1[C@H](N(CC)Cc2c(O)ccc3ccc(O)cc32)c2c(c(O)cc(O)c2O)O[C@H]1CO,-39.23887511574594,635,True,3.877350306738388,0.2702811389186107
C1[C@H](NC(C2C=CC(OC)=CC2)=O)CCC[C@]1(C(=O)OC)CC(C)=O,-39.24586778744333,636,False,4.135324936543787,0.7441859687180962
C1[C@H](N2C(CC)(c3c(F)ccc(F)c3)C3=CC=CC=C3CC4=C(C(O)=O)C(=O)C=C42)CCC[C@H]1OC(C)=O,-39.321532548191215,637,False,4.259965766200143,0.4303347183823124
C1[C@H](N2C(CC)C3=CC=CC=C3CC4=CC(=O)C=C42)C2C1CC(=O)OCN2C=C,-39.366099325594405,638,False,4.794654158294174,0.7396991886275702
C1(Cl)=C(OC)\C=C/C=C2\C=C(C)C(=O)OCC12,-39.37195052451068,639,False,4.099811878619162,0.6733970152106066
O=C1OCCN(C2CC3C(=O)C=CC=C2CC2=CC(=O)CC23)C1,-39.47552488934798,640,False,5.237073246522294,0.6808468354820133
C[C@H]1[C@H](N2[C@H](c3ccccc3)C3=C(Br)C=CC=C3c3c2cc(Br)cc3O)C[C@@H](C)C1,-39.491072321316096,641,False,3.9015696948505063,0.3661109765593385
C1[C@H](NC(C)(C)[C@@H]2[C@H]([C@]13C)OC(C)=C2CC1=CC(=O)C=C31)C,-39.52748707299361,642,False,6.157004138424963,0.7457680198711882
C1[C@H](C#CCOCCO/N=C(\C\C)C2=CC(=O)C=C2)CCCC1,-39.55945509539288,643,False,3.4207590611483454,0.3128625768165347
C1[C@@H](S(COC)(=O)=O)[C@H](N2C(CC)C3=CC=CC=C3CC4=CC(=O)C=C42)C[C@@H]2[C@H]1COC2(C)C,-39.60194682276472,644,False,5.009852540322636,0.6282602627184122
C1CCn2c3nc(/C=C/C=C/C(=O)C2=O)ccc13,-39.62468537321092,645,False,4.317508577410688,0.6458181191137828
c1(N/C(=N/O)SCn2c3ccccc3nc2N)ccc(SC)cc1,-39.63666627278644,646,False,2.800993339107075,0.2152973014714878
c1c([C@H]2Nc3c(cc(F)cc3)C3=CC(=O)C=C32)c2cccc(C)c2[nH]1,-39.64058190777382,647,False,3.4078696917113858,0.6806025495301151
c1cc(CCNC2=CC[C@H]3[C@H](C=O)C[C@@H](O)C32)ccc1Cl,-39.66799158627282,648,False,4.0214443956666575,0.8221281185099654
c1([C@@H]2C[C@H](Cc3cc(OC)c(OC)cc3OC)O2)c(Br)cccc1[N+]([O-])=O,-39.67414238144147,649,False,3.2690874080818784,0.4694099685186827
CC1=C(N2C(c3nn(-c4ccc(C)cc4)n3C)C3=CC=CC=C3CC4=CC(=O)C=C42)OCC=C1,-39.691775966696696,650,False,4.107203629590413,0.5816323278360469
C1[C@@H](N2C(CC)/C(=C\Br)C(=O)Nc3ccccc32)CCC[C@]12OCc1ccccc12,-39.79939299438752,651,False,4.5143726354166915,0.5620275743994205
C1(N2Cc3ccccc3C3=CC(=O)C=C32)C(F)C(F)(F)[C@@H](C#C)C1,-39.90643855094834,652,False,4.621224938940101,0.7366684426339988
C1[C@H](Cn2nc3n(c2=S)sc(N2CCNCC2)n3)C=CC=C1,-39.95485279243576,653,False,4.2986100967451675,0.8685699417630053
c1ccc(N2C[C@H]3Cc4c(ccc(C)c4OS(=O)(=O)O3)CCC2)cc1,-39.95771839131697,654,False,4.461052192242584,0.7833821439527487
c1c(N2C(=O)N3CCCC32)cnn1-c1c(O)cccc1C(F)(F)F,-39.96296309229814,655,False,3.565073188342213,0.9157220948634348
c1c(COc2cc(COC(c3cccc(F)c3)=O)ccc2CC2=CC(=O)C=C2O)cccc1,-40.16569411961217,656,False,2.4427016121997394,0.4803256433118838
C[C@H](n1c(=O)[nH]c(COc2cc(F)ccc2)c1Cl)c1ccc(Cl)s1,-40.2118354957737,657,False,3.2171152090081145,0.6789823362004391
[nH]1c(=O)cc(-c2cc([C@H]3Oc4cc(OC)c(OC)cc4OC[C@H]3OC)ccc2)o1,-40.21869113106118,658,False,3.508420764478756,0.70438453786926
C[C@H](N1C2(CCCCC2)C2=CC=CC=C3CC4=CC(=O)C=C42)[C@H]2C(=O)O[C@H]3[C@H]1O2,-40.497498349632224,659,False,6.8347204160267205,0.5933350270485118
C1[C@@H](N2C(C)C3CC(OC3C)=CC=C3CC4=C(OC(=O)C)C(=O)CC[C@@]423)CCCC1,-40.56188601480807,660,False,6.47662209888025,0.6226774464068962
C1[C@H](N2C3=C/C(=C/c4[nH]ccc4)C=C3CC4=CC(=O)C=C[C@]42C1)C(C)C=C,-40.68969719195184,661,False,5.50335410950734,0.7959244074520748
C[C@@H]1[C@H](N2C(c3nc(C)oc3-c3cccn3C)C3=CC=CC=C3CC4=CC(=O)C=C42)CCSC1,-40.77738917736042,662,False,4.567782367699724,0.506971400352198
CN([C@@H](C(C)CN1[C@@H](Cc2ccccc2)c2cc3cc(OC)ccc3cc21)C)C,-40.91549054053212,663,False,3.5917708757426823,0.5285390290083354
C1[C@@H]([C@]2(OC)OCC3=C(Cl)C(=O)C=C23)C[C@@H]2C[C@H]1C=C2,-40.94664730301679,664,True,5.651267255298494,0.7341702208420257
C1CCCC2(CC3CCCC3=CC4=CC(=O)C=N4)CCCCC21,-40.95517889550183,665,False,4.082172708146587,0.6866946013013243
C1/C(=N\C2CCCCC2n2ccnc2C)Cc2cc(OS(C(F)(F)F)(=O)=O)ccc21,-40.95547458572628,666,False,4.014996868943438,0.5280068757224707
C1[C@H](c2coc3c2nccc3-c2c(Br)c[nH]c2F)[nH]cc1,-41.158932717640255,667,False,4.246594610645349,0.7271596150178249
C1=CC/C(=C/NCC[C@H](C)C(=O)O)C(C)=C1C,-41.18299867957876,668,False,3.745912127676303,0.7203233600964658
CC(C)([C@H]1[C@@H](O[C@H]2C[C@@H]([N+]([O-])=O)C3=CC=CC=C2CC4=CC(=O)C=C43)CCCC1)C,-41.198974672378085,669,False,6.010120495317064,0.4700238139555565
C(=N/CC=C)\n1nc(SC)c(-c2ccccc2O)n1,-41.23792858659726,670,False,3.5099438153193887,0.3935059406481931
C1[C@H](N2C(CC)/C(=C\CC(C)C)c3c(c(=O)occ3C)C2=O)C(C)CC1,-41.26480745564996,671,False,4.335057733144198,0.777498052941054
c1c(O)ccc(N2C(CCNC(c3occc3)=O)C3=C(O2)CC=CC=C3C)c1,-41.26634775291996,672,False,3.644714034385439,0.8198067469403338
O=C1/C(=C/c2ccc(F)cc2F)C2=CC=CC3=CC(=O)C=C3[C@@]2(S)CC1,-41.26855334382529,673,False,4.018223814334546,0.592014298230706
Fc1c([C@@H](N2[C@](C(F)(F)F)(CCl)c3cccc(F)c3C2)C)ccc(F)c1,-41.27757670042217,674,False,3.847758919075501,0.478978698900363
Brc1c(CN(C)C)cc(OC(C)C2=CC(=O)C=C2)c(Cl)c1OC,-41.278655728627314,675,False,3.622074605679794,0.7231980835538456
Fc1c(N2C3=C(C(C)(C)C)C=CC=C3CC4=CC(=O)C(C(F)(F)F)=C42)c(Br)c(C(F)(F)F)cc1,-41.28325484095444,676,False,3.5102072462691716,0.3377612183143306
C(N1C(CN(CC)C)C2=CC/C2CC3=CC(=O)C=C31)C1=NCCS1,-41.29392792488829,677,False,4.658245511193832,0.7187804127836271
[C@@H]1(N2CCC3[C@](c4cc(Cl)c(O)cc4CC3)(N)C2)CCCC[C@@H]1O,-41.36655014450668,678,False,4.056031995514099,0.7280686794457641
c1cc(CN2C3=Cc4cnccc4C(N3)C2=O)c([N+]([O-])=O)cc1,-41.40376665029862,679,False,4.138442203574963,0.6915658137960566
C1=C(c2cnc(/C=C/C=C/C(O)=O)[nH]2)OCC/C1=C\c1ccccc1,-41.41067400114707,680,False,3.328426157146085,0.6420158191909042
[C@H]1(N2[C@H]3c4c(cccc4F)C2=CC=C3C[C@@H]2C[C@H]12)CCC,-41.476905819696185,681,False,5.413632686664069,0.7610165508095289
n1ccnn1C1OC1(C2(O)OCC)O2,-41.49317407608192,682,False,5.557247490757906,0.5071734274287261
C1[C@@H](C(=O)C=C)C2=CC[C@H]3C=CC4=CC(=O)C=C[C@]42O[C@]3(C)C1,-41.562338289899344,683,False,6.398136110338498,0.5808028434002862
[O-][N+](c1c(-n2c3c4ccncc4c-3c(=O)c3ccccc32)ccnc1)=O,-41.56634005582731,684,False,3.0713747202328907,0.3631486634101403
C1C[C@@H](N2C(C)[C@@H]3[C@@H](Cl)Oc4ccc(O)cc4[C@]32C)Cc2c(C)cccc21,-41.59424850629512,685,False,4.443318583826711,0.721030037091651
C1[C@H](N2C3=CC=C4[C@@]5(OC4O2)C=CC=C3CS5)CCCC1,-41.63136253225093,686,False,6.216945577516538,0.7363760298447852
C1[C@H](N2CCC3=CC(=O)CC[C@]32N)C(C)(O)C(N)=C1,-41.648917148361534,687,False,4.85162194926856,0.6191642489580028
C1[C@H](n2cnc3cc([N+]([O-])=O)c(=O)n4c(ccn4)c(F)c(F)c23)CCCC1,-41.722811843193256,688,False,3.9207626359962457,0.5899847328989115
C1(N2CCCC(CCC)=CCN3C(CC#C)=C3CC4=CC(=O)C=C42)CCNC1,-41.72340322827745,689,False,4.690488900176594,0.6007567557952048
CCC(CN1C(CC)C(C2Oc3ccccc3C2)=CC1=O)CCCCN,-41.837508126716784,690,False,3.9502928038595506,0.686629537075601
c1c(N2Cc3ccc(F)cc3C(=C)C2=CC2=CC(=O)C=C2C)c(Cl)oc1,-41.87222657580304,691,False,3.6962914494215102,0.7077601390060309
C1CN(C)C2=C/C(=C/Cl)[C@]3(C4=CC(=O)C=C43)C2OCC1,-41.87349110186551,692,False,4.901223961521653,0.6863115585186951
C1c2c(n(C(C=C)(C)C)cc2)N2C=C=CC=CC=C12,-42.01949156975206,693,False,4.636454071729645,0.5707319479672529
c1c(C2C(CC)C3=CC=CC=C3C2N2CC(O)C(O)(CO)O2)cccc1,-42.05630718513157,694,False,4.270123112655982,0.7849105480446691
c1c(N/C(=N\O)N)cc(OCC2=Cc3ccc(Br)cc3C=C2)cc1,-42.17649954502258,695,False,2.218419426063596,0.270434622351501
Nc1cc2c[n+](CC)cc(CC(n3ccnc3)=O)c2nc1C,-42.21658040830107,696,False,3.380277451479561,0.7432071406993094
[C@@H]1(N2[C@H](C)c3cc4[nH]c(=O)oc4cc3[C@@H](OCC)[C@H]2c2ccccc2)CCCC1,-42.274223843423016,697,False,3.9077265578654377,0.6579601267641704
C1[C@H](N2C(=S)C[C@@H](C)[C@H]3[C@@H](O)C=C3CC4=CC(=O)C=C42)SCC1N(C)C,-42.36482913804957,698,False,5.745251599375758,0.5777699261357608
C1C(N(C[C@H](N2C(=N)/C(=C\[S+](C)[O-])C)C3=CC=CC=C3CC4=CC(=O)C=C42)CC)CCCC1,-42.39568527644042,699,False,4.551264519674973,0.3687733933779998
C1[C@](N2C(CC)[C@@H]3C[C@@H](Oc4ccccc4)CC=C3C[C@@H]2C)(Cc2c[nH]c3c2cccc3)CCCC1,-42.47468971025228,700,False,4.265732122723914,0.3598097918399197
C1[C@H](F)[C@@H](N2C(CC)C3=CC=C[C@H](c4cccc([N+](=O)[O-])c4)[C@H]3C2)CCC1N,-42.48961798292135,701,False,4.689873964234497,0.6254910251715203
C1[C@H](N(C(CBr)C)c2[nH]c3ccc(C)nc3c2)CC[C@@H]1O,-42.54236507153837,702,False,4.1475863985159975,0.8298682502607382
CN(C)C1=C(C)C2=Cc3cccn4c(=O)oc(c43)CC2(C)C1,-42.57962206336401,703,False,4.335976238951009,0.8114083394147901
C1C(Oc2c(C=C3CC=CC=C3Cc3cc4c(cc32)OCC4=O)CC)CCO1,-42.6244118782065,704,False,4.0735378200848364,0.7759168921407613
C1([C@@H](N)Cc2c(nnn2-c2cccc(F)c2)Cl)(O)CC1,-42.75065759487086,705,False,3.4573226425345727,0.8952094321255617
O[C@H]1[C@H](N2C(CC(C)c3cc(F)ccc3)C3=CC(=O)C=C32)CC[C@@](c2ccc(O)c(O)c2)(O)CC1,-42.81041150071462,706,True,4.509405276036381,0.3821211922442505
Fc1c(C(O)(CO)c2c3ccccc3[nH]c2)CC[N+]12CCCC2,-42.83890371339976,707,False,4.486286474253111,0.6017900437080079
C1[C@H](N2C([C@@H]3c4ccccc4-c4c3[N@@+]([O-])=O)C[C@H](F)C42)CCCC1,-42.85591566028688,708,False,5.223132347770029,0.6108886227210205
C[C@H]1C[C@@]2(O)C3=CCOC=C3CC4=CC(=O)C=C4n2CO1,-42.89827869952023,709,False,5.044346896197856,0.7291849454724053
c1cc(/N=C/c2nnn(-c3ncc[nH]3)c2)cc(Oc2cc(Cl)ccc2OC)c1Cl,-42.90298859417089,710,False,3.018667668773973,0.4428654984529796
C1(C)(N(C=O)CCc2ccc(Br)cc2)CC=C(c2ccccc2)C1(C)C,-42.9389325541847,711,False,3.336947523502092,0.5558281842299135
C1[C@H](N2[C@H](C)C3=CC[C@H](Cc4c3cccc4)[C@H]3[C@H](O3)[C@@H]2F)CCNC1,-42.96524993183266,712,False,5.570679567059904,0.6275874264084501
C[C@H](N1C(c2cc(OC)ccc2)C2=CC[C@@]3(CCC=C[C@]31C)CCCC2)CC,-43.02881850500489,713,False,5.485356012736043,0.5312202712146107
C1C[C@H](N2C(=S)/C(=C\c3ccccc3)c3cc4cc(O)ccc4cc32)[C@H](CCC=C(C)C)C[C@@H]1C,-43.045754039894746,714,False,3.98605358924343,0.2237021047606439
C[C@H]1[C@@H](N2C(CN)[C@H]3CCc4c(c5c4C[C@H](O)CC5)O[C@@H]3CC4=CC(=O)C=C42)CCCC1,-43.11611336223132,715,False,5.189824747633068,0.6867566456887947
C1[C@H]([C@H]2C(=C[C@@H]3CO[C@H]3C2)CC[C@H]2[C@@H]3[C@@H](O)C=C3CC4=CC(=O)C=C42)CCCC1,-43.12510790898932,716,False,5.26390818054549,0.7067622518580166
[C@H]1(NC)CC[C@@H]2[C@](C)([C@H]1O)[C@@H]1N=C[C@H]2O1,-43.13124948128825,717,False,5.986300493930003,0.6480245236259405
C1[C@H](N2C(C3CC3)C3C(NCC(=O)C#N)=C[C@@]32C#N)CCCC1,-43.13761184878183,718,False,4.716193725463439,0.7841825838867094
C1C(CN2/C(=C\c3cocn3)Sc3c(cccc3)N2)(C)CCCC1,-43.19314920917532,719,False,3.5320904421265302,0.8116741916350426
c1c(C2=C(c3cccc(O)c3)C(CN)C2)cc2c(C)cccc2n1,-43.287942385449696,720,False,3.1006776809294427,0.7632924474075126
C1CN2[C@H](CC)/C(=C\CC)c3c(c(O)ccc3Br)OC2=C=C1,-43.363604110783626,721,False,4.574020472771128,0.7658994572290344
C(N1CC2=CO[C@H]3C[C@]23C1=CC=C1CC2=CC(=O)C=C21)(=O)CCC,-43.369304198764894,722,False,5.2863425620463005,0.8027337242290219
CN1C/C(=N/c2ccccc2C2=C(C(C)C)C(OC)CC2)C=C1,-43.39868063221138,723,False,3.9906776367926007,0.8212247782597131
C(N1C(Cc2ccoc2)C2=CC=C/C1=C1/C(=O)c3cccn3CC2C1=O)C,-43.42273765441939,724,False,5.437167705145889,0.7892622397302941
CCCC([n+]1c2ccc3c(OC)c(CC)c(OC)cc3c2[nH]c1)O,-43.459258335497,725,False,3.694871580994336,0.6808054566601817
C1[C@H](n2c(C#CC)cc3ccccc3c2=O)[C@@H]2[C@]13C(=O)NC(=O)N32,-43.5934768844204,726,False,4.775766451137233,0.4839895775637203
FC1(F)SC2=C(/C(C3CC3)=C/C=C3\SC(=S)N=C32)CCC1,-43.60306236303688,727,False,3.6556809085677626,0.6015592329849924
[C@H]1(OCl)[C@@H](O)[C@H]2[C@@H]3[C@H](C)[C@@H]2CC[C@H]2C3=CC(=O)C=C21,-43.60659355818575,728,False,6.43021547539144,0.8012583214184105
C1[C@@H](OC)c2ccc(OC)cc2/C1=C\c1nc2c(cc1Br)CC1=CC(=O)C=C1-2,-43.6276716733546,729,False,3.953659846351252,0.6847027727556634
C1[C@H](n2c(-c3ccc(-c4sccn4)cc3)c3n(nc4nncc34)ncc2=O)CCCC1,-43.64253822002797,730,False,3.239231797247882,0.4282696152622048
CN1[C@H](c2ccc(O)cc2CO)CC[C@@H]2[C@@H]1Cc1ccoc1CO2,-43.87450532788535,731,False,4.171426236798634,0.8867532445760571
C(n1c(Cl)nc2nc(Br)cc(Nc3occc3)c12)CBr,-44.02269349323251,732,False,3.614097171909655,0.4959438030886984
c1c([C@@H]2C[C@@H](c3sc(OCc4ccccc4)nn3)N=C(NO)C2=O)cccc1,-44.07510258960747,733,False,3.698490820428349,0.6447835341360106
C(N1C(C)=CC=C(C)C2CC3CN2C1=CC(=O)C(C)=C3)CC,-44.08881405136185,734,False,5.207452329903502,0.7776535112280484
c1c(N[C@H]2C3=C(C)N(c4ccccc4)CC(=O)C=C2CS3)cccc1,-44.10351181993292,735,False,4.032010712471804,0.8874474258663292
O1c2ccc3c(c2N2C(C=C)C3=C[C@H](OC)C1)OCO2,-44.20253226605792,736,False,6.276945316844232,0.7720068991353944
C(ON(C=O)CC1Oc2c(OC)c(OC)c(OC)cc2O1)C#C,-44.3564918655502,737,False,3.9491577477393456,0.3983742270423531
c1(-n2n(O)n(-c3ccccc3CN(C)C)nn2)ccc(F)cc1,-44.45407703819546,738,False,2.9624633232696915,0.9394113012088467
C1N2CNC(c3ccccc3)C2COc2c(OCc3ccccc3)nc3ncccc3c21,-44.48130525723536,739,False,3.7004267489308535,0.5329259797717826
C1[C@H](NC(c2ccc(C#N)cc2)=Nc2c(/C=C/Br)cc3ccccc3c2O)CCCC1,-44.583031471779805,740,True,2.932405242063936,0.3234676154947792
c1c(N2C(=O)/C(=C\CC=C\c3ccn(CCCCN4CCCCC4)c3C)C2=O)cco1,-44.67049119744843,741,False,3.262934472833166,0.2577810768590707
C=C[C@H](NC(C/C(=C/C)C)=O)CC1N(C(OCC)=O)CCCC1,-44.705311281839386,742,False,3.734564806981279,0.7307320794238306
Clc1c(N2C(C(=O)OCC)c3cccc(OC4CCCC4OC)c3CC4=C(Br)C(=O)C=C42)cccc1,-44.72617781108988,743,True,4.192786780713784,0.3917415856647385
Br/C(=N\Nc1sc(-c2cccc(-c3[nH]c4ccccc4n3)c2)nn1)Cc1ccccc1Cl,-44.7706958628587,744,False,2.7699038045890614,0.1902072419085874
C1[C@H](N2C(Cc3cn[nH]c3)C3=CC=CC=C3CC4=CC(=O)/C(=C/c3cc[nH]c3)C42)C[C@@H]2CC[C@@]21O,-44.812625676921925,745,False,5.060789505814926,0.5046636154123714
C(c1c(N2C(CC)CCCC2)c2[nH]c3ncnc(Cl)c3c2n1C)(OC)=O,-44.84045209032797,746,False,3.5526649102249586,0.5581185179947344
C1CC[C@@H]2[C@H](N3[C@H](CF)c4cc(OC)ccc4[C@@H](C)OC[C@@H]32)CC1,-44.87160953831335,747,False,4.331933197497806,0.7990126758776726
C1NC2=CC=C(CC1CC)C1=C/C(=C\C2(Cl)Cl)C(=O)C(Cl)=C1,-44.91920629474066,748,True,5.943169681573959,0.6977257392365734
C1C(=S)n2c(NS(Cc3ccccc3)(=O)=O)ccc2CC12CCC(C)C2,-44.98071178383509,749,False,4.3677179151507834,0.7920317760204755
c1c(/N=C2\SC=NC2=O)cc(N(C/N=N\CN2CCCCC2)C)cc1,-44.99986593426274,750,True,3.814758085491711,0.7314441851202758
N[C@@H](C#N)N1C(CC)C2=CCN=C2c2[nH]cnc2C1=O,-45.00835460048256,751,False,4.831517752475805,0.7980043567885463
[C@H]12[C@](O)([C@@H](C)C1)[C@]1(O)OCO[C@@]2(C1)C,-45.065847196266986,752,False,5.943817009762303,0.5873606535395844
c1cc(N2C(C)=CC=C3C(=C(Cl)F)C(=CC(=S)S3)C2=O)ccc1F,-45.08066959099568,753,False,4.2454755203151455,0.6886853500517647
C([C@H]1Oc2c(oc(=O)c(O)c2CC/C=C/c2ccccc2O)[C@H]1O)(=O)C,-45.1860973248568,754,False,4.022181995998578,0.7488654298532307
C1[C@H](NC(=O)N2COOC(/C(C)=C\Br)C3=C=CC=C3CC4=CC(=O)C=C42)CCCC1,-45.28410855887927,755,False,5.243905934863134,0.4656860135577617
[C@H]1(O[C@H]2C[C@H]3CC=CC=CC=C3C[C@@H]2O)[C@H](OC(C)=O)[C@H]2CC[C@@H]1C2,-45.35913877469648,756,False,5.532391801623481,0.798192800971914
C1[C@H](N2[C@@H]([C@H](Cl)COC2=O)C[C@]2(C)CC[C@H]3CC4=CC(=O)C(C(O)=O)=C[C@@]432)CCCC1,-45.53707480487947,757,False,5.397516993885846,0.5075674907310117
C[C@H]1[C@@H](N2[C@@H](c3ccccc3)CC[C@]3(C)[C@@H]2CC2C(=O)C=C(O)C23)CCC1,-45.60411295407948,758,False,4.5286475622084845,0.797345877868193
CCCCN1C2=Cc3c(c(O)cc(CC)c31)C(=S)N(c1ccc(OC)cc1)C2=O,-45.67822141635406,759,False,3.5038977699364855,0.4462299428908251
C1C(N2C(/C=C\CC)S/C(=C/c3ccc4c(c3)OCC4)S2)C(=O)CC1,-45.800636872305176,760,False,4.313637883912824,0.5453383635266995
C1[C@H](N2CCC3(CCCC3)Cc3n(-c4c(C)cncc4Cl)ccc32)CCC(C)C1,-45.85365324508712,761,False,3.61455205837465,0.5459768663913155
C(c1coc2c1c(-c1c(O)cccc1F)cn2-c1ncsc1)(CC)C,-45.88829888979717,762,False,3.76030598640261,0.5097530614826651
O1C(N2C[C@@H]3C[C@H]2Cc2c(CC)c4cc(O)ccc4[nH]2)C=CC1=C3C,-45.91665407177061,763,True,5.644427786645617,0.8944256647550539
C1[C@@H](N2Cc3c4c(c[nH]c4=O)-c3c2OCCO1)COCCBr,-45.99243411403586,764,True,4.465385322336886,0.5831308916107609
N1(CC)C2=C-c3c1ccc1c3CC[C@H]3C[C@@H]1C2=CC(=O)CC3,-46.04022009275423,765,False,4.999823390279876,0.760171011669337
ClC1[C@H](N2[C@@H](CN(C)C)C3=CC=CC=C3CC4=CC(=O)C(SC(C)=O)=C42)[C@H](OC)CCC1=O,-46.12583891347776,766,False,4.7287913979783385,0.587421935386933
O=C(N1Cc2ccc(OC)cc2C/C1=C\c1c2c(cc(OC)c(OC)c2OC)[nH]c1CCC)N1CCOCC1,-46.23395061836345,767,False,3.239120096171682,0.4581114860327659
C1[C@H](N2[C@@H](CF)N(Cc3ccon3)CSC(=O)CC2)CCCC1,-46.38096131218498,768,False,4.001464887521205,0.8389377567387426
c1c(N2CC3(OC3)[C@@H]2C3=C(c2occn2)C3=O)cccn1,-46.39994692022674,769,False,4.53443564177043,0.6738610615965456
C1CN(C2(CCO[C@@H]2Oc2nc3cc(F)c(F)c(F)c3nc2)C)CCO1,-46.40973235297906,770,False,4.068861413877996,0.7740058972268062
c1cc(/C=C2/C(CCC=C)=CC(=O)C=C2c2c3ccccc3n(C(C)C)c2O)nnc1,-46.523984276291685,771,True,3.456776081224776,0.531536722871117
C([C@@H]1N(c2ccccc2)Cc2c(cc(C#N)cc2)O1)N1CCC(=O)C=C1S,-46.53189241146311,772,False,3.584684062343179,0.8318200068576919
FC(c1c(N2S(c3oc4ccc(Cl)cc4n3)(=O)=O)CC(C)=C2ccc1=O)F,-46.54022705553621,773,False,4.2699491544436246,0.7654121673122158
C1[C@]2(CC[C@H]1n1nc(CC#Cc3ccc(N(C)C)cc3)nn1)NC=N2,-46.57406108372379,774,False,4.697583736707841,0.8584018723138236
c1c(N2C(CC)C3=CC=CC=C3/C(Cl)=C4\C(C)(O)C(=O)C/CC42)cccc1Br,-46.726577613007066,775,False,3.917343864016173,0.6106806673144382
CC1(C)/C(=C\C(=O)CC(C)(C)c2ccc3ccc(O)cc3c21)c1cccnc1,-46.7853422294728,776,False,2.8864039943668054,0.609817928537576
c1c(Cn2n3c(nc(CNc4ccc(Br)cc4)n3)c(Cl)cc2=S)cccc1O,-46.838930974147615,777,False,2.9691723523549705,0.3949473053396571
Brc1cn2n(c(CCC(C)Oc3c([N+]([O-])=O)cc([N+]#[C-])cc3)n2)cc1,-46.87147267853811,778,False,4.027888592810287,0.3527964109409113
C1[C@H](CNCc2csc3c2C=CC=C2CC4=CC(=O)C(=N)C=C4c3c2)CCCC1,-46.87890910655199,779,True,4.50115570859913,0.6429294167677693
O1[C@H](N2CCC[C@H]2/C=C2\C=C\CC2)C(=O)C=C(Cl)C[C@@H]1C,-46.981991622134046,780,False,4.819504377655501,0.7810881877257102
COC(N1C(c2ccccc2)C2=CC=CC=C3CC4=CC(=O)C(C5CCC4=CC2C5=O)C=C31)=O,-47.02329898165044,781,False,6.50439360188439,0.5912160447014997
c1c2c(nc[nH]2)n2c(c1)c(N)nc2/N(C)CC#C,-47.02535380539803,782,False,3.5568109011050364,0.651436832175892
C1[C@H]2N3CC(c4ccoc42)=C=CCC3Cc2c(Br)c(O)ccc21,-47.034867026708525,783,False,5.431419986962152,0.7060756540385691
C1[C@@H](N2C(C)(C)C3=CC=CCN3C2=O)COC(c2cc3ccc(OC)cc3nc2)=CC1,-47.28469633125314,785,False,3.928983092585716,0.7243265843126855
C1C2C(C)(C)CC3=C(C(C)CC4=CC(=O)C=C43)C=CCC(C2C=C)C1,-47.411987838499954,786,False,5.979944841612659,0.5404577042329098
s1c(Sc2c(CC)cn(Cc3cn(-c4ccccc4C(F)F)c(=S)[nH]3)n2)ccc1Cl,-47.44131478420297,787,False,3.490416295181631,0.2842068778413038
c1c([N+]([O-])=O)cc(O)c2c1[C@@H](C/C=C(\CC1CC1)CC1=CC(=O)C=C1)O2,-47.471404445790085,788,False,4.026960168391449,0.4481563454865008
C1N(C)[C@@]2(CC=C[C@H](CO)[C@@H]2CO)C[C@@H]1c1c2c(n[nH]1)cccc2,-47.4866114515753,789,False,4.998662904324466,0.7530457174367055
c1c([C@H]2[C@@H](CC)C3=CC(Br)=C(Br)C(=O)C=C32)cc(Br)cc1CN(CC(C)C)C(C)(C)C,-47.53478348557508,790,False,3.998796710600706,0.3270645016330658
C1N(CC)Cc2c(cc(C/C=C\C(=O)Nc3cc(C)ccn3)cc2)CCC1C,-47.66321700932053,791,False,3.043086577120482,0.7787306470651526
C1[C@@H](N2CC[C@@H]3[C@@]4(c5cc6c(OS4(=O)=O)cccc6cc5O3)C=C2)CNC1,-47.75316368980725,792,False,5.848456230303361,0.759828360915405
C1C(N(C2NCC=C)c3ccccc3CC3(Br)CC(=O)C=C23)C1Cl,-47.836042492145566,793,False,4.692501030430017,0.6116702258192209
C1CCN(C2(CC)C3=C(C(=O)C=CC3=O)C(CC)=C2)CCC1N1CCCO1,-47.848878690173706,794,True,4.411985761080231,0.7122980697562952
C1[C@H](n2cncc2)CC[C@H]1N1CCC(O/C=C2\CC=CCCC2)=CC1=O,-47.96235000481943,795,False,4.373839938056521,0.6040769834251838
c1n[nH]c(N2C(C)c3ccccc3C[C@]4(OCC)[C@H](Sc3ccccc3)CC(=O)C=C42)c1,-47.974482127371175,796,False,4.295241829644084,0.5755037152815773
C1O[C@@H]2[C@@](C)(C3=CC=CC=C3Cc3cc4c(O)ccc(c32)n4C)[C@H]1CO,-48.14780997048365,797,False,5.38524406299322,0.8184461205875229
CC1C=Cc2[nH]nc[n+]2CC1C1(O)SCC=C1,-48.15424805310249,798,False,5.703305062768756,0.5766092032494893
[C@@H]1(N2C(CC)=CCCCC2)CC2=CC(=O)/C(=C\CCCC)C=C2C[C@@H]1N,-48.20897315937509,799,False,4.406355800572381,0.5692200304743098
FC(CN1C(C)C2=CC(=O)C(N3CCN(C=O)CC3)=C2Cc2c(Cl)cccc2C1(Cl)Cl)F,-48.40136287678638,800,False,4.24752582730131,0.353521707162916
s1c(Nc2c(-c3cccc(NC(=O)C(N5CCOCC5)=O)c3)ccnc2)n[nH]c1=O,-48.4469662838375,801,False,2.768884642817767,0.5383538690534599
c1cc2c(c(OC)c1O[C@H]1[C@H](N3C(=O)C=CC1)CC[C@@]2(OC)COC3=O)C,-48.4743811409611,802,False,5.879282508535038,0.7935498972794399
Oc1c(N2CCN(Cc3occn3)C[C@H]2C#Cc2ccc(OC)cc2)c(OC)no1,-48.69456788407945,803,False,3.7044916925169655,0.6344647519332792
C1CCC[C@H](N[C@H]2CC[C@@H]3[C@H]4[C@](CO)(OC2=O)[C@H]13)C4,-48.81318846043905,804,False,6.302884488888951,0.6999790094391294
C(N1C2=CNC3=C2c2c(cc(N)cc2)C(=N3)C1)CC#N,-48.821386793162674,805,False,4.176696278848736,0.6959732270795225
c1c(OC)cc2c(c1)C1=C=CC[C@]3(C)[C@H](Cl)C[C@H](CO)C[C@@]132,-48.839344197923765,806,False,5.37133204205028,0.662020891497136
C[N+]([C@@H]1[C@@H](N)c2c(c(C=C)c3cc(-c4nn[nH]n4)ccc3n2)C[C@H]1C)(C)C,-48.8835718362825,807,False,4.459309949830585,0.6958517496043978
C1[C@H](N2C(CC)=CC=Cc3c(cccc3F)[N+]2=O)[C@@H](N2CCS(=O)(=O)C2=O)CCCC1,-48.895714498071314,808,False,4.543689631887979,0.5082204462587477
C1O[C@@H]2C[C@H](n3ncc(=O)cs3C)C[C@H]12,-49.208972198519405,809,True,5.623563142696723,0.6164864672680104
C1[C@H](N2C(C(F)F)C3=C(CC=C4CCC(=O)C=C42)[C@H](C#N)OC13)C(=O)C,-49.30129136596042,810,False,5.874488540463834,0.7076764790884472
OC1(O)C2=C(C(C)(C)C(=O)CC2)[C@@](C)(S1(O)C#N)C,-49.330418515087786,811,False,4.6338298990592595,0.3580602611624615
C1N2[C@](C(F)(F)F)(C)C[C@@H]2/C1=C\c1cc(CCc2cnc(C)s2)ccc1,-49.44892915898299,812,False,3.9828376335117497,0.741876077725751
Brc1c(N)c2c(=O)c3c(cc(CC)cc3OCC)oc-2c(C=O)c1Cl,-49.66072085982546,813,False,3.121115037081619,0.3721949204932095
C1c2c(c(C(=O)N/N=C\c3ccc(O)c(O)c3)cn2Cc2oc(/C=C/c3ccc(O)cc3)cc2)CC1,-49.79956150864018,814,True,2.9712180562088655,0.1729949968363189
C1[C@H](N2[C@H](/C(CC)=N\CCC)[C@H]3CC4=CC(=O)CC[C@@]423)CC[C@@H](OC/C=C/c2cocc2)C1,-49.80439339916438,815,False,5.175723335079273,0.4587274851641482
C1[C@@H]2[C@@H](N3C4C=CC=CC=C4CC4=C[C@@](O)(C12)[C@@H](Br)[C@@H]43)F,-49.81907707545179,816,False,6.4863914935713165,0.4126350674739126
C1[C@@H](/N=C(\S)C2=CC[C@H]3CC4=CC(=O)C=C43)CC/C(=C\CCC=C)C(=O)C2=CCCC1,-49.87308147213798,817,False,6.144445236165488,0.2423926948974749
C([N+]1(C)C=CC2=C(n3c(nnn3)-c3c2ncnc3Nc2cc(F)cc(F)c2)CC1)(C)C,-49.89194838501157,818,False,4.139044361934343,0.5084678204596579
C1c2c(cccc2OC)C2=C/C(=C/c3n(Cc4cc(OC)ccc4C)nnc3)CC1CCC2,-49.91598566443463,819,False,4.286788449775473,0.4971656876050623
c1([C@H]2N[C@H]3c4ccccc4N=C3[C@@H]2C(c2occc2)=O)ccncc1O,-49.97556567799938,820,False,4.092556076646508,0.7108886154517302
C[C@H](COS(=O)(=O)N1/C(=C\CC)C2=CC=CC=C2C=Cc2cc3ccc(O)cc3o2)CCC1,-49.97920824225031,821,False,3.8768840508510314,0.4938180353211692
[C@H](c1c(CCN2c3ccccc3C=Cc3ccc(O)cc32)n[nH]c1)(N1CCOCC1)[C@H](O)C,-50.016112235472974,822,False,3.937317590394576,0.5350793234847465
C1(CC(C)C)=[N+](C)C2=CC=CC=C3CC4=CC(=O)C=C4N=C3C(C)(C)C=C12,-50.05921301687158,823,False,4.765019186603533,0.6578408678084218
C1(N2C(CCO)C3=C(C2=O)C(=C(C)C)C(O)(C(OC)=O)C[C@@H]3O)CCCC1,-50.11304571352048,824,False,4.417486371326897,0.6246136006916526
C1C=C2[C@H](c3c(c(C)c(C)c(C)c3O)C=Cc3c2occ3)CC(CC)C1,-50.13616426430235,825,False,4.152276621920601,0.6165414834453036
c1c2c(c(OC)cc1O)Oc1c-2cc2c(c1)-c1c(c([C@@H](C)OC)c(=O)c1)OCO2,-50.14376928244417,826,False,3.745754296380547,0.7202870795990128
C1C(N2C(CCOc3ccccc3)C3=CCCC=N3)CC=C[C@@H]2C1(CC)C,-50.15753165518981,827,False,5.2823487178041155,0.6058806774181373
c1([C@H]2[C@@H]3[C@H](CC[C@@H]2O)COCc2c-3sc2=C2C=CC(=O)C=C2)ccccc1,-50.15815634121509,828,False,4.398245870470756,0.7979016642846931
C1C2=C(CCN3c4ccc(Cl)cc4CC=C3C2(C)C1C(=O)CC)C,-50.3423941365046,829,False,4.0757279052436495,0.6790796323718146
C1[C@@H]2[C@@H](OC[C@@]1(O)C#Cc1cc(N(C)C)c(Cl)cc1-2)CCC(=O)C=C,-50.43896167703474,830,False,5.78148145645663,0.6484295050604792
C1[C@@H](N2C3=CCO4)CC=CC=C3CC4=C[C@](C)([C@H]5O[C@H]5C4=C[C@@H](O)C=C42)CCCC1,-50.69985254220956,831,False,6.990515531293374,0.5951991054893309
C/N=C(\N1C(CCC=C2CC[C@](O)(C)C=C21)/Cl)CCCC,-50.745240589778405,832,False,4.6549812728556805,0.3665086372896334
C(N1[C@H](Cc2cc(Br)ccc2O)CC[C@H]2CC(=O)NC[C@@H]12)c1cn(C)c2nsnc12,-50.86785037961812,833,False,4.363540103020558,0.5871969779291263
c1cc2c(c3c(s2)C(c2c(Cl)n(C)c(=O)c2=O)CN3)n1C,-50.99541514607711,834,True,4.0926652589907855,0.6471706021479393
C[N+](c1c(/C=C/C(\Cc2ccccc2)=O)cc2c(oc1O)C=CCO2)(C)C,-51.13751186840455,835,False,3.770971305967576,0.639674492730016
C1[C@H](/N=C(/C)Cc2cc(O)cnc2CC[C@@H](CO)NO)[C@@H]1F,-51.14294126299228,836,False,4.545671806717781,0.426705321757054
c1cc(-n2ncc(Cl)c2CCCc2ccc(N3CCS(=O)(=O)C(C)=C3)nc2C)ccc1F,-51.24065219225157,837,False,3.2193002039343988,0.5202839084149827
FC(c1c([C@@H]2[C@@](c3ccccc3)(Nc3ccccc3)CCc3ocnc3C2)[nH]c2c1cccc2)(F)F,-51.3161705077664,838,False,3.977539945668548,0.2588860211882235
Cc1c(/N=C/c2cscc2)c2c(cc(OC)c(O[C@H]3[C@H](O)c4c(cc3)OCC4)c2)[nH]1,-51.36765671902504,839,False,4.254294443782391,0.5870863177442366
C1=C(c2ccc(C3CCCC3)cc2)c2c(oc(=O)cc2C#C)OC1(c1ccccc1F)O,-51.56874198848939,840,False,3.6896607999373687,0.5908231337420139
C1Cc2c(c(N3C(C)c4ccc(-c5c[nH]oc5=O)cc43)ccc2)CCN1S(=O)(O)=O,-51.57915449266022,841,False,3.719206062933567,0.622437009689126
C1[C@H](n2c(Br)ccc2C2(CCc3ccc(Br)cc3)CC[C@@H]21)CCCCCN,-51.58309865088563,842,False,4.040569381783247,0.4043938440046943
C1C(CN2C(C=C)c3cccc4c3[C@H](OC)C(=O)C=C42)CC2CC2C1CC2(C(=O)O)CC(C)(C)O2,-51.61448186637813,843,False,6.3120930832957685,0.5623274284988354
C1CCC(N2[C@H]3CCC/C(=N\O)[C@H]3C4=C[C@H](O)C=C42)C/C1=C\c1conc1,-51.63115523409215,844,False,5.1377286358066865,0.6175045464882588
c1c(N(C)[C@@H]2C3=CCO[C@H]2CON=C3Cc2nc3cc(O)ccc3n2C)cccc1,-51.64531797782138,845,False,4.790163661192641,0.7237372374106709
c1(Cl)ccc(C[C@@H]2CN3[C@@H]4[C@@H]2CC3=CC3=CC(=O)C=C[C@]413)CCC,-51.7150487599838,846,False,7.06195867644392,0.7374399465250768
C1[C@H](N2[C@H](CCl)[C@]3(CCCCn4cncc43)COc3ccc(C(F)(F)F)cc32)/CCC1,-51.80064843094942,847,False,4.453963775438696,0.5403935316088931
C1C(N2CCC3=C(SCC(O)=O)C(=O)C=C3CC4=CC(=O)C=C42)C(OCC2CCCC2=O)CO1,-51.80392426575486,848,False,4.85664100111344,0.580225827005202
C1[C@H](N2[C@@H]3c4ccccc4/C(C#N)=C(\N(Cc4ccccc4)C(O)=O)C3=C1)CCCC2,-51.86176717502531,849,False,3.673240825521931,0.7401544249115657
c1s/c(=C2\C=Cc3c2ccn3-c2c(OC)cc(OC)c(CC=O)c2)n1,-51.8727406948924,850,False,3.5723409436522644,0.7700390033782945
C1[C@H](n2cc(C#N)nc2[C@@H]2[C@H](NC)CC=C(C=C)[C@@H](O)[C@@H]2O)CCOC1,-52.03154307709451,851,False,4.764268252053259,0.7423579515786298
c12c(c[n+](C(C)C)c3cc(Cl)ccc3c1)C1=CC(=S)C(=O)C1n2,-52.05398436828352,852,True,4.7847320265855,0.5741542880406693
C1[C@H](CC2C(s3)CC(=O)C=C2Cc2c3cc3cc(OC)ccc3oc2Cl)CCCC1,-52.12598997923442,853,False,4.8434061015109435,0.5111889571525939
C1[C@H]([n+]2c3ccccc3c(=O)on2)CC[C@@H](Oc2n(C(OC)CO)c3ccccc3n2)C1,-52.47587103097749,854,False,3.921535781057232,0.4624204170375935
C(N1[C@H](C)[C@@H]2[C@@H]3CC=C[C@@]21C[C@H]3CCC)c1cc(OC)c(O)cc1S,-52.55256875796477,855,False,5.527822177308693,0.5931178646167826
C1[C@H](N(C(C)C)/C=C\c2cc3c(c(C)c2Oc2c(C)c(C)cc(CC(O)=O)c2C)CCO3)CCCC1,-52.5828786724669,856,False,3.3523812633094554,0.4201305702814801
c1c(NCc2oc(=O)c3sccc3c2Cc2c(S(=O)(C(F)(F)F)=O)cccc2)cc(Cl)c(F)c1Cl,-52.583216240172646,857,False,3.157316466635482,0.2054142988602201
C1C(Cl)(C)C23OC(COO3)C(Br)C=C2CC2=CC(=O)CC21,-52.591523875459416,858,False,6.761674723189482,0.3707864050625377
C1[C@H](NC(c2c3ccccc3oc2-c2cc(Cl)c(C(F)(F)F)cc2)=C(O)c2[nH]cnc2C(F)(F)F)CCCC1,-52.66873790466924,859,False,3.229788356104164,0.16577936928661
c1(/C=N\OC(=O)C=C)ncccc1-n1nc(Sc2ncnc3ncnn32)nn1,-52.74451364137644,860,False,3.725143942411256,0.1891104079689434
C1[C@H](N2CCCC3C=C[C@H](CC=C)C=C3CC4=Cc5c(oc6ccccc56)OC(C)=C=C42)CCCC1,-52.79539705694879,861,False,5.23173794090887,0.3250601572204358
C(c1n([C@@H]2O[C@](CO)(Cl)Cc3c2cccc3)c2c(n1)nsn2)#Cc1ccccc1,-52.81656666899289,862,False,4.267558061540306,0.3959689709937609
c1ccn2c(c(CBr)c1[N+](=O)[O-])c1cc3c(=O)c4cc(O)c(C)cc4oc3cc12,-52.89229124810322,863,False,3.0238290240853267,0.1726809595396448
C1C(CSC)=C2C=CC=CC=C2CC2=CC(SC3C=NC(=O)C=C23)C(C)(C)C1,-52.96553093299741,864,False,6.192131205574933,0.5722524809937942
C[C@H](N1C(CCC)C2=CCc3cccc(C#Cc4nccnc4)c31)Cc1nn[nH]c1S2(=O)=O,-53.06917597579195,865,False,5.403882900573217,0.5864690003723451
C(COc1cccc(C[C@H]2Cc3c(cc3)[N+]([O-])=C2)c1)OCc1ccccc1,-53.11057772436016,866,False,3.4809455712189195,0.4010666037730472
C1C(C#C[C@]2(C)[C@H]3CC/C(=C\c4ccccc4)OC(=O)C=C3\CO2)CCCCN1,-53.14496152615925,867,False,4.498472692319218,0.5786465926565376
CC=C1[C@H](N2CC[C@H]3OC[C@@H](Br)C[C@H]3CC4=CC(=O)/C=C4/2)CCC1C,-53.15689919219426,868,False,5.064448092070789,0.4780024636219198
C1N2[C@H](CC)C3=C[C@@H]2[C@](c4cc(O)c(Cl)cc4)([C@@H]2C31)CCCO2,-53.259755615960216,869,False,5.845738184032257,0.8419451629507255
N[C@@H]([C@H]1[C@@H](N2[C@](CO)(CBr)C3=CC(=O)[C@@H](Br)C32)CCC[C@@H]1O)S,-53.26716990601904,870,False,5.54118992865995,0.2778937579358627
Fc1c(N2C(CC)=C3CC=CC[C@H]3C/C=C4/[C@@H]2N[C@H](C#N)C4=O)ccc(F)c1,-53.34092797658877,871,False,4.648663150960971,0.7832075796587916
N1(C)[C@@H](C(=O)/C=C/c2n[nH]c3ccccc32)[C@@H](c2ccc(Br)cc2)Cc2c(cccc2)[C@H]1CO,-53.88328593490746,872,False,3.837979855925784,0.3544066700295226
C1[C@H](O)[C@@H]2[C@](C(C)=O)(C#N)[C@@H](Cc3c2occ3-c2sc(N)nc2)OC1=O,-54.04758858815876,873,False,5.52769815584845,0.7529917832680604
C1CC2(CC)SC(-c3ccncn3)(NCC[C@@H]2O)CC1,-54.12616159551544,874,False,5.391322719627142,0.8768822865138336
N1(C)Cc2cc3c(cc2[C@H](N2C(C(C)C)C=CC3Cc4c3cccc4N2)CC1)CCO3,-54.25913836597829,875,False,6.310945639749155,0.6589936309803672
C1[C@H](N2[C@@H]3CC[C@H](OC)C=C3CC(C=C3)=CC(=O)C=C23)C[C@H](Cl)C[C@H]1OCc1ccc(C(F)(F)F)cc1,-54.67765595262745,876,False,5.335347446191307,0.334948698544815
N1=C(N2C/C(=C\c3c(F)c4c(cccc4)o3)C3=CC=CC=C32)/C(=N\CCN(C)C)CCCC1=O,-54.68350261069384,877,False,3.4655666497228603,0.5493577173610457
C[C@H](N1C(C(F)(F)F)/C(=C/C(F)(F)F)C2=CC=CC=C3CC4=CC(=O)C(C#N)=C[C@]42C[C@@H]1CCCC=N3)C,-54.72511938092225,878,False,7.080747143882266,0.344954341220162
C1(N2CCCC3=C(F)C(=O)CC[C@@]3(CCC)[C@@H]3CC4=CC(=O)C=C43)C2=CCCC1C=O,-54.89476949271318,879,True,5.128201331983738,0.4167780397373535
[N+](c1c(C(N)=O)cc(CCCCc2c[nH]c3ccccc32)c(C(F)(F)F)cc(C)c1C)([O-])=O,-54.91308202678,880,False,3.3603641223211964,0.3171517826848855
FC(=S)N1[C@@H](CSc2nc3ccn([C@@H]4O[C@H](CO)[C@@H](O)[C@H](O)[C@H]4O)c3n2C[C@H]3C)CCCC[C@H]31,-55.19155080372434,881,False,6.199771156631337,0.2682574318639693
C1[C@H](n2nnc3c2C(CC)(C)OC3=O)n2c(cnc2OC)-n2cncc2s1,-55.42025247239076,882,False,4.910369976864447,0.6249155353294268
n1nc([C@@H]2C[C@H](O)C(CCN3CCC(NC)=CC3)=C2)oc1Nc1ncccn1,-55.71120682376363,883,False,4.312868306357055,0.6133681778109203
C1[C@H](N2[C@H](CC)C3=C[C@@H](O)[C@H](Br)[C@@H](CO)[C@@]32CC2C3=CC(N)=C32)CCC1,-55.76375260683926,884,False,5.391340579641463,0.4716822694637556
[C@@H]12C(CCCC1(CO)O[C@@H](Cc1ccccc1)C)C[C@H]2N1CC=CC=C2[C@H]1C(=O)C2,-55.76579645627498,885,False,4.881750894508594,0.7813653489340503
C1[C@@H](N2CCC=C[C@@H]2C(c2cc(O)cc(O)c2)=O)CN(c2ccn(C/C=C/C(OC)=O)n2)C1,-55.78637155297565,886,False,4.128070638676082,0.2846919477580504
C1[C@@H](N2[C@H](C)C3=C[C@@H](Cl)C=C(Br)C(=O)[C@H]32)CC1c1ccc2c(nc1)ccn2,-55.80756903666423,887,True,4.427205383028966,0.5118142608475875
c1(N2C(C)C3=C(c4cccnc4-c4c5c3coc5cc5ccccc54)CO2)ccns1,-56.02523636917204,888,False,4.108306105625435,0.322722388817111
C1[C@H](N2CCC3=Cc4occc4[C@@H](OC)[C@@H]2[C@@]3(Cl)C=C[C@H]1C)CCOCc1ccccc1,-56.05781928127544,889,False,5.8496906971042595,0.3055600047891417
Cc1nnn([C@@H]2O[C@H](COC(=O)C)[C@@H](OC(C)=O)[C@H]2OC(=O)C)c1Sc1ccc2c(c1)-c1ccc(S(=O)(=O)O1)C2,-56.201788591929926,890,False,5.592704612029188,0.261868579912093
C1[C@H](NCc2cc3c(oc2=O)C(=S)NN=C3O)CC[C@H]1c1ccc(C(OCCC)=O)cc1,-56.227740552119485,891,False,3.72587435036788,0.3621807374147597
C1CN2C(C)C3[C@@H](Oc4ccccc4O3)CC[C@H]2[C@@H]1n1ccc2sc(SC)nc21,-56.26597400466744,892,False,4.495779322504913,0.5481774231643033
c1cc([C@H](N2C[C@@H](C)/C(=N\c3c(=O)on(-c4ncccc4CCl)n3)C2)C#N)ccc1,-56.27643104362187,893,False,4.321597022278474,0.5848481155941676
C(C=CS1(=O)N=C(N2C(=C)C3=CC=CC=C3C[C@H]2O)C2=CC(=O)C=C12)C#C,-56.30120267341647,894,False,4.957640976077219,0.610910470215666
C1[C@H](NC[C@@H](O)[C@H](O)[C@H]2NCCc3c2cccc3)CC[C@@]2(C)[C@]1(O)c1cc(O)c(OC)cc1O2,-56.520885699486826,895,False,4.678174532442757,0.3754518992812575
[C@H]1(N2CC3=CC=C[C@H](O)C[C@@]3(O)C[C@H]3[C@H]4C=C=C4CC(=O)/C32)CCCC1,-56.57173602696275,896,False,5.44333798999486,0.7102676817685021
C(n1c(=O)oc(C(c2cc(C)[nH]c2CSc2ccccc2O)=O)c1)CSC#N,-56.77727690535812,897,False,3.509956522267336,0.2504629089337055
C[C@@H]1C[C@@H](N2C(CC)C3=CC/C(=C\c4ccc(F)cc4)C4=C(Cl)C(=O)C=CC42)C(C)(C)C1OC4=CC(=O)C=C43,-57.03427608626072,898,True,6.663800744606615,0.4077204473556471
C1C(c2c3cc(OC)c(OC)cc3sc2)=NN2CCC3c4c([nH]cc43)-c3c-2cccc31,-57.04157727149595,899,False,4.833501336738491,0.4677202963604762
C1O[C@]2(C)[C@]34C[C@@H]3[C@]3(CC3=CC(=O)C=C41)[C@H]3SC(=O)C=CN23,-57.28714460922765,900,False,6.998620211447131,0.6843292631490171
C(c1c2cc(C(=O)COC(=O)c3n2c(O)nc3Cl)n1-c1ccccc1Cl)(F)F,-57.398877161752864,901,False,4.515956229010046,0.6248806788548519
[C@H]1(N2[C@H](c3ccc(Br)cc3)C3Cc4ccc(O)cc4[C@@]23CCCOC3CO3)C[C@H](C)CC1,-57.40177271987341,902,False,4.482114714188253,0.3803477524055788
C1CCN(Cc2nc(Cc3ccc(Cl)cc3)oc2C)[C@@H]1C#Cc1cc(C2(O)CCCN2C=O)ccc1,-57.66011468745978,903,False,4.029752663335498,0.3917702902120752
c12occc1CCCN1C(CC)Oc3c(Cl)cc(C5=CC(=O)C(C(O)=O)=C51)c(O)ccc32,-57.77713468626689,904,False,5.799120179919525,0.6415282805456827
Cn1ncc(S2(OC)C3=C[C@@H]4C(CC(CCl)=C3N4)CCCC2)c1Cl,-57.955820366651096,905,False,6.399862864469164,0.7828736417745198
[nH]1c(N2[C@H](CC)C3=C[C@H](Cl)C=CC=C3CC4=CC(=O)CC42)cc2c1CCC[C@]21OC[C@H](SS(O)(=O)=O)CC1,-58.18269519585169,907,False,6.1056202562861,0.2753574601002991
CC[C@H](c1sc2cc(Cl)c(C(=O)O[C@@H]3O[C@@H](C(C)(C)O)[C@@H](O)[C@H](O)[C@H]3O)cc2n1)CCC(=C)CC,-58.22101470290693,908,False,4.657775506082389,0.2850196693269425
C1C/C(=C\c2ccccn2)[C@@H]2CC=CN2C1CC1=CC(=O)C=C2C[C@H](C3CC3)CCCC21,-58.29981689044973,909,False,4.759804988988853,0.5698204912068515
[C@H]1(OC)C2=C(C(=O)/C(=C3/C=C(\Cl)C=O)C(Cl)=C3CC=C2C(OCC)=O)C1,-58.51368266119107,910,False,5.460982287349754,0.4060456843809419
[C@H]1(n2cnnc2/C(=N/CC)C3=CC=CC=C3CC4=C(Cl)C(=O)C=C42)[C@H]2OC(C)(C)[C@H]2CC2C1=C,-58.63752991147771,911,True,5.39682724626917,0.5660450062155092
c1cnc(C2C[C@@H]3O[C@@H]3C[C@@H]3CC/C(=C\OC3c3sccn3)C2)[nH]1,-58.70219179475998,912,False,6.023051651206263,0.8386708991996865
c1c(NCc2c(OCCCCCC)cccc2)nc(OCCO)nc1-c1nnc1Cl,-58.74063914836688,913,False,2.907771114966309,0.4679113373665733
C1S[C@H]2CN(C=C1CC)Cc1c(ccc3c1c-2cc2c(CC)c(O)ccc23)C,-59.23378371889703,914,False,4.662880622116939,0.5083399695814652
C1OCC[N+]2(C1)[C@H](CCCl)[C@@H]1CC=C3C=C4OC(=O)C=C4C[C@@H]3[C@@H]2[C@@H]1C,-59.95581137709223,915,False,6.555430490526058,0.4215932473122813
o1nnc(/N=C(\CC)C(c2oc3c(c(O)cnc3Cc3cnc(Cl)cc3)c2O)C)c1,-60.01916701070934,916,False,4.410578732616825,0.3381991348298034
c1c(-c2c(CC)c3c4oc(=O)c4c4cc(OC)c(CCCN5CCOCC5)ccc4ncc3oc2C#C)cccn1,-60.143255744625606,917,False,3.3307221470480837,0.2449584783857319
Clc1c(NC/N=C/c2cncc(N3C(c4c(Cl)cc5c(c4)OCCCO5)C3=O)n2)sc(Cl)c1C,-60.22286368985692,918,False,4.186487018219458,0.3272086892342188
CC(N1[C@H](CC)c2c3nc(N)nc(SCCOC)c3c(c(OC)c2O)-c2cncnc21)CC,-60.313960709943785,919,True,4.853731008300731,0.281568001090651
C1[C@H](N2C(=O)[C@]3(C)[C@@H]([C@@H](C1)C1)Cc4ccccc4[C@@H]3c1c2)C=CC,-60.37141475041517,920,False,5.905411420126241,0.7011222907445935
Cn1c(SC=O)c(Cc2ccc3ccccc3c2N2S(=O)(=O)c3cc4c(cc3OC2)OCO4)cc1C#N,-60.56042056406693,921,False,3.7105785121088113,0.2773395852732456
C1CC[C@]2(C(=O)NCc3cccnc3N(C)C[C@@H](OC(=O)/C(C)=C/C)N)C[C@H]12,-60.597270230495326,922,False,4.15964445573215,0.4034611494214314
C1[C@@H](/N=N/C(CN(c2c(C)c3c(cc(O)cc3OC)[nH]2)n2nnnc2C)C)CC=C1,-60.73646323585672,923,True,4.504747239404156,0.4558041113024511
C1[C@H](N2C(C)/C=C\C3=C(C)C(=O)/C(=C\c4[nH]c(C)cn4)C=C3\CC(=O)C[C@H]2C)C=CCCC1,-60.75311855681662,924,False,5.270999389669843,0.487288299926043
C1[C@H](NCC=C)C2=CCCC[C@H]2Cc2cc3c(c(O)c2-c2ccccc21)CCCN3C(=O)/C=C1\C=C\c2ccc(OC)cc2O1,-60.87001044797216,925,False,4.866534133960765,0.2375223052172299
c12[nH]cc(C[C@]3(C)[C@@]4(CC=C(Br)C(=O)[C@@]4(Br)[C@H]3Cl)c1)CC=C2,-61.58352754744692,926,True,6.914106632952444,0.5475733260623834
CC(OC(F)(F)c1c(N2C(CC)c3ncc(-c4ccc(F)cc4)n3Cc3ccccc32)c2c(cc1C(F)(F)F)ccnc2)(C)C,-61.9089462101507,927,False,3.954650494131661,0.1827157420477688
O[C@@H]1[C@H](N=O)[C@]2(CC)[C@H]3CC4=C(C([O-])=O)C[C@]43O[C@@H]2C=C1,-62.09675382119167,928,False,6.443753791848723,0.5848936807048936
[C@H]1(N(C)CC)C2=Cc3cc4cc(C=C5C=CC(=O)C=CC(=O)[C@]54O)ccc3[C@@H]2CCN1,-62.16119929538422,929,False,5.996597317010997,0.7266113291710637
F[C@H]1[C@@H](N2C(=O)/C(=C\CC(C)CO)C3Cc4cc5c(cc42)CC(=O)C(=O)[C@@]53C)CCCC1C,-62.38814553067482,930,True,5.974785639936205,0.5581516221700576
C[C@@H]1[C@H](/N=C(/OC)C2=CO[C@H]([C@@H]3/C=C(\c4ccc(O)cc4)C3)C2)C(=O)C[C@H]1Cl,-62.38958889283549,931,False,4.9552625304009625,0.4682663266951085
O=C(O)C1=C/C(=C\C(=C\c2ccco2)/C(=C\C)C)CCC(n2ccc3ccccc32)=C1C,-62.866704437096814,932,False,3.5633275919310172,0.4381680558756237
C1[C@H](N2[C@@H](C#C)[C@H]3[C@H](O)[C@@H](O)C=C3CC4=CC(=O)C=C42)C[C@]2(c3cc(OC)c(OC)cc3CC(F)O2)C1(C(F)(F)F)C,-62.98561812477351,933,False,6.20392212373366,0.3145461503550872
C1C(N(c2ccccc2)[C@@H]2[C@@H](CCBr)CCc3cc4c(o3)cc(OC)cc4)C[C@]2(C1)c1cc(O)c(OC)cc1O,-63.111858323743945,934,False,5.020064145609591,0.1433138066238461
O[C@@H](CC)CN1[C@@H]2[C@@](CBr)(C(O)=C1C)C1=CC=C3C(F)(F)C(=O)C=C3C12,-63.16846638010588,935,False,5.306983561401445,0.67553395769379
Cc1c(/N(C)CC/C=N/c2ccc(F)cc2F)cnc2n1c(/C=C/c1ccc2ccc(F)cc2c1)nc2,-63.18582645486305,936,False,5.318969948973832,0.3406230705821888
C1[C@@H]([C@@H]2[C@@](CC)(c3c(OC)cccc3C)[C@H]3Oc4cc(O)ccc4[C@H](CC=C)[C@@H]23)[C@H]2OC1=C2,-63.49931739622844,937,False,5.6491404818127,0.5531121693974576
C1[C@H](CN2CCN=CC(Cl)c3c2cc(Cl)cc3)CC[C@@]2(O)[C@H]3CCC[C@@H]2[C@]1(C)CC=CC=C3C,-63.519344759163744,938,False,6.492184246955048,0.4296715863061865
C1[C@@H]2[C@@](CC[C@@H]([C@H]2C)C2=CC[C@H]3O[C@@H]3C[C@@H]2C4=C[C@H](O)CC4)(O)CC[C@@H]1C(C)(C)O,-63.804724923335016,939,False,5.353074582188741,0.4776132583559109
[C@@H]([C@H]1[C@@H](/N=C2\C(CC)=CC(O)=C(N(C)C)C2=O)CS1)(SBr)O,-63.87800724746921,940,True,5.372445014018956,0.5391772634636057
C1C2(CC=CC1S2)[C@H]1O[C@]12C(=CC=C1CC1=CC(O)C=C2OC)Cl,-64.2824891860364,941,False,7.240896803573585,0.6015609292395037
O1C[C@@](N2CC3=C(C)C(=CCC2)C(C)Cc2cc3c(cc23)cccn3)(C)C(=O)C1C,-64.61402411738959,942,False,6.250220809166784,0.6800914305843747
c1c(N2C(=O)C[C@H]3[C@H](CCl)OC[C@H]3CC(=O)OCc3c2co[n+]3[O-])cc(OC)cc1OC,-64.77699754794867,943,False,5.017149416692474,0.3827998438417808
O=C(c1cc2c([nH]1)[C@@]1(C)CC3=C(C(=O)C)C[C@H](O)C[C@@]13CS2)ON(CCCl)C,-65.61479877515012,944,False,5.578750723454705,0.5580479703387218
C1(CN2C(NC(=O)\C2=C\C)C3=CC=CC=C3[C@@H]2COC2)[C@@H]2[C@H]1[C@@H]2C,-65.92829536902724,945,False,4.592241309113639,0.8659035896755544
C1[C@H](n2c(=O)[nH]c3ccccc32)C[C@@H]2[C@]34[C@@H](CBr)C(=O)C(=C3[C@@]2(O)C)[C@]42C[C@@H]2C1,-66.31807653915803,946,False,6.354418734591162,0.6827585666188543
C1=C2C(C2)c3c(n(C(NC4CCCCC4)=S)c2nc(-c4cocn4)s3)sc2-1,-67.00115763524082,948,False,5.48692959767302,0.7026928795326689
Clc1c(Cl)c(Cl)ccc1C#C[C@@H]1[C@](Cc2c[nH]c3ccccc32)(C)[C@H](O)Cc2c-3nocc3cc(O)c2O1,-67.03203987710572,949,False,4.572092108725542,0.1587513135922789
C1C(CN2CCCN3c4c(cccc4OC[C@H]32)-c2noc3cc(OC)ccc23)ONS1c1ccccc1OC,-67.77509139453468,950,False,4.703809951288896,0.3355749760774749
C1[C@H](N(C(C(C)C)(COC)C#Cc2cc([N+]([O-])=O)c(OC)cc2)OCc2ccccc2Cl)[C@@H](CN2CCCCC2)O1,-67.83056244452769,951,False,4.35773683824819,0.1874925730421641
C1[C@@H](O)[C@@H](Nc2cc(O)c3noc4c3c2occ4F)[C@H](F)C[C@H]1OC(Cc1n[nH]c(=S)[nH]1)=O,-67.84195512000224,952,False,5.265186113436577,0.2705653262168613
C1NC(N2C(O)C3(OC)OC(C)C(OC)=C3CC4=CC5=CC(=O)C=C54)CS1(=O)=N2,-68.37120159202641,953,False,6.362609757647171,0.6777731089767937
Clc1c(S=O)n2nc(Cc3cccs3)cc2[nH]cc1N/N=C1/c2[nH]ncc2OCC1=O,-68.87481747723336,954,True,4.409176011294706,0.3271167558345176
C1[C@@H](O)C[C@]23[C@]4(CCC[C@]2(CC)[C@H]4C2=CC(=O)C=C21)O[C@@]1(O)O[C@H]1COC3=O,-69.36302569121472,955,False,7.068833602600876,0.5123470132292965
C1=C[C@@H](N2C(N)=C3C(=CC=C4CO[C@@]5(C4)CC(=S)NC5=O)CC=C32)C2CC12,-69.41842519996862,956,False,5.990544896749264,0.5687142357388153
C[C@@H]1[C@H](N2C3=CCc4oc(-c5ccnc(Cl)c5)nn4)[C@H]3[C@@H]1SC(Cn1nnc(CO)c1)=C2,-69.55672503753522,957,False,5.913414161351263,0.5450335114860636
c1nc2c(nn(S(=O)(c3c(Cl)cc([N+]#[C-])c(Oc4ccccc4)cc3=O)(CC)N)c2Br)s1,-69.59423483642902,958,False,4.138757248013915,0.344958833559975
CCCC(N1[C@@H](c2sc(Cl)cc2)C[C@@]2(O)[C@H]1c1cccs1)[C@@H]1C[C@H](c3cc(O)c(O)cc3)OC[C@H]2C1,-70.21313396242772,959,True,6.0167344063561226,0.2992354378261722
n1nn1[C@@H]1C(SC)[C@H](n2c3ccccc3c(C#C)c2-c2c3cc(OC)ccc3nc3n(C)ccc32)[C@@H]1O,-70.57433412770365,960,False,4.697499148425613,0.3399245371577252
[C@@H]1(N)[C@H]2CC[C@H]3[C@](OC)(C[C@@H]32)C=C[C@@H]1C1=CC(=O)C=C([C@H](OC(CC)=O)c2nccn2C)CC1,-70.67711618975318,961,False,6.323955022723272,0.5096196590755222
C1[C@H](N2[C@@H](CC)[C@]34[C@H]5OO[C@@]3(O[C@H]5C=C/c3occc35)[C@H](C2=O)[C@H](O)C4)CC[C@@H]1O5,-71.26101117465441,962,False,2.9922580266183294,0.7020062152308909
c1cc2c(cc1)C1=CC=C3[C@]4(Oc5cccc(C(=O)OC)c5C=C4N3)N(Cc3cnn(C)c3C)C2=C1,-71.2716438364364,963,False,5.216879811091376,0.5660036256351471
c1c([C@H]2[C@]34Oc5nocc5C(F)(F)[C@H](C)[C@@H]3C3=C(Cl)[C@@]4(Cl)C(=O)C=C32)cc(F)cc1F,-71.76165281653493,964,False,6.7142533987037325,0.4222536625825688
Fc1c(N2Cc3c(cnn3-c3c(Cl)cc(Cl)cc3)C([S+]([C@H]3CCCS(=O)(O)=O)nccn3)C2=O)c(F)ccc1,-72.88106826353237,965,False,4.781998591097432,0.3049362841872147
C1CN([C@@]23C[C@H]2C(=O)Oc2c3cc2)C2=CC4=CC(=O)C=C4[C@@]3(CC32)CCC[C@@H]1OCO,-72.90370633208158,966,False,6.568487166203257,0.5600222145836367
C1[C@@H](O)[C@@]2(C)/C(=C\C1O)[C@@H]1CC3=CC(=O)C=C3[C@H]2CO[C@@]23CCC(=O)C[C@H]2O[C@@H]3C1=O,-73.07590737216697,967,False,7.107558346478227,0.5556792912430175
C1=Cc2c(N(CCCC=O)C(C)(C)n3c4c([nH]nc4C(=O)O)cncc3S2)C1=O,-73.10911403721173,968,False,4.299133297589601,0.5573022959831924
[C@@H](SCc1nc(-c2ccccn2)n(C(c2ccc(N)cc2)=O)c1)(C)[C@H]([C@@H](O)COc1cc(C#N)ccc1)CC,-73.14953991754828,969,False,4.066389855474019,0.2488958126834754
N=C/C=C/[C@](/N1C(CC)C2=CC=CC=C2CC3=C[C@@](O)(CCNC4(C)C(C)(C)CCC4)C[C@@H]13)(O)C,-73.75949461507844,970,False,5.363897792503716,0.3017760359136792
CC([C@]1(O)[C@H](OC(C)=O)C[C@]2(C)C=C/C(=C\C)[C@H]3CC4=C=C([C@H]32)C(=C)C[C@H](O)C=C41)(C)CC,-74.77770375786406,971,False,7.562475940177184,0.4495018277744362
C1C(N2C(/C=C\C(C)/C=C/c3cc(C(=O)OC)c(OC)c(C)c3)=CC=C2C)=C2CSCC(=O)C2=C1C(=O)N,-75.09539590127406,972,False,4.282454861982007,0.4817397997217268
c1cc2c(CN3C[C@H](OC)[C@H]3Cc4ccc5c(c4[C@](C)(C(OCC)O5)O2)cc1OC)Oc1ccco1,-75.2904395966284,973,False,6.641138870349531,0.587698706004652
C1[C@@H](N2CC3=CC4c5cnc(O)cc5-c5ccccc5[O-])C[C@H]3C[C@H]2[C@H](c2c4cc4[nH]ccc4ccc2)OCO1,-75.43367015034892,974,False,7.35395981428885,0.4934231216321935
S[C@]1(CCC(C)=O)Cc2c(cn(C)c2O)[C@@H]2CCC(C)=C2C(=C1)C(=O)[C@]1(CO1)O,-75.46332983682578,975,False,5.103129051525624,0.5061318684812299
C1[C@H](NC(Cn2cccc2)C2=Cc3cc([N+](=O)[O-])c(N(C)C)cc3C(=O)/C2=C\[N+](/C=C\C[n+]2ccncc2)=O)CCCCC1,-77.12659938763579,976,True,4.507532825074924,0.1089092787373744
C1CN2C(/C(=C\Br)SC(OCc3ccccc3)/C(=[N+](\[O-])CC=C(CC)C)C2=O)CCC1S(=O)(=O)c1ccc[nH]1,-77.34035823835029,977,False,4.92166117658534,0.1808755958567661
FC(F)(F)[C@@]1(c2cc(F)cc3ncn(Cc4[nH]c(CC(N5CN(C)CCC5)=S)nc4F)c32)[C@@H]2OC(C2)CCC1,-78.15078059869,978,False,5.534287018592124,0.3561288107743341
[C@@H]1(C)n2c(cc(-c3ccco3)c(/C=C/c3ccccc3)c2=O)CC[C@H]2[C@@H](C)[C@]21CC[C@H]2C3=CC(=O)C=C2COC3=O,-78.68812969711416,979,False,5.6807211681161505,0.3326233662844783
C1[C@]([N+]([O-])=O)(C)C2=CC[C@H]3[C@H]2[C@@H]4[C@@]2(CC(=O)CC[C@@]23[O-])[C@@H](CC[C@H]([C@@H](O)C)CC4)O1,-78.90528056657195,980,False,7.0061539215241035,0.4170229724352607
C1[C@H](N(C)C)[C@H]2[C@@H](O)C=C1C[C@]1(C)[C@@]23[C@@H](OC)C[C@@]2(O3)[C@](C4=CC(=O)CC[C@@]341)(CC32C)C,-79.82415156835486,981,False,5.962874243993335,0.6695476605069807
CCC[C@@H]1C2[C@H](C(C=C)OC)C3=CC/C2=N/O[C@H]2[C@@](CO)(C)C3C[C@]2(C)C1,-79.9601386563154,982,False,6.640486057834651,0.7043675255404804
FC1(S2(c3ccsc3)[C@@H](/C=C/C2=C/Br)C(=O)C=CF)C(F)(F)CC(CCC(N)=O)=C1Cl,-80.19659632178946,983,False,5.648799405880675,0.3027114456704244
CC1=C(N2C(C)=C(Cl)CCc3c2cc2c(c3SSSC2=NCCN2)C4=O)C(=O)C(OC(CC)=O)(C)C4c2ccn1,-80.55825589168558,984,False,7.188214239908891,0.3488058887274529
COC(Nc1nn2c(ccn1)-c1c(nn3cccnc31)CCl)COc1c(c(Cl)c(N)c(C)n1)S2(=O)=O,-81.25745895656428,985,False,5.9927774486214,0.4613062622453263
c1n2c(nc1/C(=C\N1CCC(Cc3c(Cl)sc(-c4nnc[nH]4)n3)c3ccc(S(O)(=O)=O)cc3CCl)[C@H]1C)[nH]cn2,-83.91612455074562,986,False,5.121051965692828,0.1520412310815892
C1C(N2C(CCCCl)C3=CC=CC(=O)C=C23)C2CC3N4CCCCOC4(O)C3OC[C@@H]2\C(O1)C,-84.68537550840222,987,False,5.394037282886885,0.6505266261663488
C1[C@H](N2CC[C@@H]3C[C@H]2[C@](O)(CC)c2c1cc(OC)c1c2C[C@](F)([C@@H](C/C(C)=C2\C3=O)O2)C)[C@@H](F)CCCC1,-86.4338273956846,988,False,7.115148038670378,0.5651539570224103
O=S1(CC(O)=O)C[C@@H](N2C[C@]3(C2)C[C@]3(C)[C@@H]2[C@@](C(=O)OCC)([C@@H]3CC(C)=CC(=O)C=C3)C(=O)C=C2)[C@@H](C)CC1,-87.03835757861634,989,False,6.322376194056218,0.2777462222346893
[C@@H]1(N2C[C@@H]3C(=O)C=C(C3)C2(C#N)[C@@]2(c3ccncc3)CC[C@H]2NC(=O)[C@]12C)C=C=C(OCC)C[N+]2(C)C,-88.56255673753299,990,False,6.656503098274946,0.5039903307763862
[C@H]1(N2C)C(C2=C/C(=C\C)C2=C\CCC2=O)CC[C@]([C@](/CC=N\OCC)(O)C=CC=O)(O)CC=C1C,-88.78855582712822,991,False,5.655538033900104,0.1705311424054569
C1[C@@H](N2C[C@@H]3C[C@]45C[C@@]5(F)C(=O)CC(=O)[C@@]52[C@H]4[C@H]([C@@H]3F)C(=O)C=C25)[C@H](O)scc1c1c2cccc1,-92.45632637870769,992,False,7.813434523341062,0.5579286439574075
c1c(CC/N(CC#C)C(C)Cl)ccc([C@@H]2C[C@@H]3N(c4cn(NC(C)C)cn4)[C@H]([C@@H](O)c4n[nH]nn4)[C@@H](C3)[C@@H]2O)c1,-93.35318074155248,993,False,6.1465755419634975,0.1564342251876241
CC1C([C@@]2(SC)C[C@H]1CC)[C@@H]1[C@]3(C)CC[C@@H](CO3)[C@]23CC[C@H]1O[C@H]1Oc2c(OC)ccc(OC)c2C32O[C@@]12C,-100.04754249576943,995,False,7.577754617422333,0.4103423849078788
C1[C@H]2[C@H]3Cc4c(c(OC)cc(O)c4)[C@@]4(S/C(=N/OC(c5cccnc5)=N4)[C@@H]([C@H]3N[C@]51C)N)CC[C@@H](C2)CO5,-100.71043403496152,996,False,7.643736579685175,0.5340416399885823
C1[C@H](N[C@@H]2[C@]3(COc4c3cc(/N=N/N)nc4C)cc3Br)[C@@H]3O[C@@H]2[C@H]3O[C@]42C[C@@H]3C3[C@@]2(O)C[C@@]43O1,-105.23872495135583,997,True,8.237076715871263,0.2790908293226637
C1[C@@H](c2c[nH]cc2-c2c(F)c(F)ccc2/C=C\C2C(=O)c3ccccc3C(=O)CCN2C3=O)C2C1OC1C(CC#N)C3/N2C=C(C)O1,-108.39830163481628,998,False,6.972683117238491,0.3842844509508843
C1=C2[C@@H]3[C@](C)([C@@]4(CC[C@]5(O)[C@@H]([C@@H](OS(=O)(C)=O)C)CC45)O1)C=C[C@H]1[C@@H]2[C@H]2C3=C1C[C@@](OS3(=O)=O)(CCC3)C2,-111.38253072967746,999,False,7.120946747556644,0.4105006736274096
CCC(=N1)[C@]23[C@@H]4C[C@@H](O[C@@H](C1=O)[C@@]21CCC2=CC(=O)C=C23)[C@@]3(O[C@H]3O1)C(C[C@H](C)C1=O)[C@@H]4[C@H](C=C(C)C)C1C,-119.02803059546204,1000,False,7.977270298403881,0.3895162203792005
