SMILES,Score,Compound_ID,PAINS,SA_score,QED
c1c(N2C(CC)C3=CC=CC=C3CC4=CC(=O)C=C42)cccc1,-6.279555778825397,1,False,3.101743877188256,0.8080963244630266
C1[C@H](N2C(c3ccccc3)C3=CC=CC=C3CC4=CC(=O)C=C42)CCCC1,-6.308107231254439,2,False,3.071897301988149,0.7226598630070176
C1[C@H](N2CC3=CC=CC=C3CC4=CC(=O)C=C42)CCCC1,-6.465687942924006,3,False,2.712812603062442,0.7796509746277093
C1[C@H](N2C(Cc3ccccc3)C3=CC=CC=C3CC4=CC(=O)C=C42)CCCC1,-6.78849357100404,4,False,3.133654081754404,0.7064099227279
C1[C@H](N2C(CC)C3=CC=CC=C3CC4=CC(=O)C=C42)CCCC1,-6.804876842681551,5,False,3.2735498473375104,0.7875795698642385
C1[C@H](N2Cc3ccccc3CC4=CC(=O)C=C42)CCCC1,-6.920110940400718,6,False,2.712812603062442,0.7796509746277093
C1C(N2C(CC)C3=CC=CC=C3CC4=CC(=O)C=C42)CCCC1,-6.961609010330164,7,False,3.2735498473375104,0.7875795698642385
c1c(N2C(C)C3=CC=CC=C3CC4=CC(=O)C=C42)cccc1,-7.11811191712286,8,False,3.044968976183039,0.783041056067665
C1[C@H](N2C(CCl)C3=CC=CC=C3CC4=CC(=O)C=C42)CCCC1,-7.195850515726477,9,False,3.427064428278957,0.7426268598041046
C1[C@H](N2C(C(F)(F)F)C3=CC=CC=C3CC4=CC(=O)C=C42)CCCC1,-7.351496315885271,10,False,3.4539491066626304,0.7220117059797537
C1[C@H](N2C(CCCC)C3=CC=CC=C3CC4=CC(=O)C=C42)CCCC1,-7.388173015599079,11,False,3.2864209035132816,0.7237084426941726
C1[C@@H](N2C(CC)C3=CC=CC=C3CC4=CC(=O)C=C42)CCCC1,-7.490189803196927,12,False,3.2735498473375104,0.7875795698642385
c1cc(N2C(CC)C3=CC=CC=C3CC4=CC(=O)C=C42)ccc1,-7.507962422514595,13,False,3.101743877188256,0.8080963244630266
C1[C@H](N2C(CO)C3=CC=CC=C3CC4=CC(=O)C=C42)CCCC1,-7.626025673147694,14,False,3.337605874892045,0.9110024658656858
C1[C@H](N2C(CC)c3ccccc3CC4=CC(=O)C=C42)CCCC1,-7.635472571702863,15,False,3.2735498473375104,0.7875795698642385
C1C(N2C(CC)C3=CC=CC=C3CC4=CC(=O)C=C42)CC1,-7.715973098507845,16,False,3.3359720759669127,0.8169332838595003
C1[C@H](N2Cc3ccccc3C2)CCCC1,-7.854357425853323,17,False,1.9126715803423784,0.6733280777065536
C1[C@@H](N2CC3=CC=CC=C3CC4=CC(=O)C=C42)CCCC1,-7.996944110520431,18,False,2.712812603062442,0.7796509746277093
C1[C@@H](N2C(CC)C3=CC=CC=C3CC4=CC(=O)C=C42)CCC1,-8.08019398654892,19,False,3.2986651300291925,0.8085563236590378
C1[C@H](N2C(C=C)C3=CC=CC=C3CC4=CC(=O)C=C42)CCCC1,-8.11768421914951,20,False,3.510804726786419,0.7499480272700034
C1[C@H](N2C(C)C3=CC=CC=C3CC4=CC(=O)C=C42)CCC1,-8.132981427474988,21,False,3.2772775866857025,0.7757416293042145
C1[C@H](N2C(C3CC3)C3=CC=CC=C3CC4=CC(=O)C=C42)CCCC1,-8.226662890861945,22,False,3.312980929854432,0.785796522003562
c1c(N2C(CCC)C3=CC=CC=C3CC4=CC(=O)C=C42)cccc1,-8.28847814156336,23,False,3.1132897210632224,0.7955905840972445
c1cc(N2C(C)C3=CC=CC=C3CC4=CC(=O)C=C42)ccc1,-8.441248682302273,24,False,3.044968976183039,0.783041056067665
c1cc(N2C(CC)C3=CC=CC=C3CC4=CC(=O)C=C42)ccc1Cl,-8.445715294317836,25,False,3.150375339792321,0.7469695033401635
C1CC(N2C(CC)C3=CC=CC=C3CC4=CC(=O)C=C42)CCC1,-8.531497689615222,26,False,3.2735498473375104,0.7875795698642385
C1[C@H](N2C(CN)C3=CC=CC=C3CC4=CC(=O)C=C42)CCCC1,-8.561657585945909,27,False,3.379268331838084,0.9118561229409304
C1[C@H](N2[C@H](Cc3ccccc3)C3=CC=CC=C3CC4=CC(=O)C=C42)CCCC1,-8.647794524533339,28,False,3.133654081754404,0.7064099227279
C1[C@H](N2CC3=CC=CC=C3CC4=CC(=O)C=C42)CCC1,-8.661998720141156,29,False,2.738740567229769,0.7755570746493127
C1[C@H](N2C(Cc3ccccc3)C3=CC=CC=C23)CCCC1,-8.665349562513711,30,False,2.5734939440987823,0.7520544401986233
C1[C@H](N2C(CC)C3=C(Cl)C=CC=C3CC4=CC(=O)C=C42)CCCC1,-8.67606033331026,31,False,3.449953935110046,0.7198404286049992
C1[C@H](N2Cc3ccccc3C(=O)C=C2)CCCC1,-8.689529485318872,32,False,2.5331051212023645,0.749321553043486
Fc1c(N2C(CC)C3=CC=CC=C3CC4=CC(=O)C=C42)cccc1,-8.707566312921742,33,False,3.197422162534795,0.7971811011521661
C1[C@H](N2C(CCCCCC)C3=CC=CC=C3CC4=CC(=O)C=C42)CCCC1,-8.729680200689529,34,False,3.260916471900517,0.5541964268841584
C1[C@H](N2CC3=CC(=O)C=C3CC4=CC(=O)C=C42)CCCC1,-8.784668188898877,35,False,3.3968055372039228,0.7414179887445693
n1c(N2C(CC)C3=CC=CC=C3CC4=CC(=O)C=C42)cccc1,-8.815999714494069,36,False,3.2777057600814814,0.8407668420147008
C1(N2C(C)C3=CC=CC=C3CC4=CC(=O)C=C42)CCCC1,-8.870884648066635,37,False,3.2772775866857025,0.7757416293042145
C1C(N2C(C)C3=CC=CC=C3CC4=CC(=O)C=C42)CC1,-8.881659145591016,38,False,3.3188755464727393,0.77364336579178
C1[C@H](N2C(C)C3=C(Cl)C=CC=C3CC4=CC(=O)C=C42)CCCC1,-8.927385377996217,39,False,3.4271274592778074,0.7242911931327278
Brc1c(N2C(CC)C3=CC=CC=C3CC4=CC(=O)C=C42)cccc1,-8.95674890323437,40,False,3.277745908354192,0.6995842361281175
c1c(N2C(CCl)C3=CC=CC=C3CC4=CC(=O)C=C42)cccc1,-8.957987882808652,41,False,3.23098429050628,0.7629979986173302
C1[C@H](N2C(c3ccccc3)C3=CC=CC=C3CC4=CC(=O)C=C42)CCC1,-9.043384093302052,42,False,3.074307785158243,0.7685140857003728
C1[C@H](N2[C@H](c3ccccc3)C3=CC=CC=C3CC4=CC(=O)C=C42)CCCC1,-9.049138902688384,43,False,3.071897301988149,0.7226598630070176
Cc1c(N2C(CC)C3=CC=CC=C3CC4=CC(=O)C=C42)cccc1,-9.059242758310688,44,False,3.167546577250514,0.7852129208163637
C1[C@@H](N2C(CC)c3ccccc3CC4=CC(=O)C=C42)CCCC1,-9.074585495007357,45,False,3.2735498473375104,0.7875795698642385
C1[C@H](N2C(/C=C/C)C3=CC=CC=C3CC4=CC(=O)C=C42)CCCC1,-9.1085714408714,46,False,3.566280490293993,0.7235657879567402
C1[C@H](N2C(CC)C3=CC=CC=C3CC4=CC(=O)C=C42)CCOC1,-9.11029256429174,47,False,3.4234210298863044,0.8362646733976229
C1[C@H](N2C(c3ccccc3)C3=CC=CC=C23)CCCC1,-9.137434104655767,48,False,2.446801174003104,0.7423438836717289
C1[C@H](N2C(c3ccc(O)cc3)C3=CC=CC=C3CC4=CC(=O)C=C42)CCCC1,-9.156752664637736,49,False,3.180570653105473,0.8015733371698806
c1c(N2C(CO)C3=CC=CC=C3CC4=CC(=O)C=C42)cccc1,-9.215253585796972,50,False,3.1415257371193688,0.92612270353791
C1[C@H](N2C3=CC=CC=CC=C3CC4=CC(=O)C=C42)CCCC1,-9.294567440002083,51,False,3.4477735347015495,0.7154097775358733
C1[C@H](N2C(C)C3=CC(=O)C=C3CC4=CC(=O)C=C42)CCCC1,-9.35062867166222,52,False,3.868063790743479,0.7450147120102556
C1[C@H](N2C(OC)C3=CC=CC=C3CC4=CC(=O)C=C42)CCCC1,-9.370671060461175,53,False,3.404024014960931,0.8291703353342147
c1c(N2C(CC)C3=CC=CC=C3CC4=CC(=O)C=C42)ccnc1,-9.372668257471105,54,False,3.323734921964375,0.8407668420147008
C1[C@@H](N2C(CC)C3=CC=CC=C3Cc4cc(O)ccc42)CCCC1,-9.409014246055904,55,False,2.8695182924917955,0.7794445001795908
C1[C@H](N2C(CN(C)C)C3=CC=CC=C3CC4=CC(=O)C=C42)CCCC1,-9.409541886078102,56,False,3.393427384019078,0.8369460377714216
C1[C@H](N2CC3=CC=CC(=O)C=C3CC4=CC(=O)C=C42)CCCC1,-9.436873506019808,57,False,3.010970771825729,0.7997234897646543
C1[C@H](N2C(CCOC)C3=CC=CC=C3CC4=CC(=O)C=C42)CCCC1,-9.461087217721824,58,False,3.3582957191086464,0.8179952287293387
C1CC(N2C(C)C3=CC=CC=C3CC4=CC(=O)C=C42)CCC1,-9.486972783372067,59,False,3.2489855627215007,0.76778705469829
C1C(N2CC3=CC=CC=C3CC4=CC(=O)C=C42)CCC1,-9.510080625310394,60,False,2.738740567229769,0.7755570746493127
C1C(CN2C(CC)C3=CC=CC=C3CC4=CC(=O)C=C42)CCCC1,-9.538962377773728,61,False,3.2972892815027848,0.7832215215637319
C1[C@@H](N2[C@H](CC)C3=CC=CC=C3CC4=CC(=O)C=C42)CCCC1,-9.622968081887052,62,False,3.2735498473375104,0.7875795698642385
C1[C@H](N2CC3C=CC=C3CC4=CC(=O)C=C42)CCCC1,-9.746617796081424,63,False,3.891741943233873,0.7241103730538988
C1[C@H](N2C(c3cccs3)C3=CC=CC=C3CC4=CC(=O)C=C42)CCCC1,-9.819328383064828,64,False,3.308189103839563,0.7115670147426588
C1C(N2C(CCC)C3=CC=CC=C3CC4=CC(=O)C=C42)CC1,-9.864825675398636,65,False,3.3568813731610607,0.8263781263120388
c1c(N2C(CC)C3=CC=CC=C3CC4=CC(=O)C=C42)scc1,-9.92225396396725,66,False,3.5074759473368857,0.8043217127010053
c1(N2CC3=CC=CC=C3CC4=CC(=O)C=C42)ccccc1,-9.932921119285368,67,False,2.4883217842038814,0.7902866267023545
C1[C@H](N2Cc3c(O)cccc3CC4=CC(=O)C=C42)CCCC1,-9.933303138152496,68,True,2.9765252802636795,0.8620883005768332
C1[C@@H](N2C(C(C)C)C3=CC=CC=C3CC4=CC(=O)C=C42)CCCC1,-9.942466074153517,69,False,3.3431037678859656,0.766463109613959
C1[C@H](N2CCC3=C(Cl)C(=O)C=C3CC4=CC(=O)C=C42)CCCC1,-9.994451956016988,70,True,3.3878782345122964,0.7337965202821904
C1[C@H](N2CCC3=CC=CC(=O)C=C32)CCCC1,-10.01476003932477,71,False,2.307211504917479,0.7377095375852614
C1[C@H](N2C(CC)C3=CC=CC=C3CC4=CC(=O)C(Cl)=C42)CCCC1,-10.046479055783491,72,True,3.343972664207037,0.7282118897031998
C1[C@H](N2C(c3ccoc3)C3=CC=CC=C3CC4=CC(=O)C=C42)CCCC1,-10.05189988328678,73,False,3.4326678251182843,0.7717843634866395
c1c(N2C(CC)C3=CC=CC=C3CC4=CC(=O)C(C)=C42)cccc1,-10.056258869736212,74,False,3.1473352060130555,0.7784327504967301
C1C(N2C(CCCCC)C3=CC=CC=C3CC4=CC(=O)C=C42)CCCC1,-10.056861391531156,75,False,3.2660576615975945,0.6175854488079502
C1[C@H](N2C(CC)C3=CC=CC=C3C=C4C=C(O)C=C42)CCCC1,-10.065101211250294,76,False,3.487419192917302,0.7785393642562385
C1[C@H](N2C(C)C3=CCCC3CC4=CC(=O)C=C42)CCCC1,-10.19864116731334,77,False,4.06220621523947,0.6739992856285707
C1[C@@H](N2C(CC)C3=CC=CC(=O)C=C32)CCCC1,-10.207104858724064,78,False,3.109617905195297,0.7898973877259732
C1[C@H](N2C(C)C3=CC(Br)=CC=C3CC4=CC(=O)C=C42)CCCC1,-10.209885716188296,79,False,3.3738848019351497,0.6841637774282004
C1C(N2C(CC)C3=CC=CC=C3CC4=CC(=O)C(C)=C42)CCCC1,-10.237393489944395,80,False,3.3141612929695787,0.7540177441117399
C1[C@H](N2C(C)C3=CCCC=C3CC4=CC(=O)C=C42)CCCC1,-10.240366165228693,81,False,3.869801668490731,0.7119183828652691
C1[C@H]([n+]2c(CC)c3ccccc3cc2)CCCC1,-10.24869435920857,82,False,2.7624940907234095,0.6927998133314957
C1[C@H](n2c(=O)[nH]c3ccccc3c2=O)CCCC1,-10.264415233861657,83,False,1.9573021123824468,0.8356474262178885
C1[C@H](N2C(C=C)c3ccccc3CC4=CC(=O)C=C42)CCCC1,-10.277990538539626,84,False,3.510804726786419,0.7499480272700034
C1C(N2C(c3ccccc3)C3=CC=CC=C3CC4=CC(=O)C=C42)CCC1,-10.399796752697569,85,False,3.074307785158243,0.7685140857003728
C1[C@@H](N2C(Cc3ccccc3)C3=CC=CC=C3CC4=CC(=O)C=C42)CCC1,-10.42775739105221,86,False,3.13577480198815,0.7574500822258472
[C@H]1(N2C(C)C3=CC=CC=C3CC4=CC(=O)C=C42)CCCC1,-10.45081712224112,87,False,3.2772775866857025,0.7757416293042145
C1[C@@H](N2C3=CC=CC=C3CC4=CC(=O)C=C42)CCC1,-10.457848776444749,88,False,2.7164146028651768,0.7622607781620333
C1[C@H](N2C(Cc3ccco3)C3=CC=CC=C3CC4=CC(=O)C=C42)CCCC1,-10.459747014794218,89,False,3.4060482635266114,0.7600331848621584
C(N1C(CC)C2=CC=CC=C2CC2=CC(=O)C=C21)CCC,-10.48532638985492,90,False,3.284392845197681,0.8245192083292117
C1[C@H](N2[C@@H](CC)c3ccccc3CC4=CC(=O)C=C42)CCCC1,-10.48989970321783,91,False,3.2735498473375104,0.7875795698642385
C1[C@H](N2C(N(C)C)C3=CC=CC=C3CC4=CC(=O)C=C42)CCCC1,-10.550426608166276,92,False,3.475926510360882,0.826577145543155
C1(CN2C(CC)C3=CC=CC=C3CC4=CC(=O)C=C42)CCCC1,-10.562465286231657,93,False,3.3194467474523206,0.8144533396955672
c1c(N2[C@H](C)C3=CC=CC=C3CC4=CC(=O)C=C42)cccc1,-10.575259375770202,94,False,3.044968976183039,0.783041056067665
Cc1c(N2C(CC)C3=CC=CC=C3CC4=CC(=O)C=C42)c(C)ccc1,-10.583758516393686,95,False,3.273044231256348,0.7535701736015222
C1[C@H](N2Cc3ccccc3C2=O)CCCC1,-10.635572220929134,96,False,1.9166794082452228,0.7049251763010339
FC(c1c(N2C(CC)C3=CC=CC=C3CC4=CC(=O)C=C42)cccc1)(F)F,-10.641560867813496,97,False,3.3091543364011047,0.6855188329057134
c1(N2C(C)(C)C3=CC=CC=C3CC4=CC(=O)C=C42)ccccc1,-10.6500287236928,98,False,2.769911800945863,0.7789310608963317
C1[C@H](N2Cc3ccccc3Cc3c2cccc3)CCCC1,-10.656699742629373,99,False,2.043546917135467,0.7140842526733391
C1[C@H](N2[C@H](C3CCCCC3)C3=CC=CC=C3CC4=CC(=O)C=C42)CCCC1,-10.687459255612367,100,False,3.2883109558343033,0.6542388424231274
C1[C@H](Nc2ccccc2)CCCC1,-10.738241466768171,101,False,1.477879986695216,0.7257523327912501
O[C@@H]1[C@H](N2C(CC)C3=CC=CC=C3CC4=CC(=O)C=C42)CCCC1,-10.78432329011413,102,False,3.849884430778568,0.9021463447134204
C1[C@H](N2C[C@@H]3CC=CC=C3CC4=CC(=O)C=C42)CCCC1,-10.803925436288424,103,False,3.8456414804334136,0.7257960443583282
C1[C@H](N2C(CCC)C3=CCCC3CC4=CC(=O)C=C42)CCCC1,-10.900917524828458,104,False,4.051772187660301,0.68928727955794
c1cc(N2C(CC)C3=CC=CC=C3CC4=CC(=O)C=C42)ccc1C(F)(F)F,-10.9043533414372,105,False,3.2459120287087977,0.6855188329057134
C1[C@H](n2c(CC)c3ccccc3nc2=O)CCCC1,-10.904557529836891,106,False,2.3007485239440975,0.8243533624838769
C1C(N2C(C)c3ccccc3CC4=CC(=O)C=C42)CC1,-10.915416412935896,107,False,3.3188755464727393,0.77364336579178
O1[C@H](N2C(CC)C3=CC=CC=C3CC4=CC(=O)C=C42)CCCC1,-10.997979071180623,108,False,3.72572213025502,0.8291703353342148
C1[C@H](N2C(CC)C3=C/C(=C\C)C=C3CC4=CC(=O)C=C42)CCCC1,-11.008410395516762,109,False,4.129976677584962,0.712383498632797
C1[C@@H](N2C(CC)C3=CC=CC=C3CC4=CC(=O)C=C42)CCC[C@H]1O,-11.012625709074428,110,False,3.8789131933203738,0.9021463447134204
C1C(N2CC3=CC(=O)C=C3CC4=CC(=O)C=C42)CCCC1,-11.035463962613107,111,False,3.3968055372039228,0.7414179887445693
c1c(N2C(SC)C3=CC=CC=C3CC4=CC(=O)C=C42)cccc1,-11.04275573255302,112,False,3.3433716613443973,0.8124463096908242
N1(C)C2=CC=CC=CC=C2CC1,-11.044734317285474,113,False,3.3694817811880577,0.5237462281017401
C1C(N2C(CC)C3=CC=CC=C3CC4=CC(=O)C(O)=C42)CCCC1,-11.078711361799094,114,False,3.338235540461218,0.8639671406596093
c1c(N2C(CCc3ccccc3)C3=CC(=O)C=C32)cccc1,-11.087182251393417,115,False,2.899025954733334,0.8496991917633564
C1C(N2C(Cc3ccccc3)C3=CC(=O)C=C23)CCCC1,-11.09297755866919,116,False,3.08151021492473,0.8416651783143914
C1[C@H](N2C(CC)C3=CC=CC=C3CC4=CC(=O)C=C42)CCC[C@@H]1O,-11.137880338385004,117,False,3.8789131933203738,0.9021463447134204
C(N1C(CC)C2=CC(=O)C=C2CC1)C,-11.198023174096337,118,False,3.5459493370848687,0.664386002140319
C1[C@H](N2C(CC)C3=CC(=O)CC32)CCCC1,-11.211126176582198,119,False,3.691050480211009,0.7113961411426277
Fc1ccc(N2C(CC)C3=CC=CC=C3CC4=CC(=O)C=C42)cc1,-11.247767602544698,120,False,3.1555566106953306,0.7971811011521661
c1cc(N2C(Cc3ccccc3)C3=CC=CC=C3CC4=CC(=O)C=C42)ccc1,-11.274132908833678,121,False,2.9608006989925855,0.6186576308751914
COc1c(N2C(C)(C)C3=CC=CC=C3CC4=CC(=O)C=C42)cccc1,-11.308588198579756,122,False,2.8270122329263714,0.8174306338338684
C1[C@H](N2[C@@H](C3CCCC3)C3=CC=CC=C3CC4=CC(=O)C=C42)CCCC1,-11.36010628245279,123,False,3.2991531398035985,0.7036890950463867
C1[C@H](Cn2c(CC)c3ccccc3cc2=O)CCCC1,-11.388408588478342,124,False,2.325103593799927,0.8203304840115606
[O-][N+](=O)c1c(N2C(C)C3=CC=CC=C3CC4=CC(=O)C=C42)cccc1,-11.429230254195916,125,False,3.250307286510953,0.6130683820680284
c1cc(N2C(C3CC3)C3=CC=CC=C3CC4=CC(=O)C=C42)ccc1,-11.481405355545633,126,False,3.1080262045797067,0.8077634800257716
C1[C@H](N2C(Cc3cc(O)ccc3)C3=CC=CC=C3CC4=CC(=O)C=C42)CCCC1,-11.543289032966214,127,False,3.2938499833908113,0.7834201048802651
c1cc(N2C(CC)C3=C(Cl)C=CC=C3CC4=CC(=O)C=C42)ccc1,-11.6091965614943,128,False,3.2770857076852966,0.7469695033401637
C1C(N2CC3=CC=CCC3CC4=CC(=O)C=C42)CCCC1,-11.620918981083392,129,False,3.859572497803141,0.7257960443583282
C1[C@@H](N2[C@H](C(C)C)C3=CC=CC=C3CC4=CC(=O)C=C42)CCCC1,-11.642333693136663,130,False,3.3431037678859656,0.766463109613959
c1c(N2C(c3ccccc3)C3=CC(=O)C=C23)cccc1,-11.706461488273362,131,False,2.8383359458414343,0.8202850312430118
C1[C@H](N2C(CC)C3=C[C@H](OC)C=C3CC4=CC(=O)C=C42)CCCC1,-11.712346976404715,132,False,4.37765019346808,0.7829450437233285
C1[C@H](N2C(C)C3=CC=CC=C3Cc4ccccc42)CCCC1,-11.731689358370232,133,False,2.6647575523664706,0.6711199238511772
C1[C@H](N2C(Cc3ccc(OC)cc3)C3=CC=CC=C23)CCCC1,-11.86209529717462,134,False,2.6175896764723774,0.7759536186916229
C1[C@H](N2C(Cc3ccc(Cl)cc3)C3=CC=CC=C23)CCCC1,-11.868252860345365,135,False,2.642418380768838,0.6945271178045269
C1[C@@H](N2C(C3CCCC3)C3=CC=CC=C3CC4=CC(=O)C=C42)CCCC1,-11.876820073150183,136,False,3.2991531398035985,0.7036890950463867
COc1c(N2C(C(F)(F)F)C3=CC=CC=C3CC4=CC(=O)C=C42)cccc1,-11.902494190650074,137,False,3.309873972028636,0.7627515866243941
C1[C@@H](N2C(CC(F)(F)F)C3=CC=CC=C3CC4=CC(=O)C=C42)CCCC1,-11.923904299859984,138,False,3.514673724624183,0.7157217313163062
c1(N2[C@H](C)C3=CC=CC=C3CC4=CC(=O)C=C42)ccccc1,-11.966952607158191,139,False,3.044968976183039,0.783041056067665
C1[C@H](N2C(CC)c3ccccc3C2=O)CCCC1,-11.970845344563712,140,False,2.6288847691006225,0.7704480021477822
C1[C@H](N2C(COC)C3=CC(=O)C=C3CC4=CC(=O)C=C42)CCCC1,-11.973507465711137,141,False,3.89639406888931,0.8003630075872697
C1[C@H](N2S(=O)(=O)c3ccccc3C2=O)CCCC1,-11.98582209547294,142,False,2.3248127110597885,0.781584125983589
C1[C@H](CN2Cc3c(cccc3)C2)CCCC1,-12.034926362685384,143,False,1.9126128984252553,0.7285431250272871
C1[C@@H](N2C(C)C3=CC=CC=C3CC4=CC(=O)C=C42)CCC[C@@H]1O,-12.03891527805581,144,False,3.861164096630732,0.8650813341289717
C1[C@H](n2c(C)c3cc(OC)ccc3cc2=O)CCCC1,-12.043418755056337,145,False,2.2543708561201825,0.8310317583814297
C1C(N2CC3=CC=CC=C3CC4=CC(=O)C=C42)CCNC1,-12.063612808480713,146,False,2.918046101821748,0.8556340978578563
C1[C@H](NCc2cc3ccccc3cc2)CCCC1,-12.115965237972006,147,False,1.6708590157355037,0.8434401786057462
c1(N2C(CC)C3=CC=CC=C3CC4=CC(=O)C=C42)cc2c(cc1)OCO2,-12.15357165280875,148,False,3.315803613014598,0.8123756822456226
C1[C@H](N2C(CC)C3=CC=CC=C3CC4=CC(=O)C=C42)CC2CC1CC2,-12.17927807677188,149,False,4.666264889818981,0.7615900438303167
C1[C@H](N2C(C)C3=CC=CC=C3CC4=CC(=O)C=C42)CC(C)(C)CC1,-12.195302939503565,150,False,3.733689156678782,0.7278162772907235
O1C(N2C(C)C3=CC=CC=C3CC4=CC(=O)C=C42)CCCC1,-12.212956613199708,151,False,3.7109244214139823,0.7936068784481078
c1c(N2C(CC)C3=CC=CC=C3CC4=CC(=O)C=C42)cccc1C(F)(F)F,-12.25658805402088,152,False,3.2727498829598103,0.6855188329057134
C1[C@H](N2C(CC)C3=CC=CC=C3CC4=CC(=O)C=C42)[C@H](C)CC1,-12.28149429630139,153,False,3.8589109497775858,0.796986410409429
C(N1C(C)C2=CC=CC=C1CC1=CC(=O)C=C12)C,-12.283059201989104,154,False,4.876694532857955,0.7009349682669053
C1[C@H](N2C(CCC)C3=C[C@@H](O)C=C3CC4=CC(=O)C=C42)CCCC1,-12.300960823260551,155,False,4.308515745307544,0.8575117055296272
C1[C@H](N2C(CF)C3=CC=CC=C3CC4=CC(=O)C=C42)CCCCC1,-12.302342525225072,156,False,3.4396455452390473,0.736466922222356
C1[C@H](n2nnc3ccccc23)CCCC1,-12.364702200517286,157,False,1.9722131188039176,0.7098330658832327
c1c(N2C(c3ncccc3)C3=CC=CC=C3CC4=CC(=O)C=C42)cccc1,-12.393649657964149,158,False,3.1241769173727647,0.6756992416603208
C1[C@@H](N2[C@H](CC)C3=CC=CC=C3Cc4ccc(O)cc42)CCCC1,-12.402987314440452,159,False,2.8992360946895968,0.7794445001795908
C1[C@H](N2CCn3c2ncn3)CCCC1,-12.41941577663738,160,False,2.7139256406371928,0.67470052505276
C1[C@H](N2C(CF)C3=CC=CC=C3CC4=CC(=O)C=C42)CCOC1,-12.43871916598448,161,False,3.618048354800196,0.8399793749472574
C1[C@H](N2CCCC3=CC=CC=C3Cc4cc(O)c(O)cc42)CCCC1,-12.452757160396231,162,True,2.7763418729548004,0.7365024020602515
C1[C@@H](N2C(C)C3=C[C@@H](O)C=C3CC4=CC(=O)C=C42)CCCC1,-12.498505783216416,163,False,4.337858281304092,0.8085239063472569
C1[C@H](N2CC3=CC=CC=C3CC4=CC(=O)C=C42)COC1,-12.500674777897103,164,False,3.386275189648476,0.7811803099464993
C1[C@H](N2C(CC)C3=CC(=O)C=C3C=C2)CCCC1,-12.512166404867472,165,False,3.649599266142043,0.7408903444513593
C1[C@H](N2C(/C=C/C(=O)C)C3=CC=CC=C3CC4=CC(=O)C=C42)CCCC1,-12.519939474434892,166,False,3.593523329613788,0.7578767898264276
C1[C@H](N2C(C)C3=CC=CC=C3Cc3cc(O)ccc32)CCCC1,-12.63320992511582,167,False,2.825066724490208,0.7827545083544027
C1[C@H](N2CC[C@H]3C=CC=CC=C3CC4=CC(=O)C=C42)CCCC1,-12.638710726583897,168,False,3.8520801742099344,0.7118131187457915
C1[C@H](N2C(CC)C3=CC=CC=C3CC4=CC(=O)C(C)=C42)CCOC1,-12.73554054620763,169,False,3.459688383270582,0.8249447191015074
c1c(N2C(CCl)C3=CC=CC=C3CC4=CC(=O)C=C42)occ1,-12.738612342164402,170,False,3.683737485798423,0.7855852995270648
C1C(N2C(CC)C3=CC=CC=C3CC4=CC(=O)C=C42)(C)CC1,-12.756757438859664,171,False,3.5679946663195157,0.8085563236590378
c1ccccc1C1=C(N2C(CC)C3=CC=CC=C3CC4=CC(=O)C=C42)CCCC1,-12.771318431842817,172,False,3.4138945082776884,0.6151858138265854
C1[C@@H](N2C(C)C3=CC=CC=C3CC4=CC(=O)C=C42)CC[C@@H](O)C1,-12.776599526071095,173,False,3.4033141725645217,0.8650813341289717
C1[C@H](N2c3ccccc3C=CC2=O)CCCC1,-12.802563107494308,174,False,1.930061658763634,0.7303994851681531
C1[C@H](n2c(CC)c3c(cccc3)c2)CCCC1,-12.81561736464937,175,False,2.3349536587636344,0.6999465956274711
C1[C@H](N2CC3=C([N+]([O-])=O)C=CC=C3CC4=CC(=O)C=C42)CCCC1,-12.879074073617517,176,False,3.0083866501438647,0.6147701648597055
C1[C@H](N2C(C)(Cc3ccccc3)C3=CC(=O)C=C23)CCCC1,-12.880046930120455,177,False,3.1826906107984243,0.8383672315866882
C1[C@H](N2C(C)(C)c3ccccc3C=C2)CCCC1,-12.90664227955861,178,False,2.7415349526191335,0.697386338991256
C1[C@H](N2Cc3cc(CO)ccc3CC4=CC(=O)C=C42)CCCC1,-12.917372700302169,179,False,2.8719243883584493,0.9113549088886724
C1[C@H](N2C(=O)C3=CC=CC=C3Cc4cc(O)c(O)cc42)CCCC1,-12.925698848866944,180,True,2.3607438407793175,0.7803830845585478
C1=C(N2C(c3ccccc3)C3=CC=CC=C3CC4=CC(=O)C=C42)CCC1,-12.934877760610163,181,False,3.3656740189244783,0.7589690108936832
C1[C@H](N[C@H]2CC3=CC=CC=C3CC4=CC(=O)C=C42)CCCC1,-12.93759394658629,182,False,3.204861931064695,0.9037987518832644
C1[C@H](N2C(C)CC3=CC=CC=C3CC4=CC(=O)C=C42)CCC1,-12.943603594148271,183,False,3.248808158875346,0.7844770312911453
c1cc(N2C(COC)C3=CC=CC=C3CC4=CC(=O)C=C42)ccc1Cl,-12.96537642009946,184,False,3.2151235378652316,0.81596253887799
C1[C@H](Nc2cc(Cl)cc(Cl)c2)CCCC1,-12.971450282202582,185,False,1.8844701492153677,0.7918708006101761
C1(N2C(C)C3=CC=CC=CC=C3CC4=CC(=O)C=C42)CCCC1,-13.00197630257776,186,False,4.019008171103296,0.7156359970044001
C1[C@H](N2Cc3c(c(Cl)ccc3)C2)CCCC1,-13.049968561596415,187,False,2.169731126739494,0.7116622067076914
C1[C@H](OCc2ccncc2)CCCC1,-13.102610339312378,188,False,1.8885168494284024,0.7324815354346318
C1[C@H](N2C(COC)C3=CCCC=C3CC4=CC(=O)C=C42)CCCC1,-13.136171564128858,189,False,3.898404226557727,0.7828934604114528
C1[C@H](N2C(C)c3ccccc3CCC2)CCCC1,-13.16262204128725,190,False,2.5972674083771654,0.7094097830997319
C1[C@H](N2Cc3c(cc[nH]3)C2)CCCC1,-13.166760306347214,191,False,2.7838289373404894,0.7210149785826339
C1[C@H](N2[C@@H](C(CC)C)C3=CC=CC=C3CC4=CC(=O)C=C42)CCCC1,-13.195435649607589,192,False,3.6336922042500217,0.7411344698833369
C1[C@@H](N2C3C=CC=CC=C3CC4=CC(=O)C=C42)CCCC1,-13.232889505961822,193,False,3.9133715052473095,0.72661315935978
C1C[C@@H](N2C(CC)C3=CC=CC=C3Cc4cc(O)ccc42)CCC1,-13.32655513550742,194,False,2.8695182924917955,0.7794445001795909
c1c(C2N(CC)C3=CC=CC=C3CC4=CC(=O)C=C42)cccc1,-13.32986608765367,195,False,3.048810237693422,0.826400207872976
C1[C@@H](N2C(CCC)C3=CC=CCC3CC4=CC(=O)C=C42)CCCC1,-13.338635370812,196,False,4.113147947887572,0.7208637811708296
C1[C@H](N2CC3=CC=CC=C3Cc4cc(O)ccc4C2)CCCC1,-13.339237865635369,197,False,2.2531336643765485,0.8299543967023265
C1[C@H](N2C(CC)C3=CCCC=C3CC4=CC(=O)C=C42)CCOC1,-13.357693064660111,198,False,4.014674531608462,0.7787565724362718
c1(N2C(C)C3=CC=CC=C3CC4=CC(=O)C=C42)cccnn1,-13.371740216539138,199,False,3.4626382069522696,0.8093779626118346
c1cc(N2C(Cc3ccccc3)C3=CC=CC=C3CC4=CC(=O)C=C42)ccc1OC,-13.398227842105086,200,False,2.9975833973638437,0.5915262681365377
C1C(N2C3=CC(Cl)=CC=C3CC4=CC(=O)C=C42)CCCC1,-13.406798384262515,201,False,2.8030620315292687,0.7644526545032696
[C@H]1(N2C(CC)C3=CC=CC=C3CC4=CC(=O)CC42)CCCC1,-13.43914088838244,202,False,3.5649556714139816,0.8144791046190095
c1c(N2C(CC)C3=CC=CC=C3CC4=CC(=O)CC42)cccn1,-13.454950133237162,203,False,3.5283772393250548,0.8443466000340892
C1(N2C(CC)C3=CC=CC=C3CC4=CC(=O)C(Br)=C42)CCCC1,-13.476794084461858,204,True,3.4310211655715133,0.7238407964996793
C1C(N2CC3=C(Cl)C(=O)C=C3CC4=CC(=O)C=C42)CC1,-13.480019610506943,205,True,3.6394086525342946,0.7439301462416806
C1[C@H](N2CC=C3CCCC=C3CC4=CC(=O)C=C42)CCCC1,-13.480333593055562,206,False,3.2961240672459287,0.7118422527421056
C1[C@@H](N2C(c3ccc(Cl)cc3)C3=CC=CC=C3CC4=CC(=O)C=C42)CCC1,-13.523920196143251,207,False,3.122412869174129,0.6781839360543738
C1[C@H](N2C(CCBr)c3ccccc3CC4=CC(=O)C=C42)CCCC1,-13.576573749676824,208,False,3.490247303480806,0.6742760545498241
c1cc(CN2C(C=C)C3=CC=CC=C3CC4=CC(=O)C=C42)ccc1,-13.62483064986374,209,False,3.2737745562280587,0.7845309740641535
C1CCN(N2C(CC)C3=CC=CC=C3CC4=CC(=O)C=C42)CC1,-13.649406771291993,210,False,3.4961567359712635,0.8302734782116986
C1[C@H](N2C(Sc3ccc(C)cc3)C3=CC=CC=C3CC4=CC(=O)C=C42)CCCC1,-13.670425065143776,211,False,3.3859660014903588,0.5959054749383185
C1CN(C2CCC3=CC=CC=C3CC4=CC(=O)C=C42)CCC1,-13.680622815918497,212,False,3.118270215088364,0.7900400773152397
c1(N2C(C(F)(F)F)C3=CC=CC=C3CC4=CC(=O)C=C42)cccnc1,-13.709372690599167,213,False,3.4764812843441053,0.7808695073740108
C1[C@H](N2CCc3cccc(F)c3C2)CCCC1,-13.717584621896265,214,False,2.1067884279944025,0.7171097078363255
C1[C@H](NC2=CC=CC=CC=C2CC2=CC(=O)C=C2O)CCCC1,-13.732069128243907,215,False,3.333867212698289,0.8185431674029168
C1[C@H](N2[C@@H](C(Cl)Cl)C3=CC=CC=C3CC4=CC(=O)C=C42)CCCC1,-13.759183543534403,216,False,3.562017480260547,0.6812635295451602
C1[C@H](N2[C@@H](CC)C3C=CC=CC=C3CC4=CC(=O)C=C42)CCCC1,-13.791069852668784,217,False,4.222552343491969,0.7233186276320188
C1[C@@H](N2C(C)c3cccc(F)c3CC4=CC(=O)C=C42)CCCC1,-13.80737479134406,218,False,3.4287554313057793,0.7624116429746498
C1[C@H](N2[C@H](CCC)C3=C(Cl)C(=O)C=C3CC4=CC(=O)C=C42)CCCC1,-13.807584644455488,219,True,3.902262216088417,0.7409856660987161
C(N1C(CC)C2=CC=CC=C2CC2=CC(=O)C=C12)Cc1ccccc1,-13.821151112435048,220,False,3.080528595820974,0.8148216015512657
Cc1c(N2C(CC)C3=CC=CC=C3CC4=CC(=O)C=C42)ccc(OC)c1,-13.862099336085636,221,False,3.2130071965576548,0.7914230845882878
C1C(N2C(CC)C3=CC=C(Cl)C=C3CC4=CC(=O)C=C42)CC1,-13.905816968094769,222,False,3.4249125323244787,0.7953231399686262
C1[C@H](N2C(c3ccccc3)C3=C(Cl)C(=O)CC32)CCCC1,-13.91516828103886,223,True,3.4036672492873894,0.8153260189595888
C1[C@H](N2C(/C=C/c3ccccc3Cl)C3=CC(=O)C=C32)CCCC1,-13.927729714508132,224,False,3.383796230804788,0.7979878822102058
c1c(N2C3=CC=CC=C3CC4=CC(=O)C=C42)c(C)ccc1,-13.92998068941236,225,False,2.543417138717162,0.7799032052666739
C1[C@@H](N2C(CC)[C@@H]3[C@@H](Cl)C=CC=C3CC4=CC(=O)C=C42)CCCC1,-13.961749408527352,226,False,4.538529915728401,0.6633859699245114
C1[C@H](N2C(c3ccccc3)C3=C(F)C(=O)C=C23)CCCC1,-13.968931996425454,227,True,3.1406183180854494,0.8152677037019134
C1[C@H](N2C(OC)C3=CC=CC(C)=C3CC4=CC(=O)C=C42)CCCC1,-13.982017241796882,228,False,3.5488937344411493,0.8157688461460099
C1[C@H](N2[C@@H](CC)C3=CCC(=O)C=C32)CCCC1,-14.03349732561766,229,False,3.5906795428698057,0.7271087183012201
CCC1[C@H](N2C(CCC)C3=CC=CC=C3CC4=CC(=O)C=C42)CCCC1,-14.06929788128403,230,False,3.8821870159177623,0.6898215745338986
C1[C@H](N2C3=CC=CC(C)(C)C3CC4=CC(=O)C=C42)CCCC1,-14.075397448788893,231,False,3.949619834699522,0.7089223375523095
C1[C@H](N2C(C=C)C3=CC=CC=C3Cc3ccccc32)CCCC1,-14.079565156353112,232,False,2.9489240656126494,0.6472519261115167
C1[C@H](N2C(N(C)C)C3=C(Cl)C=CC=C3CC4=CC(=O)C=C42)CCCC1,-14.089982032896105,233,False,3.5975337220472463,0.779913742134907
c1(C2=CC(=O)C=C2)ccccc1,-14.092291559151022,234,False,2.035282220748499,0.6088463582448175
C1C(n2c(C)c3cc(O)ccc3cc2=O)CCCC1,-14.14552667143289,235,False,2.3907027896783646,0.8489269022552532
C1[C@H](n2nc(CC)nc2)CCCC1,-14.16147164767608,236,False,2.6239340819926316,0.6973332824157766
C1[C@H](N2C(Cc3cccc(Br)c3)C3=CC(=O)C=C32)CCCC1,-14.162010681762254,237,False,3.2538858031061153,0.7982518634559359
C1[C@H](N2[C@@H]([C@@H](C)O)C3=CC=CC=C3CC4=CC(=O)C=C42)CCCC1,-14.177402561632364,238,False,3.6564863138694177,0.9021463447134204
C1[C@H](N2C(c3ccccc3)C3=CC=CC=C3CC4=CC(=O)CC(C)=C42)CCCC1,-14.180362037141208,239,False,3.233596408730177,0.6206727382270741
C1[C@H](N2C(c3ccc(OC)nc3)C3=CC=CC=C3CC4=CC(=O)C=C42)CCCC1,-14.183409356526909,240,False,3.316880209635153,0.7624971207171474
c1c(C(C)N2C(CC)C3=CC=CC=C3CC4=CC(=O)C=C42)cccc1,-14.325600288674082,241,False,3.432905665788483,0.7759393863091902
C1C(N2C(C)OC3=CC=CC=C3CC4=CC(=O)C=C42)CCCC1,-14.32624915849749,242,False,3.402372809450023,0.7852080637324356
C1[C@H](N2CC3=CC=C[C@H](Br)[C@@H]3CC4=CC(=O)C=C42)CCCC1,-14.38113126772447,243,False,4.317792690644751,0.650354207631177
Cc1c(N2C(CC)C3=CC=CC=C3CC4=CC(=O)C=C42)cc(Cl)cc1,-14.404187078192422,244,False,3.2517055530331618,0.7074770249978598
C1C(N2CC3=CC=CC=C3Cc3cc(O)ccc32)CCCC1,-14.404265339660938,245,False,2.212996966654213,0.8279473008384666
C1[C@H](N2C3=CC=CC=CC=C3CC4=CC(=O)C=C42)CC(C)(C)CC1,-14.427363217173934,246,False,4.089704436782286,0.678376527216506
C1[C@H]([N+]2(C)Cc3ccccc3C(=O)C=C2)CCCC1,-14.427502865880342,247,False,3.574882923534785,0.7005589925205222
C1[C@H](N2C(CC)C3=CC=CC=C3Cc4cc(OC(C)=O)c(O)cc42)CCCC1,-14.430412432441583,248,False,3.081591000197405,0.5640448344011072
c1cc2ccccc2c(N2C(CC)C3=CC=CC=C3CC4=CC(=O)C=C42)c1,-14.441747164434103,249,False,3.135934777645404,0.5860502984481759
C1[C@H](N2C(c3cccs3)C3=CC=CC=C3CC4=CC(=O)C=C42)CCOC1,-14.47496994909551,250,False,3.438596496446955,0.7980823385035833
c1c(N2C(C)C3=CC=CC=C3CC4=CC(=O)C(OCC)=C42)cccc1,-14.515682059899971,251,False,3.14108507632677,0.8251014499816679
Clc1c(N2[C@H](Cc3ccccc3)C3=CC=CC=C3CC4=CC(=O)C=C42)cccc1,-14.535377416401502,252,False,3.048903377055968,0.5334177095260553
C1[C@@H](N2[C@@H](c3ccccc3)C3=CC=CC=C3CC4=CC(=O)C=C42)CCCCC1,-14.545842299507996,253,False,3.0720854070556083,0.628291879943958
C1[C@H](n2cc(C=C)c3ccccc3CC4=CC(=O)C=C42)CCCC1,-14.547187670879808,254,False,3.205659397396611,0.7808669057774658
C1[C@H](N2C(=O)C3=CC=CC=C3C=C2)CCCC1,-14.552467364352252,255,False,1.885166889532865,0.7303994851681531
C1[C@H](N2[C@H](C(C)C)C3=C(Br)C(=O)C=C3CC4=CC(=O)C=C42)CCCC1,-14.5537767171121,256,True,3.967772548854242,0.6776370565309496
C1[C@H](N2CCC3=CC=CC=C3CC4=CC(=O)C=C42)C[C@@H](C)CC1,-14.7454556084341,257,False,3.4892174230219535,0.7796252637065119
C1[C@H](N2C3=C(C(F)(F)F)C=CC=CC=C3CC4=CC(=O)C=C42)CCCC1,-14.842857575689948,258,False,3.6015579717921433,0.6342486628635429
C1[C@@H](N2C(C)C3=CC=CC(=O)C=C32)CCC[C@@H]1C,-14.895552362708258,259,False,3.6290758664731664,0.7520284243642987
C1[C@@H](O)[C@H](N2[C@H](CC)C3=CC=CC=C3CC4=CC(=O)C=C42)CCCC1,-14.898594665326556,260,False,3.825920839553821,0.8267297665644453
C1[C@H](n2c3ccccc3nc2C2=CC(=O)C=C2C)CCCC1,-14.906683979119409,261,False,2.521103645648294,0.819081036728117
C1CCCN(N2C(CC)C3=CC=CC=C3CC4=CC(=O)C=C42)C1,-14.924101541335418,262,False,3.4961567359712635,0.8302734782116986
c1c(N2C(CCNC(=O)C)C3=CC=CC=C3CC4=CC(=O)C=C42)cccc1,-14.950301895944053,263,False,3.2007692694437715,0.9063971239065648
C1C(N2C(Cc3ccccc3)C3=CC(=O)C=C32)C1,-14.98595195769758,264,False,3.1586226389231076,0.8045812783914403
C1[C@H](N2CCCCC(C)=C2)CCCC1,-14.986114587634802,265,False,2.702593906517654,0.6133833345062287
C1[C@@H]2N(C3=CC=CC=C3CC4=CC(=O)C=C42)CCC1,-15.029625894105294,266,False,3.1367783880702493,0.706095755203896
C1C2=C(C(=O)C=C2)CCCC1,-15.035628710757123,267,False,2.804643124758769,0.5151622292349534
Cl[C@@H]1[C@H](N2C(CCC)C3=CC=CC=C3CC4=CC(=O)C=C42)CCCC1,-15.07639887387269,268,False,4.032803531861513,0.6828944387098007
FC(F)(Oc1c(N2C(CC)C3=CC=CC=C3CC4=CC(=O)C=C42)c(F)ccc1)F,-15.097938929432315,269,False,3.530885941158532,0.6222774489707574
C1[C@H](N2C3=CC=C[C@H](Br)C[C@H]3CC4=CC(=O)C=C42)CCCC1,-15.120789175269351,270,False,4.308111200260136,0.6351471089886468
C1[C@H](N2C(CN3CCCC3)C3=CC(=O)C=C32)CCCC1,-15.13007629738422,271,False,3.349864498644564,0.7884134614497983
C1[C@@H](N2C(CC)C(=O)C=CC2)CCCC1,-15.137337488937192,272,False,3.3426662433905374,0.6932532673608751
CCC1C(N2C(CCCC)C3=CC=CC=C3CC4=CC(=O)C=C42)CCCC1,-15.231736801819409,273,False,3.8669563640317697,0.626244891445997
C1[C@H](N2C(C(C)C)C3=CC=CC=C3CC4=CCC(=O)C=C42)CCCC1,-15.240387584243877,274,False,3.467483153249848,0.7251510455391526
C1C(N2CC3=CC(=O)C=C2CC2=CC(=O)C=C23)CCCC1,-15.257278173600769,275,False,4.118712142099496,0.7414179887445693
C1[C@H](N2C(COC)C3=CC=CC3CC4=CC(=O)C=C42)CCCC1,-15.270986917115977,276,False,4.171332692826776,0.7981584017884044
C1[C@H](N2C(CF)C3=CC=CC=C3CC4=CC(=O)C=C42)CC(C)(C)CC1,-15.273082525942414,277,False,3.935018693957497,0.7623121370781045
C1[C@H](N2C(C)(C)c3ccccc3Cc3ccccc32)CCCC1,-15.304126615024929,278,False,2.407437591573146,0.6563028319661158
C1[C@@H](N2C(CC)C3=CC=CC=C3CC4=CC(=O)C(Cl)=C42)CCC[C@H]1O,-15.32037990435674,279,True,3.9439728709731066,0.8593258251378705
C1[C@H](N2C(C)[C@@H]3[C@@H](F)C=CC=C3CC4=CC(=O)C=C42)CCCC1,-15.354706969294185,280,False,4.508473886840523,0.7208354807383299
C1C(N2C(CC)C3=C[C@@H](O)C[C@H]3CC4=CC(=O)C=C42)CCCC1,-15.38540407182883,281,False,4.336590670057307,0.793251332222019
C1[C@H](N2[C@@H](CC)C3=CC=CC=C3Cc4cc(O)ccc42)CCC[C@H]1O,-15.508731292444509,282,False,3.4805612241692057,0.844275138879862
C1[C@H](N2C(CC)C3=CC=C[C@@H](OCC)C=C3CC4=CC(=O)C=C42)CCCC1,-15.546133610383777,283,False,4.433647107426194,0.7001324732772969
[O-][N+](c1cccc(N2C(C)C3=CC=CC=C3CC4=CC(=O)C=C42)c1)=O,-15.54737001895876,284,False,3.2316247296312124,0.6130683820680284
C1C(N2C[C@@]3(O)CC=CC=C3CC4=CC(=O)C=C42)CCCC1,-15.553663334529231,285,False,4.000812245413808,0.8085187772014722
C1[C@H](N2CC3=CC=CC=C3Cc4cc(C(=O)O)c(O)cc42)CCCC1,-15.56381782358541,286,False,2.386905082330488,0.8559297652947736
C1[C@H](N2C(C)(C)C(=O)C=C2CC2=CC(=O)C=C2)CCCC1,-15.57790859491071,287,False,3.318069435295273,0.7979771024001909
c1(N2C(CN)C3=CC=CC=C3CC4=CC(=O)C=C42)ccsc1,-15.6406307461516,288,False,3.629004072336885,0.9264614687873176
C1[C@H](N2[C@@H](CO)c3ccccc3CC4=CC(=O)C=C42)CCC1,-15.679386305640977,289,False,3.365723783875346,0.911764199551323
c1c(CN2C(CC)C3=CC=CC=C3CC4=CC(=O)C=C42)ccc(F)c1F,-15.69207525294226,290,False,3.2272762194266784,0.7864605882391301
C1[C@H](N2[C@H](C)C(=O)c3ccccc3C2=O)CCCC1,-15.701871587822096,291,False,2.6770212452131066,0.7751017211636325
C1[C@H](N2C(CC)C3=CC=CCC3CC4=CC(=O)C=C42)CC[C@@H]1O,-15.747403559486996,292,False,4.637087051704825,0.8506041115743328
C1[C@@H](N2C(CC)C3=CC=C[C@H](OC)C=C3CC4=CC(=O)C=C42)CCCC1,-15.751160547865195,293,False,4.434341995998578,0.7420860750526846
C1[C@H](N2C(CC)C3=CC=CC(=O)C=C32)CC[C@H](C)CC1,-15.75405433798734,294,False,3.597608576906268,0.7479780279737298
C1[C@@H](N2C(CC)C3=CC=CC=C3CC4=CC(=O)CC42)CCCC1=O,-15.754849648772732,295,False,3.94499145418994,0.83111013930157
C1[C@H](N2C3=CC=CC=C3C[C@@]4(O)CC(=O)C=C42)CCCC1,-15.818927268948784,296,False,3.23495148328091,0.861137841942851
C1[C@H](N2C(C(C)C)C3=CC(O)=C(C)C(=O)C=C32)CCCC1,-15.848005619292962,297,False,3.349752261643305,0.8962070508481826
C1[C@H](N2CC3=CC=C=CCC3=CC(=O)C=C2)CCCC1,-15.863948104211886,298,False,3.967096238676965,0.6753687299393043
C1[C@H](N2[C@@H](C)C3=CC=CC=C3CC4=CC(=O)C=C42)Cc2ccccc21,-15.868719918518764,299,False,3.3077913987714496,0.7835005978984602
C1[C@H](N2CC(C)(C#N)C3=CC=CC=C3CC4=CC(=O)C=C42)CCCC1,-15.880341929398211,300,False,3.6678523840190778,0.779049262591689
C1[C@H](N2C(C)C3=C/C(=C\C=C\c4ccccc4)C=C3CC4=CC(=O)C=C42)CCCC1,-15.898014105390772,301,False,3.85129161414706,0.5973837606395156
c1(N2C3=CC=CC=C2CC2=CC(=O)C=C23)cnccc1,-15.90389541552942,302,False,4.158552265420488,0.7777016284514885
Cc1c(N2C(c3ccccc3)C3=CC=CC=C3CC4=CC(=O)C=C42)noc1C,-15.903964595621858,303,False,3.363749931821338,0.649506161191074
C1C(N2C(C)C3=CC(SC)=CC=C3CC4=CC(=O)C=C42)CCCC1,-15.92129509642838,304,False,3.479414135778942,0.7030392605527704
C1[C@H](N2Cc3ccccc3CC4=CC(=O)CC42)CCOC1,-15.943139569399593,305,False,3.3087122000363927,0.792844560279487
CN1[C@@H](CC)C2=CC=CC=C2CC2=CC(=O)C=C21,-15.95566731660074,306,False,3.3973311665945323,0.7505026086370049
C1[C@H](Br)[C@H](N2C(CC)C3=CC=CC=C3Cc4cc(O)ccc42)CCCC1,-15.963153458557484,307,False,3.609740862071609,0.4572527986654783
C1[C@H](N2[C@H](C)CC[C@H]3CC=CC=C3CC4=CC(=O)C=C42)CCCC1,-15.968191616419093,308,False,4.451241348477261,0.669753786748749
C1C[C@@H](N2C(C)C3=CC=CC=C3CC4=CC(=O)C=C42)CC2C1CCC2,-16.062341555913022,309,False,3.998280515099223,0.7231889226885827
C1[C@H](N2CC3=CC=CC=C3C[C@H]4C[C@@H](O)CC[C@]42C)CCCC1,-16.0761560411338,310,False,3.6195860985094512,0.8354812703302154
C1N2C(C/C(=C\C)C3=CC=CC=C3CC4=CC(=O)C=C42)CC1,-16.105364531468354,311,False,3.9840891144100903,0.7224467914469652
C1(N2C(=O)C3=CC=CC=C3CC4=CC(=O)C=C42)CCOC1,-16.14421463402033,312,False,3.3359398817676693,0.7891754710357061
c1c(N2C(C3CCCCC3)C3=CC=CC=C3CC4=CC(O)C=C42)cccc1,-16.16131969586786,313,False,3.5144740452960157,0.7609277852760055
C1[C@H](N2C(CC)C3=CC=CC=C3CC4=CC(=O)C(C)=C42)CC2C1CCC2,-16.172493803976977,314,False,4.036850400533148,0.7178379630836887
C1[C@H](N2C(CC[C@@H]3CCCN3)C3=CC=CC=C3CC4=CC(=O)C=C42)CCCC1,-16.21800363653894,315,False,3.8090757138481823,0.8156883318101801
n1c(N2C(CCN3CCOCC3)C3=CC=CC=C3CC4=CC(=O)C=C42)cccc1,-16.2884318114084,316,False,3.3480604790237685,0.8055602125216682
c1c(N2Cc3c(cc2)CCCC3)cccc1,-16.302983359468953,317,False,2.775548475348332,0.680826690548362
c1cc(N2[C@H](C3CC3)C3=CC=CC=C3CC4=CC(=O)C=C42)ccc1F,-16.307815310035977,318,False,3.161735076326771,0.7925811142293164
C1[C@H](n2c(CC)c(C)c3cnccc3c2=O)CCCC1,-16.311455132439733,319,False,2.484042111180912,0.8322035663535047
c1cc(N2C(CCC)C3=CC=CC=C3CC4=CC(=O)C=C42)cc2c1occ2,-16.315439092148182,320,False,3.4265322459998337,0.6014590503046299
C1C(CN2Cc3cc(C)ccc3CC4=CC(=O)C=C42)CCCC1,-16.32077426747901,321,False,2.803226799380264,0.8104596187575697
c1nc(N2C(CC)C3=CC=CC=C3CC4=CC(=O)C=C42)c[n+]([O-])c1,-16.33826720310755,322,False,3.859282363203691,0.6304949103623438
Cc1c(N2C(CC)C3=CC(=O)C=C3CC4=CC(=O)C=C42)cc(C)o1,-16.355094258806403,323,False,4.15321233874405,0.8329495895406284
C1[C@H](N2C[C@@H](C)[C@]3(O)C=CC=C3CC4=CC(=O)C=C42)CCCC1,-16.399583635684422,324,False,4.298485286501759,0.8077026275077803
C1[C@H](N2C([C@H](OC)C)c3ccccc3CC4=CC(=O)C=C42)CCCC1,-16.41573146814973,325,False,3.725736435019252,0.8212577179089416
C1C(N2C(C=C)C3=CC=CC=C3CC4=CC(=O)C(Cl)=C42)CC1,-16.495566039055262,326,True,3.662965882200409,0.7596547474970147
C1[C@H](C2=CC(=O)C=CC2=C)CCCC1,-16.501864243546265,327,False,2.8658425087690613,0.6173043027822726
C1[C@H](n2c3ccc(OC)cc3c(=O)cc2)CCCC1,-16.58556470880285,328,False,2.1148601323357052,0.823959566221836
C1CN2C(CC)C(=O)C=C2CC2=CC(=O)C=C21,-16.586328499346564,329,False,4.074785998913761,0.6872769723213693
C1[C@H](N2CC3=CCC[C@H]3C3=CC(=O)C=C32)CCCC1,-16.64581950949652,330,False,3.820864926531789,0.6695749498522058
OC1C(N2C(CC(F)(F)F)C3=CC=CC=C3CC4=CC(=O)C=C42)CCCC1,-16.648844407315224,331,False,4.075813682624107,0.8383837367677814
C1[C@H](N2C(CC(C(=O)OCC)C)C3=CC=CC=C3CC4=CC(=O)C=C42)CCCC1,-16.67449224343102,332,False,3.7219451388995166,0.6676599597045076
c1cc(N2C(CC)C3=CC=CC=C3Cc4ccc(OC(C)=O)cc42)ccc1,-16.681342751066495,333,False,2.7800592102721726,0.4377768631045155
C1[C@H](N2CCC[C@H]3CC=CC=C3Cc3cc4c(cc32)OCO4)CCC1,-16.69448267741882,334,True,3.738648762630744,0.7193877111987284
C(N1[C@H](C)C2=CC=CC=CC=C2CC1)C,-16.75893605913734,335,False,3.732783238023812,0.6299158237592709
C1[C@H](CN2C(=C)C3=CC=CC(C)=C3CC4=CC(=O)C=C42)CCCC1,-16.76648670822763,336,False,3.0236996936221265,0.7803856771061444
C1[C@H](N2C(C(F)(F)F)C3=C[C@H](OCC)C=C3CC4=CC(=O)C=C42)CCCC1,-16.772336184084082,337,False,4.476411261895206,0.7166424017950409
C1[C@H](N2C(S[C@@H](C)CC)C3=CC=CC=C3CC4=CC(=O)C=C42)CCCC1,-16.822901703068112,338,False,3.8754613806139617,0.6705270932637055
C1[C@H](N2CCC=C3CCC(=O)CC32)CCCC1,-16.83156379405409,339,False,3.3811994989137615,0.6487039862310552
C1[C@@H](N2C(C[C@H](C)C)C3=CC=CC=C3CC4=CC(=O)C=C42)CCC1,-16.86767810989494,340,False,3.348206777919411,0.7833571142499374
C1[C@H](N2C(OC)C3=CC(Br)C=C3CC4=CC(=O)C=C42)CCCC1,-16.893780963978344,341,False,4.4802768948933664,0.6821637487637341
c1cc(N2[C@H](Cc3ccccc3)C3=CC(=O)C=C32)ccc1OC,-16.90969684450556,342,False,2.8863514546853857,0.8652904804615513
C1[C@H](NCC2=C(C)C(=O)C=CC2)CCCC1,-16.91050715642632,343,False,2.8165822546125465,0.7904725007443076
C1[C@@H](N2[C@H](CC)C3=CC=CC=C3C[C@H]4[C@@H](O)C(=O)C=C42)CCCC1,-16.94091016871971,344,False,3.7741961364641874,0.8995902837541587
[C@@H]1(N2C(C3CC3)c3ccccc3CC4=CC(=O)C=C42)CCCC1,-16.958141053833984,345,False,3.3358410069241913,0.8102432736065532
c1c(N2C(Cc3cccs3)C3=CC=CC=C3CC4=CC(=O)C=C42)ccc(Cl)c1,-16.975204377721752,346,False,3.270491291004161,0.5230011548816988
C1[C@H]2N(C(C)(C)C3=CC=CC=C3CC4=CC(=O)C=C42)CCC1,-17.008891186004064,347,False,3.50306159294128,0.725537054634026
O=C1[C@@H](N2C(CCC(C)C)C3=CC=CC=C3CC4=CC(=O)C=C42)CCCC1,-17.071009717165026,348,False,3.781818528312998,0.761297748485116
C1(N2C(C)C3=CC=CC=C3CC4=CC(=O)C(O)=C42)CCOC1,-17.074274580984707,349,False,3.7880714681172782,0.8655975980304915
C1[C@H](OCc2nn[nH]n2)CCCC1,-17.078405959022348,350,False,2.504167560659713,0.7584329392219848
C1[C@H](N2C(CC)c3ccc(O)cc3C=C(C)C2=O)CCCC1,-17.11230219582103,351,False,3.1255140211582244,0.8777567525037744
C1[C@@H](N2C(C)C3=CC=CC=C3CC4=CC(=O)C[C@@H]42)CC1,-17.156945313787674,352,False,3.602549273586275,0.7767291848597966
C1C(N2C(CCC(O)CCC)C3=CC=CC=C3CC4=CC(=O)C=C42)CCCC1,-17.165382855957446,353,False,3.71104552128305,0.7334771360738487
c1cc(N2C(C)C3=CC=CC=C3Cc4cc(O)c(F)cc42)ccc1Cl,-17.16726068586297,354,False,2.842643364517454,0.5806083636672709
C1[C@H](N2C(CC#N)C3=C(CCCC3)C4=CC(=O)C=C42)CCCC1,-17.182648654576084,355,False,3.821254095328325,0.7683592553559152
o1c(N2C(COCC)C3=CC=CC=C3CC4=CC(=O)C=C42)ccc1,-17.234861588655008,356,False,3.613080490293992,0.8585654967269599
C=C1[C@H](N2C(CCC=C)C3=CC=CC=C3CC4=CC(=O)C=C42)CCC1,-17.242624489263676,357,False,4.048186435019251,0.71932000266473
C1[C@H](N2C(OC)C3=CC=CC=C3CC4=CC(=O)C=C[C@@]42C)CCCC1,-17.24411701132442,358,False,3.789449896557713,0.803546342801343
C1(N2C(CC)C3=C/C(=C\C=C\C)C=C3CC4=CC(=O)C=C42)CCCC1,-17.24635230112574,359,False,4.2358716147883095,0.7094777443470486
C1C(N2C[C@H]3[C@@H](O)CC=C3CC4=CC(=O)C=C42)CCCC1,-17.257297675783775,360,False,4.081888182452586,0.7531230842556106
C1[C@H](n2c(Sc3ccccc3)c3c2ncn3)CCCC1,-17.259758094955032,361,False,3.0121904107760535,0.8372062073500693
C1C[C@H](N2[C@H](CC)C3=CC=CC=C3CC4=CC(=O)C=C42)CO1,-17.26532385764223,362,False,3.740795334875521,0.839039804526348
c1nc(N2C(CC)C3=CC(=O)C=C32)sc1,-17.293245701039282,363,False,3.762021162889644,0.762107403032555
C1[C@@H](N2Cc3cc(F)ccc3CC4=CC(=O)C=C42)CCC[C@H]1O,-17.302779308527704,364,False,3.697811859928332,0.8665229425375855
[C@H]1(N2C3=CC=CC[C@H]3CC4=CC(=O)C=C42)CCCCC1,-17.32914076632008,365,False,3.7905171713955417,0.7183524301259087
C1[C@H](N2CCC/C(=C\c3ccc(C#N)cc3)C2=O)CCCC1,-17.369123558005583,366,False,2.311503164879065,0.7765037039785672
C1[C@H](N2C(=O)C3=CC(C)=C(Br)C(=O)C=C32)CCCC1,-17.38925047071848,367,False,2.7046625864853304,0.7944706386263197
C1C(N2C(CCO)C3=CC=CC=C3CC4=CC(=O)C=C42)CCCC1Cl,-17.400038087591398,368,False,4.068645839553821,0.8336152975893832
C(N1[C@@H](CC)C2=CC=CC=C2CC(=O)C=C1)CC,-17.412871050808477,369,False,3.1579583159157982,0.8096400461911203
C(N1C(=O)c2ccccc2C1=O)CCc1ccccc1,-17.462607375808616,370,False,1.5944062463198208,0.7970329557240577
C1C(N2C(C)C3=C([N+](=O)[O-])C(=O)C=C3CC4=CC(=O)C=C42)CCCC1,-17.47411878371021,371,False,3.992218922480616,0.5702364352955007
O1[C@H](N2C(C=C)C3=CC(=O)C=C32)CCCC1,-17.49346554066507,372,False,4.248403323020373,0.6602037022624834
C1[C@H](N2C(=O)c3ccc(CC=C)cc3CC4=CC(=O)C=C42)CCCC1,-17.512551107192223,373,False,2.9374608515612586,0.7797436683643159
C1[C@H](N2CC3=CC=CC=C3Cc3cc4c(c(OC)c32)cccc4)CCCC1,-17.521777218284114,374,False,2.42662673106879,0.5499473744591491
C1[C@H](N2C(CC)Cc3ccccc3C2=C)CCCC1,-17.54549625900586,375,False,2.98476739905926,0.7446439181306632
C1[C@@H](N2CCCCN=C2)CCCC1,-17.611295964568853,376,False,2.8585012884703644,0.6049053882889651
c1cc(N2CCc3ccccc3C2)ccn1,-17.61842698389958,377,False,1.891347513809869,0.718999780227429
C1[C@@H](N2C(CC)C3CC=CC=C3CC4=CC(=O)C=C42)[C@H](Cl)CC1,-17.64758873241979,378,False,4.844871667089441,0.6938306000014739
C1[C@H](N2Cc3c(OC)c(OC)ccc3CC4=CC(=O)C=C42)CCC[C@@H]1C,-17.693691674331163,379,False,3.70083625795284,0.8222241149129118
C1[C@H](N2Cc3ccccc3Cc3c2cc(C(=O)OC)c(O)c3)CCCC1,-17.695111514158725,380,False,2.3993396433098155,0.8137711730672575
c1cc(N2[C@H](C)c3cc(OC)ccc3CC4=CC(=O)C=C42)ccc1,-17.775530894961335,381,False,3.0853465772505135,0.8306887379638724
s1c(N2C(CC)C3=CC=CC=C3CC4=CC(=O)C[C@@H]42)ncc1,-17.78477890990149,382,False,3.729303027183212,0.8425503737303168
C1[C@H](N2[C@@H](Cc3cc(O)c(Cl)cc3)C3=CC(=O)C=C32)CCCC1,-17.792028785319417,383,False,3.366336550186899,0.9108951816196896
C1C(N2C(C)C3=CC=CC=C3CC4=C/C(=N\O)CC=C42)CCCC1,-17.807422669066,384,False,3.606268182601686,0.5843003639458725
C1(CC)=CC=CC(=O)C=C2C1=CC(=O)C=C2,-17.865804349348792,385,False,2.2979423215021786,0.7248270462981938
C1[C@@H](N2C(CC)C3=CC(=O)CC32)CCNC1,-17.885882586386302,386,False,3.967669543756159,0.7561186172514589
C1CCC(N2Cc3ccccc3CC4=CC(=O)C=C42)C=C1,-17.910616916638446,387,False,3.542196319143091,0.7317064495278834
C1[C@H](N2CCN(C)C3=CCC(Br)=C3CC4=CC(=O)C=C42)CCCC1,-17.929023415993484,388,False,3.9765974133709143,0.6687544485594725
C1[C@@H](N2C(C)C3=CC=CC=C3CC4=CC(=O)CC42)CCC(=O)C1,-17.968647176829577,389,False,3.765809062725534,0.7978240564415772
C1[C@H](N2C(C)C3=CC=CC=C3C=C4C=C(O)C=C42)CNCC1,-17.9706431076047,390,False,4.00472033487552,0.8313861056008583
C1C[C@H](N2C(Cc3ccccc3Cl)C3=CC=CC=C3CC4=CC(=O)C=C42)CC[C@H]1C(C)C,-17.971055794824025,391,False,3.39199859257951,0.5002015350728325
C1[C@H](N2C(CC)C3=CC=CC=C3Cc4c(C#C)c(O)ccc42)CCCC1,-18.054739307525665,392,False,3.326021175767635,0.7195062683705223
C1[C@H](N2C(C)=C3C=C(Br)C(=O)C=C3CC4=CC(=O)C=C42)CCC[C@H]1C,-18.082434842732937,393,True,4.255384621832438,0.6390406292806544
C1[C@H](N2C(C/C=C/c3ccc(C#N)cc3)C3=CC=CC=C23)CCCC1,-18.084827949972805,394,False,3.016397758239453,0.7030456510410157
C1[C@H](N2C(C#CC)C3=CC=CC=C3CC4=CC(=O)C=C42)CC[C@@](C)(O)C1,-18.09218933916671,395,False,3.9831583400087993,0.7877583707384823
C1C(N2CC3=CC=C(Cl)C=C3CC4=CC(=O)C=C42)CCCC1=O,-18.102756493529824,396,False,3.461037948788298,0.7905415865510971
C1=C(N2C(CNC(=O)c3ccccc3)C3=CC(=O)C=C23)CCCC1,-18.1276692158408,397,False,3.400367962821466,0.9277532709101024
C1[C@H](N)C2=CC=CC=C2CC2=CC(=O)CC[C@@]12C,-18.158464984211605,398,False,3.538783317142217,0.7585685801235315
C1[C@H](N2[C@H](CC)C3=CC=CC=C3Cc4c(n[nH]n4)C2=O)CCCC1,-18.19577993189162,399,False,3.339035435348938,0.9172264968629424
CC(N1[C@@H](CC)C2=CC=CC=C2Cc2cc(O)ccc21)=O,-18.22161338802925,400,False,2.8161691163841223,0.8633574655064249
C1[C@H](N2C(c3ccc(F)cc3)C3=CC=CC=C3CC4=CC(=O)C(C)=C42)CCCCC1,-18.22357652689442,401,False,3.172441294638981,0.5521406107568434
c1c(N2C3=CC=CC=C3Cc3ccncc32)cccc1,-18.235544648909183,402,False,2.053016564622208,0.5009883605889249
C1[C@@H](N2C(CCC)C3CC=CC=C3CC4=CC(=O)C=C42)CC[C@@H]1C,-18.2366308902711,403,False,4.597815351799758,0.7325819532709064
c1cc(N2C(CC)C3=CC=CC=C3CC4=CC(=O)C=C42)cc2c1C=CC2=O,-18.25339772329249,404,False,3.5396805120473216,0.7779486415534721
C1[C@H](N2C(CC)C3=CC=CC(O)=C3CC4=CC(=O)C=C42)CCC[C@H]1OC,-18.293320012133503,405,False,4.080315672882421,0.8904947379126358
C1[C@H](CN2C(CC)C3=CC=CC=C3c3c2cc(O)cc3)CCCC1,-18.312199416192016,406,False,2.852018732052233,0.7592502733050189
C1C/C(=C\c2c(OC)cccc2)C(=O)C=C1,-18.336095058398783,407,False,2.4652993114687334,0.7072825833692484
C1[C@@H](N2C(CC)C3=CC=CC=C3CC4=CC(=O)C(C)=C42)CC(=O)CC1,-18.34471723468621,408,False,3.779354771963998,0.8088962621781149
C1C(N2CC3=CC=CC=C3CC4=CC(=O)C(C(O)=O)=C42)CC1,-18.38483200155397,409,False,2.8939513968889905,0.8514771299766043
C(CN1[C@@H](CCC)C2=CC=CC=C2CC2=CC(=O)C=C21)=C,-18.390213857132053,410,False,3.501728999043836,0.7773959421456785
Clc1c(N2C(CCl)[C@H]3CC=CC=C3CC4=CC(=O)C=C42)cccc1,-18.40489860178116,411,False,4.136223437615237,0.6895859067986746
C(N1CCC2=CC=CC=C2CC1)c1cc(F)c(F)cc1,-18.55580200256101,412,False,1.7722266707230023,0.8083182672128351
C1C(N2C(C)=C3C(=O)CC=C3CC4=CC(=O)C=C42)CC1,-18.56859350860037,413,False,3.635385850336492,0.7328322728287653
C1[C@H](N2C(Cc3cccc(F)c3)C3=CC=CC=C3CC4=C(C)C(=O)C=C42)CCCC1,-18.612301552713237,414,False,3.2648794909254555,0.6208175247972045
C1[C@H](N2[C@H](C)C3=CC=CC=C3Cc3c(O)cc(OC)cc32)CCCC1,-18.632552826944465,415,False,3.0066562301729247,0.8167861804993642
C1[C@H](/N=C/c2cc(OC)ccc2)C2=CC=CC(=O)C=C21,-18.65698858208725,416,False,3.101658919361194,0.8003695487754954
c1(N2CC3=CC=CC=C3CC4=CC(=O)C=C42)ccc(O)nc1,-18.66419873814453,417,False,3.0483954725713716,0.8771392657074985
N1(C)C2=CC=CC=C1CC=C2CC1=CC(=O)C=C1,-18.71472833213194,418,False,4.569304618917365,0.7353986362908813
c1(N2CC3=CC=CC(=O)C=C3CC2)cccs1,-18.73646194398501,419,False,2.6086118126097873,0.7672020702843173
C1NC(=O)N2C1=CC=CC=C2CC1=CC(=O)C=C1,-18.88167716292084,420,False,3.829895899364696,0.7997837574942475
C1C(N2C(=O)C3=C=CC=CC(=O)C=C32)CCCC1,-18.910454430115397,421,False,3.6515787396013817,0.5213951058860078
C1[C@H](CN2CC3=CC=CC=C3CC4=CC(=O)C=C42)CCC[C@H]1Br,-18.931345687284207,422,False,3.768723737602896,0.7179702775273372
C1[C@H](N2C3=CC=CC=C3CC4=CC(=O)C=C42)CC(OC)CCC1,-18.95247675218718,423,False,3.5432918202665,0.7785090804939235
C1[C@H](N2C(CC)C3=CC=C=C3C=C4C=C(OC)C=C42)CCCC1,-19.00582207714615,424,False,4.490085323801344,0.6951509247173357
C1C(N2C(CC)C3=C(C(N)=S)C=C3CC4=CC(=O)C=C42)CCCC1,-19.0956974431829,425,False,4.082514381696708,0.7955537881612006
C1[C@H](N2C3Cc4c(cccc4)C3C=CC2)CCCC1,-19.168461394190672,426,False,3.3536168346748187,0.6861203385942503
C1CC(N2c3cc(OC)ccc3C3=CC(=O)C=C32)CCC1,-19.19057355859331,427,False,2.8089341626768096,0.845542740696782
C1[C@H](N2C(C(F)F)C3=CCCC[C@]3(C)CC4=CC(=O)C=C42)CCCC1,-19.211285383469715,428,False,4.292307968063672,0.6425235701632807
C1[C@H](\N2C(CC)C3=CCCC3CC4=CC(=O)C=C42)CCCC1,-19.220014715909254,429,False,4.0563816329524425,0.6977838322973682
c1c(N2[C@@H](CC)C3=CC=CC=C3C=C4CC(=O)C=C42)occ1,-19.233597215788933,430,False,3.6436874857984223,0.8170070004580925
N1(c2ccccc2)C=CC=C2CC1=CC(=O)C=C2,-19.2565827617226,431,False,3.8110300515398943,0.7435391738604645
C1[C@H](N2C(CC)[C@H]3CCC[C@H]3CC4=CC(=O)C=C42)COC1,-19.26617145849015,432,False,4.389338027444715,0.7814951444074781
C1[C@H](N2C(S)(SC)C3=CC=CC=C3CC4=CC(=O)C=C42)CCCC1,-19.279268745238383,433,False,3.772561292969578,0.6132955529654204
c1(OC)c2c(oc(=O)cc2)ccc1OC,-19.33243939699605,434,False,1.9381924594632576,0.7029061202023811
C1[C@H](N2C(C)[C@@H]3[C@H](OC)C=CC=C3CC4=CC(=O)C=C42)CCCN1,-19.37093297623508,435,False,4.766280903639221,0.8457221973117346
c1(N2C(CC)C3=CCOC=C3CC4=CC(=O)C=C42)ccc(OC)cc1,-19.37995427692761,436,False,3.84813507632677,0.839197135203721
C1[C@@H](N2CCN3C[C@H](F)C=C3CC4=CC(=O)C=C42)CCCC1,-19.38484144437099,437,False,3.9433269088753473,0.7438510763846096
C1[C@H](n2cc(-c3occc3)c3cc4cc(O)c(O)cc4cc32)CCCC1,-19.41275795769866,438,True,2.6150373842005017,0.4391211370323964
c1(O)c2ocnc2ccc1,-19.422746180789545,439,False,2.577338862696734,0.5954264947564719
C1[C@@H](N2C(CC)=C3CC=CC=C3CC4=CC(=O)C=C42)C[C@@H](O)C1,-19.51861166597536,440,False,4.394042629159101,0.8478248520624008
C1[C@H](N2C(CSC)C3=C(CC=C(C)C)C=C3CC4=CC(=O)C=C42)CCCC1,-19.59311920231636,441,False,4.2072995622279095,0.5662322568441195
C1C[C@H](N2C(C)C3=C(C(OC)=O)C=C3CC4=CC(=O)C=C42)CCC1,-19.61213222787063,442,False,3.864132028755531,0.7314927203235598
C1CC(N2C(CC)C3=CC=CC=C3Cc4ccc(=O)oc42)CCC1C,-19.618990015736017,443,False,3.2346639224806175,0.7659829560427572
C1C(N2C(CC)CSC3=CC=CC=C3CC4=CC(=O)C=C42)CC1,-19.624020127415875,444,False,3.94871584488248,0.8055703443861296
C1C(n2c3c(c4ccccc4c2=O)cc(O)cc3)CCCC1,-19.631733698547578,445,False,2.0335070110329116,0.6770761700042557
c1[nH]c2c(c(=O)[nH]2)n1,-19.684721274342337,446,False,3.689529734997194,0.4913313572014634
O[C@@H]1C(N2C(CC)C3CC=CC=C3CC4=CC(=O)C=C42)CCC1,-19.69935499496935,447,False,4.669673764991538,0.8506041115743329
OC1C(N2C(CC)C3=CC=CC=C3CC4=CC(=O)[C@@H](O)[C@H]42)CCCC1,-19.714887538739305,448,False,4.247497712872522,0.8677829047190191
C1[C@H]([N+]2(C)CCc3cccc(N)c32)CCCC1,-19.718417374377623,449,False,3.6656804847850335,0.583113934166844
CC(c1c(CN2C3=CC=CC=C3CC4=CC(=O)C=C42)cccc1)C,-19.72524146878408,450,False,2.688584643454901,0.8132355975164961
C1C(n2nc(CC)c3c2cccc3)CC1,-19.758047887618886,451,False,2.138225068714471,0.7267515711199303
C1[C@H](N2CCCCC2)C[C@@H]2[C@H](CC3=CC(=O)C=C32)CCCC1,-19.76193076996424,452,False,4.117683457518797,0.7205530402476178
C1[C@H](N2C(CCCC)C3=CC=CC=C3CC4=CC(=O)C=C42)CC(Cl)CC1,-19.76382616703728,453,False,3.9866756313023775,0.6324438754171504
[O-][N+](c1ccc(N2C(CC)C3=CC=CC=C3Cc4ccccc42)cc1)=O,-19.889025521857945,454,False,2.708442098844557,0.4462018667006928
c1cc2c(snc2N2C(CC)C3=CC=CC=C3CC4=CC(=O)C=C42)nc1,-19.92395167305588,455,False,3.644061305322291,0.6708654481265917
C1[C@H](Nc2[nH]cc(C=O)c2)CCCC1,-19.95667139208048,456,False,2.8950284280936405,0.7228136788673115
c1cc(N2C(C(C)C)C3=CC=CC=C3CC4=CC(=O)C=C42)ccc1N1CCC1,-19.969938753304064,457,True,3.2335075386589445,0.7553225937662206
C1C(n2c(CC)c3c(cccc3CC)c2)CC1,-20.103482799968333,458,False,2.5632694664559423,0.7276968338395584
c1cc(NC2=CC=CC=CC3=CC(=O)C=C23)ccc1,-20.107866476973868,459,False,1.831133558909132,0.7438442618147134
C1[C@H](N2C(C)=C3C(O)=CC(O)C=C3CC4=CC(=O)C=C42)CCCC1,-20.173677970004174,460,False,4.105071395271368,0.7752046790440497
c1c2c([nH]cc2-c2nc3ccccc3cc2)[nH]c1,-20.202365370473444,461,False,2.4917744003508897,0.5168542345269505
C1[C@H](N2[C@@H](Cc3cc(Cl)ccc3)C3=CC(=O)C=C13)CCCC2,-20.232927726721755,462,False,3.515762882952444,0.8238608338677484
C1[C@H](Nc2c(C=O)cncc2)CCCC1,-20.234067626363423,463,False,2.3430271747479736,0.7694666581342595
C1[C@H](N2C(c3ccc(-c4ccc5c(c4)OCCO5)cc3)C3=CC=CC=C32)CCCC1,-20.25686982794514,464,False,2.77005556519601,0.512691067465641
C1[C@@H](N2[C@H](CC)C3=CC=CC=C3CC4=CC(=O)C=C42)[C@@H](CCCC1)C,-20.28632564334123,465,False,3.791786224169207,0.678350058355833
c1(NC(C)C)cccc(C2=CC(=O)C=C2C)c1,-20.319128181508876,466,False,2.516244650580328,0.8568558262752022
C1[C@H](N2[C@@H](CO)C3=CC=CC=C3CC4=CC(=O)C=C42)CCCC1(CO)C,-20.32593364895007,467,False,4.166339581406328,0.8771397252947977
C1C(N2C(C)(C#CC=C)C3=CC=CC=C3CC4=CC(=O)C=C42)CC1,-20.33337642814888,468,False,4.006433838710283,0.7327639760790605
C1[C@@H](N2[C@H](CC)C3=CC(=O)CC3CC3=CC(=O)C=C23)CCCC1,-20.373452919986462,469,False,4.04308458720106,0.7799032808261617
C1(N2C(CO)C3=CC=CC=C3C=CC4=CC(=O)C=C42)CC1,-20.37566311992856,470,False,3.502739768274605,0.9043605682801616
O1[C@H](N2C(c3cccc4ccccc34)C3=CC(=O)C=C32)CCC1,-20.42161964357368,471,False,3.529259247834543,0.8464731563380444
C1[C@H](C2=C(CC)C3CC(C)=CC=C3CC4=CC(=O)C=C42)CCCC1,-20.43534047840518,472,False,3.9811586173842937,0.6091016315202811
c1c(-[n+]2c(C)nc3ccccc3c2)cccc1,-20.49007244696361,473,False,2.5526982741482485,0.5772979459082437
C1[C@H](N2[C@@H](c3sccc3)C3=CC=CC=C3CC4=CC(=O)C=C42)C[C@@H](F)CC1,-20.60418241963535,474,False,4.011387994621238,0.6991509852348976
[C@@H]1(N2C(=O)C=CC3=CC=CC=C23)CCCC1,-20.630729649987305,475,False,1.928386773220673,0.71302196364666
C1[C@@H](N2C(CC)[C@H]3CC=CC=C3c3c(O)cc(O)cc32)CCCC1,-20.735650704897296,476,False,3.855608052999852,0.8049484409590297
C1[C@@H](N2C3(C)C=CC=CC3CC4=CC(=O)C=C42)CCCC1,-20.748038538120568,477,False,4.2122122682029,0.7258337464161183
c1c(N2C(C)C3=C(Cl)C=CC=C3C[C@H]4C[C@@H](O)C[C@H]42)cccc1,-20.820925653547448,478,False,3.65545138736916,0.8268634358492863
c1c(N2C(C)C3=CC=CC=C3CC4=CC(=O)C=C42)CC2CCC1C2,-20.84552857364315,479,False,5.007621342473543,0.7478834860621284
C(N1CC2=CC=CC=C1c1c2cccc1)CCCCC,-20.88625629220041,480,False,3.4277921611180098,0.68601925777067
N[C@@H]1[C@H](N2C(CCCC)C3=CC=CC=C3CC4=CC(=O)C(C)=C42)CCCC1,-20.91903434508278,481,False,3.953693941838578,0.832265207325472
C1[C@H](N2CC3=CC=CC=C2CC2=CC(=O)C(=C2)CCC3)CCCC1,-20.949657725534053,482,False,5.119433020674742,0.6763429215172615
C1[C@H](N2C=C3CC=CC=C3CC4=CC(=O)C(C)=C42)CC[C@@H](C)C1,-20.99822029306972,483,False,3.597148164582226,0.6916869254863565
C1C[C@@H](N2C(C)C3=CC=CC=C3Cc4cc(O)c(O)cc42)CC[C@]1(C)CC,-21.045598512632296,484,True,3.3438006926764077,0.648439686482784
C1[C@H](N2CC[C@@](O)(C(C)C)C3=CC(=O)C=C32)CCCC1,-21.05468468041363,485,False,3.6159216135635432,0.8421874928175958
C1[C@@H](N2CCc3cc(Cl)ccc3CC4=C(Br)C(=O)C=C42)CCCC1,-21.06116390699404,486,True,2.884311064859583,0.6395283777889407
C1C2(CCN3CC4=CC(=O)C=C43)CC2CC1,-21.069296871006387,487,False,4.43188035995199,0.7195290446053886
C1[C@H](N2C3=CC=CC=C3CC4=CC(=O)C=C42)CN1CC#C,-21.09125800543564,488,False,3.210447466586015,0.769074668484677
C1C(n2c3c(c(CCC)cc2=O)cccc3)CCCC1,-21.15141492290445,489,False,2.1120757423410392,0.8060293033937251
c1(N2C(c3ccccc3)C3=CC=CC=C3Cc4ccc(O)cc42)cn[nH]c1,-21.181251341412008,490,False,3.041877109680457,0.5361665297977881
C1[C@H](N2CC=C3CC=CC=C3C[C@@H]4CC(=O)C=C[C@H]42)CCC1,-21.190841351573923,491,False,4.218479887390313,0.7295304926933437
c1cc(N2C(C)C3=C[C@H](OC(C)=O)C=C3CC4=CC(=O)C=C42)cnc1,-21.21851716963397,492,False,4.389153038486208,0.7784962298417668
C1[C@@H](N(CCC)C2=CC(=C)C=C2)CCCC1,-21.25616706334404,493,False,3.090119043910205,0.6866360826794247
c1c(N2C(C)C3=CC(O)CC3CC4=CC(=O)C(O)=C42)cccc1,-21.28984760100508,494,False,4.169573133747463,0.7831917950387017
c1ccccc1C1=C(CCN2C(c3ccccc3)C3=CC(=O)C=C32)CCCC1,-21.34178689809052,495,False,3.287583275452272,0.6601221517654018
c1c(N2C(C(CN(C)C)=O)C3=CC=CC=C2CC2=CC(=O)C=C23)cccc1,-21.36113830843263,496,False,4.562829890940648,0.8287107830306087
Cc1c(N2C(C)C3=C/C(=C\C=C\C)C=C3CC4=CC(=O)C=C42)scc1,-21.43563243813105,497,False,4.461990060075417,0.7120695489311467
c1c(CCn2cnc3c2ncn3-c2ccccc2)cccc1,-21.473154486651936,498,False,2.12393104949445,0.5762396404466763
Fc1c(F)c(F)c(N2C(CC)C3=CCC=C3CC4=CC(=O)C=C42)c(F)c1F,-21.51081503288341,499,False,4.185799095127443,0.4085873157638377
C1[C@H](NC2=CCCC(=O)C(CC)=C2)CCCC1,-21.52349905110896,500,False,2.9246408361576677,0.8081133153248384
C1[C@@H](N2[C@@H](c3ccccc3)C3=CC=CC=C3CCc4ccc(O)cc42)CCCC1,-21.53048210425277,501,False,2.733746883317149,0.5518324887461585
c1n(N2[C@H](Cc3ccccc3)C3=CC=CC=C3CC4=CC(=O)C=C42)cnn1,-21.544050239645927,502,False,3.5082899942958417,0.7250190992764902
n1c(N2C3=CC=CC=C3CC4=CC(O)=CC42)cccc1,-21.566314858464462,503,False,3.295111174003103,0.8537768377055891
O=C(N1C(CC)C2=CC=CC(C)=C2CC1)CCC,-21.59937368571991,504,False,2.68774711229589,0.7959837936889245
c1(N2C(CC)C3=C(Br)CC=C3CC4=CC(=O)C=C42)cc2ccccc12,-21.6180917755064,505,False,4.197717768634463,0.6760011901828819
C1C(N2C(C)=C[C@H](SC)C3=CC=CC=C3CC4=CC(=O)C=C42)CCCC1,-21.63769851082185,506,False,4.152395631302379,0.6823760635525226
C1=C(N2[C@@H](C(=O)OC)c3ccccc3CC4=CC(=O)C=C42)CCCC1,-21.650303264113106,507,False,3.6476196917113857,0.7747616842100976
C1[C@H](N2C(C)C3=C(C/C=C\C)C=C3CC4=CC(=O)C(O)=C42)CCCC1,-21.673539912226488,508,False,4.186545206337604,0.745101079632999
C1[C@@H](N2C(CC)C3=CC=CC=C3CC4=CC(=O)C=C42)[C@H](CCO)CC=C1,-21.686700339793106,509,False,4.228065785148532,0.8319469995567633
C1[C@H](N2C(CC/C=N/OC)C3=C(Cl)C(=O)C=C32)CCCC1,-21.6925776939388,510,True,3.9324551528899896,0.5773961653752151
O=[N+]1[C@H](N2C[C@@H](C)C3=CC=CC=C3CC4=CC(=O)C=C42)CCCC1,-21.698922914762107,511,False,4.256684976076775,0.744403003757904
C1OC(N2C(CC)C3=C/C(=C\C)C=C3CC4=CC(=O)C=C42)CCN1,-21.75720962961373,512,False,4.936101698484802,0.847799452009019
COc1c(OC)cc(OC)c(OC)c1[C@@H]1[C@@H](N2C(CC)C3=CC=CC=C3CC4=CC(=O)C=C42)CCCC1,-21.825309752319995,513,False,4.013090998546327,0.451772851798649
C1[C@H](N2C3=CC=CC=C3CC4=C5COC(=O)C=C5C=C42)CCCC1,-21.82549857196864,514,False,3.095706476796085,0.7311795019641542
c1c(NC(CCC)C2=CC=C3C=CC(=O)C=C32)cccc1,-21.856952626025304,515,False,3.3470939801283253,0.8736279128904502
C1[C@H](CN2CC3=CN=CC=C3CC4=CC(=O)C(O)=C42)CCCC1,-21.860028436916775,516,False,3.07459901522412,0.9104070045869244
C1CC(n2cc3ccccc3c3c2=CC(=O)C=C3C)CCN1,-21.89215321978554,517,False,2.7893858571867565,0.6980000636004734
C1C(N2C(CC)n3cccc3C=C2CC2=CC(=O)C=C2)CCCC1,-21.952928650876856,518,False,3.951955215568717,0.7921677563644801
C1[C@H](N2C(C)[C@H]3CC[C@H](Br)[C@H]3CC4=CC(=O)C=C42)CCCCC1,-21.954809089279507,519,False,4.378422016739789,0.4735128633125808
C1[C@@H](n2c(C)cc(=O)c3c(C)cccc32)CCCC1,-21.987616943195636,520,False,2.236092533268108,0.7508543151688447
C1[C@@H](N2C3=CC=CC=C3C=CC3=CC(=O)C=C32)CC2C1C2,-22.01444546964196,521,False,3.307043025230114,0.6556879628508508
C(N1C(CC)=C2OC=CC=C2CC1=O)CC,-22.03011361049778,522,False,3.533803859963717,0.7300501060333854
c1c(N2C(CC)C3=CCC[C@H]4C[C@H]3C=CC(=O)C=C42)cccc1,-22.044605282666467,523,False,5.096956047107888,0.7412310611907152
C1[C@H](CSc2scc(-n3cncc3)n2)CCCC1,-22.055071430469997,524,False,2.791969272145762,0.7925212006055903
c1(N2C(COC)/C(=C/c3ccc(O)cc3)C2=O)ccccc1,-22.10493721477542,525,False,2.7927670874467747,0.6967902354013835
C[C@@H]1[C@@H](N2C(=O)Cc3ccccc3C=C2)CCCC1,-22.138153198750217,526,False,3.284338233276218,0.7502325515376232
O=[N+]([O-])CCN1C(C=C)C2=CC=CC=C2CC2=CC(=O)C=C21,-22.217869940098595,527,False,3.9695911923741054,0.4861684666210769
c1(N2C(C)(C)C3=C[C@@H](Br)C=C3CC4=CC(=O)C=C42)cc2ccccc12,-22.249053615668515,528,False,4.329599377518536,0.6269163593936479
C1[C@H](N2C(C)c3ccccc3C=C3C[C@@H](O)C=C[C@]32C)CCCC1,-22.25748973338341,529,False,4.070572056196628,0.7461781978882233
C1[C@H](N2C(=N)C3=CC=CC=C3Cc4cc(O)ccc42)CC=C1,-22.27156807924007,530,False,2.8102675879559875,0.783727443854964
C1N2[C@H](C(CC)C3=CC=CC[C@@H]3CC4=CC(=O)C=C42)CC1,-22.282688365587205,531,False,4.499435134275931,0.7288394192146472
C1[C@H](NC(c2cc(Cl)cc(Cl)c2)=S)CC2=CC(=O)C=C21,-22.30073217508891,532,False,3.2699512349518782,0.8378729829417303
C1[C@H](N2C(C)C3=CC=CC=C3CC4=CC(=O)C=C42)CC[C@]12C=CC(=O)O2,-22.346953551789767,533,False,4.85990362529866,0.7306666905360919
C1[C@H](N2C(NC(=O)C(C)C)C3=C=CC=C3CC4=CC(=O)C=C42)CCCC1,-22.35740069958064,534,False,4.317861042711501,0.7922603967113131
C1[C@@H](N2C(CC)C3=CC=CC=C3Cc4cc(O)ccc42)[C@@H](O)c2ccccc2C1,-22.36909771766705,535,False,3.534541393030273,0.6288454933811706
C1[C@H](N2C(CN)C3=CC=CC=C3c3cc4cc(O)c(OC)cc4nc32)CCCC1,-22.37063420975892,536,False,3.103764146286738,0.6751695112649906
C1CN2C(/C(=C\c3ccccc3)C3=CC(=O)C=C23)CCC1(C)C,-22.372169747808144,537,False,3.474827459277808,0.7682203943651691
C1(N2C(C)C3C=CC=CC3CC4=CC(=O)C(Br)=C42)CCCC1,-22.383321559056757,538,True,4.481639389135365,0.6864366478203697
c1(N2C(c3c4c(cccn4)ncc3)C3=CC=CC=C3CC4=CC(=O)C=C42)ccccc1,-22.450210982559497,539,False,3.292573496929782,0.4645977145691932
C1[C@H](N(C)C)C2=CC=CC=C3CC4=CC(=O)C=C[C@]42OC13,-22.45114415114233,540,False,6.684562833190245,0.7386191007704127
c1c(N2C(CC)C3=CC(=O)C(c4ccc(Br)cc4)=C32)cccc1,-22.476489620112304,541,False,3.0296882984386464,0.7647045765274317
C1=CC=CC=C2C(O)=C(C)C(=O)CC12,-22.56845909002004,542,False,3.9462806980316154,0.6336379264397694
C1[C@H](N2CCCc3cc(OC)ccc32)[C@@H](O)CC[C@@H]1O,-22.589507943390828,543,True,3.246895216582381,0.8640877788312155
FC1(F)CCOC(CN2C(CC)C3=CC=CC=C3CC4=CC(=O)C=C42)C1,-22.6288191693385,544,False,4.096978461695043,0.8099432702786039
Cl[C@@H]1[C@@H](N2[C@H](C)C3=CC=CC=C3CC4=CC(=O)C=C42)CCC[C@@H]1C,-22.65121288100275,545,False,4.255194665197356,0.6840557146825863
C1[C@H](N2[C@@](CC)(CC=C)C3=CC=CC=C3CC4=CC(=O)C=C42)CC[C@@H](C)C1,-22.667287407581625,546,False,3.733013048741397,0.6413998173171093
C1[C@H](N2[C@H](CC)C3=CC=CC=C3CC4=CC(=O)C(C)C42)CC[C@@H](C)C1,-22.728293874171182,547,False,3.906128017235295,0.749125529568097
C1[C@H](Cc2ccccc2)CCN(N2C(CC)C3=CC=CC=C3CC4=CC(=O)C=C42)C1,-22.747626377874468,548,False,3.3864085721890183,0.7019453051937758
C1N(Cc2ccccc2)C2=CC=CC=C3CC4=CC(=O)C=C4C23CCC1,-22.801542712833083,549,False,4.138260806127553,0.7641023565940069
C1[C@H]([C@H]2CCN(C)[C@@H]3CC=CC=C3Cc4cc(O)c(O)cc42)CCCC1,-22.803661932751996,550,True,4.179226605379476,0.7062430427028308
c1(N2C(CC)C3CC=CC=C3C=C4C=C(NC)C(=O)C=C42)ccccc1,-22.815828347454957,551,False,4.121057072921655,0.887956339904887
C1[C@H](N2c3ccccc3CC3=CC(=O)C(O)=C(OC)C32)CCCC1,-22.871583355687108,552,False,3.405529854842487,0.9010767090590286
C1[C@H](N2C(CCC)C3=CC[C@H]4C=C(Br)C(=O)C(Br)=C[C@]342)CCCC1,-22.895575053389397,553,True,4.940875727155333,0.5147432669689961
CC1=C(N2C(c3ccccc3)C3=CC=CC=C2CC4=CC(=O)C=C43)C(C)(C)C1=O,-22.93901205509252,554,False,4.728830255073062,0.7124717988363612
c1c(N2C(Cc3ccc(F)cc3)C3=CC(=O)C=C32)cnc(F)c1,-22.994195895893,555,False,3.31540578095613,0.8164479113815065
C1[C@H](N2CC3=C(Cl)OC=CC3CC4=CC(=O)C=C42)CCC[C@H]1O,-23.02304473669716,556,False,4.80305710362374,0.8011363515280049
C1(Nc2cc3c(cc2Cl)C=CC2=CC(=O)C=C23)CCCC1,-23.03431800466957,557,False,2.8173099508230894,0.9231417456299384
Oc1c2c(cc(O)c1CN1C(CC)C3=CC=CC=C3CC4=CC(=O)C=C41)CCCC2,-23.085625456791632,558,True,3.6285849748561176,0.7696127604202115
Cl[C@H]1[C@@H](N2C(C)C3=CC(Br)=C(Br)C(=O)C=C32)CCCC1,-23.122856606291748,559,False,4.2099076714958885,0.594806176408018
c1cc(N2[C@@H](C)CC3=CC=CC=C3Cc3cc(O)ccc32)ccc1,-23.125045675362344,560,False,2.572037633151135,0.677795685321565
C1C(N2CC3=CCCC3C/C(=C\c3ccc(C)cc3)C2=O)CCCC1,-23.13539950751876,561,False,3.1926388171065385,0.5317192984534965
c1ccccc1N1[C@@H](N2C(C)C3=CC=CC=C3CC4=CC(=O)C=C42)CCC(C)(C)CC1,-23.167022291920176,562,False,3.768406944795915,0.600562804983897
C1[C@H](N2CCc3c(nc(CCC)cc3CCC)C2)CCCC1,-23.203849689802325,563,False,2.5954055687252193,0.78480005334182
C1=C(N2C(C)c3ccccc3CC4=CC(=O)C=C42)CN2CCCC2C1,-23.22191412233589,564,False,4.02654641921314,0.7823937312954624
C1[C@@H](N2CCC[C@H]3CC=CC=C3CC4=CC(=O)C=C42)OCC[C@@H]1O,-23.293021957717443,565,False,4.957383774989852,0.8044614541691615
COc1c(N2C(C)c3c(OC)ccc(OC)c3CC4=CC(=O)C(Cl)=C42)cccc1,-23.30334930662225,566,True,3.3685543172269092,0.7230911030532399
C1[C@H](n2c[n+](C)c3ccccc32)C=CCCC1,-23.305502989445827,567,False,3.4783579604522235,0.5225766311523364
C1[C@H](N2CC3=C=C=C[C@@H]3CC4=CC(=O)C=C42)CCCC1=O,-23.330810473882607,568,False,5.076062457358007,0.6919511946525382
c1cccc2[nH]cc(C3=CC=CC=C3Cc3ccc([N+](=O)[O-])cc3)c12,-23.358131928318485,569,False,1.9956845343852831,0.4062015298247784
F[C@H](F)[C@@H](N(CC)C1=CC=C2CC3=CC(=O)C=C31)CCCC2,-23.39772453149817,570,False,5.266495156925156,0.7630764580475111
C1C(NC2=C(C(C)(C)C)CC=CC=C2CC2=CC(=O)C=C21)CCC,-23.411383015889456,571,False,4.218326460443246,0.7601865317599514
c1(-c2coc(C)n2)ccc(Br)cc1,-23.451484704376128,572,False,2.08372166269074,0.760275071847916
c1c(C2=CC(=O)C=C2C)cc(F)cc1OC,-23.47206935987936,573,False,2.539999174649031,0.7625017207203989
N1[C@H](N2C(CC3CCCCC3)C3=CC(=O)C=C32)c2ccccc2C1,-23.50051456306392,574,False,3.909776643135986,0.9183002888204522
C1[C@H](n2ccnc2)CCN(c2nc[nH]c2)C1,-23.53923017706302,575,False,3.0164427061175623,0.8278829050562392
C1CCC(N2C(CC)C3=C[C@H](Oc4ccc(O)cc4)C=C3CC4=CC(=O)C=C42)CC1,-23.5685606443367,576,False,4.192110889405734,0.7491735125255754
C1[C@H](N2C(CCC)C3=CC=CC=C3Cc4sc(=O)ccc42)CCC[C@H]1CO,-23.58663682903034,577,False,3.942192458706325,0.8152866507123536
C(N1C(CC)c2c(cc(Cl)cc2)C1=O)c1ccc(Cl)cc1,-23.61200241860388,578,False,2.5414403028248014,0.7702294034660009
C1C(c2c3c(cccc3O)nc(N)n2)CC1,-23.617185619892663,579,False,2.433640783040641,0.7643855926161215
c1cc2c([nH]cc2C2CCC3=CC=CCC3CC4=CC(=O)C=C42)cc1,-23.633410749032933,580,False,3.9355831605909777,0.7498330801432824
c1c(OCc2c(F)c(F)cc(F)c2F)ccc(OC)c1F,-23.643873311928544,581,False,2.147387749986825,0.6283763869430441
C1[C@H](n2ccc3c2C=CC=CC=C3C[C@H]3CC4=CC(=O)C=C43)CCCC1,-23.65025608663565,582,False,4.0913653276157875,0.6790751932523411
C1CC2=C(CC=C(C)Br)C(=O)C=C12,-23.764809022467944,583,False,3.70595513462421,0.7222129466833603
C1[C@@H](N2C(OCC)C3=CC=CC=C3CC4=CC(=O)C=C(C)[C@]42C)CCCC1,-23.770926672063094,584,False,3.833883663178133,0.7438519922498209
C1C(N2CCC=C3CC(CCOC)=CC=C3CC4=CC(=O)C=C42)CCCC1,-23.818965249563945,585,False,3.922767883779775,0.6998802430828702
C1CC2=C(CNC(=O)c3ccccc3CC2)CC1,-23.84153369192427,586,False,3.002215158740011,0.6941235608049197
C1[C@H](N2CC3C=C(Br)C(=O)C=C3CC4=CC(=O)C=C42)Cc2c(cccc2)C1,-23.913354059253848,587,True,4.216154208017909,0.6856729457145166
C1(CC)=CC(=O)C=C2C[C@H]1C1=CC(=O)C=C21,-23.94656628495433,588,False,4.81342251434107,0.667901462142718
C1[C@@H](N2C(CC)C3[C@@H](O)C=CC=C3CC4=CC(=O)C/C42)CCCC1,-23.946898737325697,589,False,4.579267525712799,0.8431159226610095
C1[C@@H](N(C)C2=CC=CC=C3C(=C)C(O)=C32)CCCC1,-23.950086136577735,590,False,3.438787405062979,0.8054601157098364
C1[C@H](N2C[C@@]3(O)CCCC3=CC4=CC(=O)C=C42)c2ccccc2CC1,-24.020009136391323,591,False,3.960579928169937,0.8533160020816531
C1CCN(Cc2n(-c3ccc(F)cc3)cnn2)CC1,-24.052190644630187,592,False,2.117012130337704,0.8494345200409743
Brc1c(N2C(CC(C)=O)C3=CCCCC3CC4=CC(=O)C=C42)cccc1,-24.089746756933977,593,False,4.020506528223111,0.6466230892242508
CC[C@H](N1C2=CC(=O)C=C(OC)C2=CC1)CCCC,-24.11193250450744,594,False,3.762147950583208,0.735109253131742
O=C1C(N2C(CC)(CCC)C3=CC=CC=C3CC4=C(Cl)C(=O)C=C42)CCCC1,-24.11820056618366,595,True,4.043062874956101,0.6800952372135879
C1NC(C)(C2=CC=CC=C3CC4=CC(=O)C=C43)CCC12,-24.125471686798875,596,False,5.56837810289098,0.8312854459431764
c1c(N2C(C)C3C(C)=CC(=O)/C3=C\CC4=CC(=O)C=C42)cccc1,-24.19182940588884,597,False,3.984793229076972,0.7914435237186844
C(N1C(C2C=CC3=CC=CC=C3CC4=CC(=O)C=C42)=CCCC1)CCCC,-24.19396017871645,598,False,3.666398458268578,0.6491161824097703
[C@H]1(OC)[C@H](n2ncc(=O)cc2)CCCC1,-24.19418919365856,599,False,3.543239829274434,0.7370108290173988
C1CC(N2C(C)c3c(occ3)CC3=CC(=O)C=C23)CCCC1,-24.196700596539813,600,False,3.7106011877214993,0.7240306442394554
C1[C@H](N2C(C)(C)c3cc(C)c(O)c(C)c3C(=O)O2)CCCC1,-24.24836514185941,601,False,3.1613910494944495,0.8527467482369192
C1[C@H](N2C=C[N+]([O-])=C3C=CC(=O)C=C32)CCC=C1,-24.33349613171613,602,False,4.048991573834351,0.4352009350608715
C1[C@H](N2C3(CC#C)CC=CC=C3Cc4cc(OC)c(OC)cc42)CCCC1,-24.33895348414603,603,True,3.708514831573947,0.6990711480907604
O/N=C/C=C\C1[C@@H](N2C(CC)C3=CC=CC=C3CC4=CC(=O)C=C42)CCCC1,-24.34404828163701,604,False,4.443194883082576,0.4587929365970277
c1(N2C(Cc3ccccc3)C3=CC=CC=C3c4ccc(O)cc42)cccnn1,-24.35307803449496,605,False,2.929862052097313,0.5362121685350812
C1C2(CCCC2)C2C(CCCC2)C(=O)C=C1,-24.38180436038237,606,False,4.13052352907102,0.6027177584910729
C1[C@H](NCCCCl)C2=CC=CC=C3CC4=CC(=O)C=C4C32CCC1,-24.382436064079243,607,False,4.849864205620118,0.6064042768106457
C1[C@H](COC(C)=O)[C@H]2CC=CC=C2CC2=CC(=O)CC[C@]21C,-24.401747125375564,608,False,4.356177141705375,0.7293242845083086
C1[C@@H]([C@H](N2C(C)(C)C3=CC=CC=C3CC4=CC(=O)C=C42)C)C(=O)CCC1,-24.41864470727542,609,False,3.986498328980664,0.7978155639710122
C1[C@H](NC(/C=C/c2ccc(OC)cc2)=O)CC[C@H](c2cc(OC)c(OC)c(OC)c2)C1,-24.48773664127941,610,False,2.2219572001058943,0.6275052035005703
C1[C@H](N2C(C)=Cc3c2ccc2c3C[C@@H](C)[C@H]2O)CCCC1,-24.5106079690172,611,False,3.382510742351702,0.8073176991710601
C[C@H](N1C(CC)C2=CC=CC=C3CC4=CC(=O)C=C43)CC[C@@H]12,-24.534635792057145,612,False,4.824516312212287,0.7868024840658077
C1C[C@]2(C[C@H]1N1CCC3=CC=CC=C3CC4=CC(=O)C=C41)CCCC2,-24.553439260067563,613,False,3.9332174611754422,0.748828349215064
C1C/C(=C\c2c(Cl)c3ccccc3nc2)C(=O)C=C1,-24.5945469049216,614,False,2.8236422302378053,0.7267493545276661
C1[C@H](Oc2cccc(N(C)C(=O)OC)c2)CCCC1,-24.603798308002325,615,False,2.1284797127552864,0.8359823509868357
O[C@H]1[C@H](N2C(CCC)C3=CC(=O)/C(=C/c4ccc(OC)cc4)C32)CCCC1,-24.615660345065407,616,False,4.04664606774184,0.8056254789579331
c1c(N(Cc2cc(O)ccc2)c2ccccc2)ccc(F)c1,-24.61685251514257,617,False,1.883713261032911,0.741524553712635
c1(N2C(CCC)C3=CC=CC(=O)C=C32)cccc(Cl)c1Br,-24.66680720783735,618,False,3.3359185296826883,0.7209342853723985
c1nc(N2CC3=C2CCCC32CC4=CC(=O)C=C42)sc1,-24.6690416009442,619,False,4.612520372692998,0.7926259284850175
N1C(c2c[nH]c3c2ccc(OC)c3-c2ccccc2)CCCC1,-24.707051390091124,620,False,2.83696773077102,0.7382919324164913
C1C(N2[C@@H](C)C3CC=CC=CC=C3CC4=CC(=O)C=C42)C(C)(C)CCCC1,-24.732058522458857,621,False,4.579282952827588,0.5413090472180744
c1c([C@@H]2C3=CCC(O)=C3C=C2)cccc1,-24.74201518279733,622,False,3.474765210702296,0.7286228423263779
C(N(c1nc2c(s1)C(=O)C=CC2)C)CC,-24.763717796973665,623,False,3.19057048144128,0.7863551352162118
C1C(n2nc3c2c(OC)cc(OC)c3=O)CCCC1,-24.85481460031769,624,True,3.1502515076270816,0.7295460336117544
c1c2n(nnc2-c2cc3c(cc2)ncnc3N)ccc1,-24.923385567280093,625,False,2.557785417294955,0.5664002969235
c1cc(C(Oc2ccccc2)=O)ccc1-c1cccs1,-24.933539740629957,626,False,1.6366101891332896,0.51604730911341
C1[C@H](N2C(/C=C/C=C\c3ccccc3)C3=CCN=C32)CCCC1,-24.987940789185817,627,False,3.629617425832992,0.7415985793096606
Cl[C@H]1[C@@H](N2CC3=CC=CC=C2CC2=CC(=O)C=C23)C[C@@H](C)C1,-25.06551883295788,628,False,5.502268818747205,0.6840086515196822
CCN1C(CC)C2=CC=CC=C3CC4=CC(=O)C=C4n2CCC31,-25.07380550936841,629,False,5.874287506252841,0.7815164357049633
C1[C@@H](CO)[C@@H]2[C@@H](Cc3c2cccc3O)CCC1,-25.074825251009315,630,False,3.444593288828411,0.781331418173317
C1CC(N2CCC3=CC=CC=C3COC(C)(C)O2)CCC1,-25.08065601776252,631,False,3.144810751881163,0.7778860251971754
C1[C@H](N2C(CC)C3=CC(=O)C=C3CC4=CC(=O)C(CCC(C)C)=C42)COC1,-25.132939308740347,632,False,4.37312624165229,0.739442476295081
C1=CC=C2CC3=C(C(CCCCCC)C(=O)C=C32)C1,-25.17874013031178,633,False,4.8423233491189235,0.6515799748263124
C1[C@H](N2C(C)(C)c3c(cc4c(c3)OCO4)CCCC1)OCCO2,-25.22134008220613,634,False,3.9716565921948703,0.7331808398543792
Brc1c(N2C=C3CC=CC=C(C)[C@H]3CC4=CC(=O)C=C42)cccc1,-25.2345802800519,635,False,4.014519821397672,0.6450623422808536
c1(N2C=C(F)C=CC=C2Cc2ccc(O)cc2)ccccc1,-25.253212932716224,636,False,2.703952924494448,0.885861655546927
c1(N2[C@@H](CC)C3C=CC=CC(=O)C=C32)sccc1,-25.25960160016986,637,False,4.13936822838482,0.8073447400389553
CCN1C(CC)C2=CC=CC=C3CC4=CC(=O)C=C4c32CC1,-25.294191161403887,638,False,4.934440473102572,0.7727950500636986
c1c(N2C(CC)(C)c3c(Cl)cccc3CC4=CC(=O)C=C42)ccc([N+]([O-])=O)c1,-25.35734729306614,639,False,3.5137881303749205,0.5210488536387765
C1C(N2C(C)=C3C=C(CCCC=C)C(=O)C=C23)CCC1,-25.362792319188884,640,False,3.2000218682659307,0.5485637913740619
c1([C@H](N2CCc3c2ccc2c3cccc2)CO)ccccc1,-25.414585351711157,641,False,2.550243469526233,0.7892822010074398
CC1(C)[C@H](N2C(CC)C3=CC=CC=C3Cc4cc(OC)c(OC)cc42)CCC[C@@H]1OO,-25.422821845728663,642,True,3.880937431648011,0.4700712010448704
C1[C@H](N2C(=O)C=C3CC4=CC(=O)CC[C@]423)CC2CC1O2,-25.446800749487096,643,False,5.806124073388884,0.725945159564619
C[C@H](N1C2=C/C(=C/c3ncccc3)C(=O)C=C21)CCC,-25.447974364969923,644,False,3.5246949796711196,0.6188545202926214
c1c(CN2C=CC=CC=C3CC4=CC(=O)CC[C@@]423)c(F)ccc1F,-25.508892583786302,645,False,4.28833593579529,0.8117478416984802
C(CN1[C@@H](CCc2ccccc2)CC2=C1CC1=CC(=O)C=C21)C,-25.5258435994856,646,False,3.49057487604015,0.8124649750365492
C1C(N2C(CCO)C3=CC=CC=C3[C@@H](O)C4=CC(=O)C=C42)CCC(C)C1,-25.717450110933,647,False,3.8492651560817386,0.8739410552995767
c1cnc(N2[C@H](C)C3=CC=CC=C3Cc4cc(O)ccc42)nc1-c1ccccc1,-25.77627838283024,648,False,2.86213993814194,0.4886711769838023
C1C(c2c(CC)c3ccccc3cc2)=Cc2c1cccc2C=O,-25.79643746720194,649,False,2.6496192218831336,0.5987026948898865
C1[C@H](NCc2c(F)cc(F)cc2F)CC/C(=N\O)C1,-25.837396189839662,650,False,2.677038203321324,0.6560375661778914
C(N1C(CC)C2=CC=CC=C3C2CC[C@]13O)CCC,-25.85239306578296,651,False,5.538803296495158,0.8361346861531657
C1C(n2c(CCC)c3[nH]c(=O)cc-3c2=O)CCCC1,-25.965876417933032,652,True,3.113143815319389,0.8456125468401098
c1cc2c(cc1OC)cccc2-c1cc(O)c(O)c(OC)c1,-25.97963755182264,653,True,1.969528568104872,0.7188242853995677
C1[C@](CN2C(CC)C3=CC=CC=C3CC4=CC(=O)C=C42)(O)CCN(CCO)C1,-25.98346211998799,654,False,3.6376369617358666,0.8175343918847956
C(CN1C(CC)C(=O)C(Cl)=CC1=O)=C,-25.98927253999597,655,True,3.7752664008942407,0.6664674123708786
n1n(C2(CCC)C3=CC[C@H](O)C=C3CC4=CC(=O)C=C42)ccc1,-25.997139885512297,656,False,4.615314657131129,0.9339301557421322
C1[C@@H](N2C(CC)[C@@H]3C[C@H](Cl)C=C3CC4=CC(=O)C=C42)CC[C@H](C(=O)OC)C1,-26.045459370165236,657,False,4.501475423514796,0.4130097273141913
C1(N2C3=CC=CC=C3C=CC(=O)C=C2)=CCC(C)=C1,-26.06775760057647,658,False,3.272965027440601,0.7534020879250328
C1[C@H](N2C(CC)C3=CC=CC=C3C=C4C=C(OC)C=C=C42)[C@@H]2CCCC[C@@H]12,-26.078567744596512,659,False,4.663850154794028,0.6138956565809095
C1[C@@H](N2C[C@@H]3[C@](O)(CCC3)C3=CC=CC=C3CC4=CC(=O)C=C42)CCC[C@@H]1C,-26.173187018081137,660,False,4.693051989107108,0.7830700666011176
O/N=C1\[C@@H](N2C3=CC=CC=C2CC4=CC(=O)C(O)=C43)CCCC1,-26.24602726772721,661,False,4.957408637141397,0.5763106839479544
C(=C1/CC=C2C=C(C=C)C(=O)C=C12)\CCCC,-26.38180084581836,662,False,3.8397463895328623,0.66070978715681
C1[C@H](N2CC3=CC=CC=C3C3=CC(=O)CC[C@]32C(C)C)CCC1,-26.485202287803983,663,False,3.386138648088997,0.7963663710491583
c1(S(=O)(N2C(C)(C)C3=CC=CC(=O)C=C23)=O)ccc(C)cc1,-26.57818162242445,664,False,2.6113964341098335,0.8560780150032088
c1(N2C3=C[C@H](O)CC3=CC3=CC(=O)C=C23)ccccc1Cl,-26.580499611071005,665,False,3.80703438365922,0.8656062586939062
c1(-n2c(-c3ccc([N+]([O-])=O)cc3)c3c(c2)CCc2c-3cccc2)ccccc1,-26.58158982999774,666,False,2.3548846553568463,0.3388196911117027
C1[C@@H](N[C@H]2[C@]3(C)c4ccccc4[C@@H]3CC3=CC(=O)C=C23)CCCC1,-26.58775915500792,667,False,4.055918066707856,0.8861426436982285
c1c(N2C(CC3CCC3(OCC)C)C3=CC=CC=C3CC4=CC(=O)C=C42)cccc1,-26.59943772841177,668,False,4.093465320465503,0.6383168902833045
C1[C@H](c2nc3c(cc2)c(O)ccc3CC2=CC(=O)C=C2)OCCC1,-26.654300057445667,669,False,3.466354776008278,0.934162692595084
FC1C(N2C(C)C3=CC=C(C)C(=O)C=C32)CCCCC1,-26.67858133638947,670,False,3.8182579262411425,0.724294433444418
C1C(CN2Cc3c(cc(O)cc3O)CCC3=CC(=O)C=C23)CCNC1,-26.69605983727024,671,True,3.22864354386895,0.7700090077302995
C1[C@@H](N2C(c3ccccc3)C3=CC=CC=C(O)CC=C32)CCCC1,-26.71049566749753,672,False,3.916841112675973,0.7680002865166329
C[C@H](N1C(C(C)C)[C@@H]2CC(=O)C=C12)CCCC,-26.720620619118577,673,False,4.0960265698331195,0.7278399645287352
C[C@@H]1[C@H](SC)C2=CC=CC=C3CC4=CC(=O)C=C4C32CCCC1,-26.76313144728195,674,False,5.191690943773868,0.6611594964177677
C1[C@H](F)C[C@@H](N2[C@H](CC)C3=CC=CC=C3CC4=CC(=O)C=C42)CCN1c1ccccc1,-26.79393318012083,675,False,3.849055999287268,0.6697090901968079
C1[C@@H](N2[C@H](C)C3=CC=CC=C3CCC4=CC(=O)C=C42)CC[C@@H](CN(C)C)C1,-26.84290784948101,676,False,3.352137724066072,0.7883498573273529
C1[C@H](N2C(C(C)C)C3=CC=CC=C3CC4=CC(=O)C(C)=C42)CC/C(=C\c2ccc(O)cc2)C1,-26.874007094256967,677,False,3.6515099100981665,0.574507647222105
c1cn(C)c2c1c(C1=CCC3=CC(=O)C=C31)ccc2,-26.91531602574105,678,False,3.0222766358322097,0.7566397162698202
c1(C)cc2c(cc1)C(=COC)CCC2,-26.94614340364933,679,False,2.470347893384446,0.6142101899157765
N1=C(N2C(OC)C3=CC=CC=C3CC4=C/C(=N/O)C=C42)CCC1,-26.992803232329607,680,False,4.095091753192849,0.6405946550397879
C1[C@H](N2Cc3ccccc3CC=CC=C3C[C@H]4C(C)(C)C(=O)C=C[C@]423)CCCC1,-26.99848955824973,681,False,4.864797196268486,0.6083018790477819
C1[C@H](C2(C(=O)OCC)C3=CC=CC=C3CC4=CC(=O)C=C42)[C@@H](F)CC1,-27.0076152160042,682,False,4.104910032403225,0.7895608458882715
[C@@H]1(N2C(CCC)C3=C[C@H](O)C=C3CC4=CC(=O)C=C42)CCN(C(=O)OC(C)(C)C)C1,-27.04194799796825,683,False,4.501884808497205,0.7684292158016613
Cc1c(N2C(C(NC)=O)=C(C)C3=CC=CC=C3CC4=CC(=O)C=C42)cccc1,-27.08668647981928,684,False,2.8989730753345224,0.8714606001857558
C1[C@H](N2C(C)C3=C(/C=C\C(C)C)C=CC=C3CC4=CC(=O)C=C42)CCOC1=O,-27.08954438271047,685,False,4.225632300467298,0.7339045093644994
C1[C@H](N2C(CN)C3=CC=CC=C3Cc4c(oc(=O)cc4)C2=O)C[C@H](C)C1,-27.10571407007228,686,False,3.801865776832524,0.9015343226255758
C[C@@H]1[C@H](N2C(C)C3=CC(O)C(=O)[C@@H]3CC4=CC(=O)C=C42)CCCC1,-27.11172849395373,687,False,4.776918002569436,0.7520773933257622
c12[nH]c(-c3ccc(OC)cc3)cc1Cc1c-2cc2c(c1)C(=O)C=CC2,-27.14783176543825,688,False,2.8672506039321757,0.5864244752685959
C(Cc1c(Br)c2c(c(O)c1CCC)C1=CC(=O)C=C21)C,-27.2178213346506,689,False,3.116094256929899,0.7602567685112852
FC([C@@H](N1C(CCl)C2=Cc3ccccc3C(=O)C=C21)CC)(F)F,-27.352289203874577,690,False,3.847017554234026,0.7579054288604381
C1[C@H](N2C(C)c3cccc(C#CCCCC)c3CC4=CC(=O)C=C42)CCC[C@@H]1Cl,-27.365795821489897,691,False,4.292400257057811,0.3429564086006509
C[C@H](N1CCC2=C(C(C)=O)C=CC=C2CC1)C#C,-27.47777407525064,692,False,3.1160695738343502,0.5847736698761685
C1N2C(CCCC2)C2=CC=CC=C3CC4=CC(=O)C=C4C=C2C3CC1,-27.47911564678367,693,False,5.300205453496984,0.6539318953874811
C1[C@H](/N=C\c2ccc(OC)cc2)CC[C@@]2(C)C(=O)CC[C@]21C,-27.48536461274955,694,False,3.840068456841852,0.7900113805849988
C1[C@@H](N(C)[C@H]2[C@@H](CC)C3=CC=CC=C3CC4=CC(=O)C=C42)C(N)CC1,-27.48733420731901,695,False,4.31555899949347,0.92058853254073
C1[C@H](N2C3=CC=CC=C3Cc4c2c(O)cc(O)c4O)C[C@H]1C,-27.496335346106207,696,True,2.809752613176668,0.5552035157184906
c1c(C2=C(c3ccccc3)C=C(Br)C2=O)ncnc1,-27.51867898431212,697,True,2.604943488979062,0.8545865620565402
n1c(/C=C/c2[nH]c(-c3ccccc3)cc2)cncc1,-27.542962231046676,698,False,2.541323437451643,0.7672802419756045
C1[C@H](N2[C@H](C)C3C=C=CC=C3CC4=CC(=O)C=C42)CCCC[C@@H]1CN,-27.6381736246193,699,False,5.081644319103438,0.618354038988661
C1(N2CCOCC2)C2=CC(=O)C(C3=CC(=O)C=CC32)CC1,-27.66956174542432,700,False,4.959122823660786,0.7281133913310718
c1c2n(C)c3c(c4ccccc34)c(=O)c2ccc1,-27.70057058152088,701,False,2.073268976287773,0.4569373419659269
C(N1c2cc(CC#N)ccc2C=CC1=O)CCC,-27.795195079031277,702,False,2.2536733445439516,0.8245005920763426
C1[C@H](N/C(C)=C\SCCCC)CC=C1,-27.8351615855936,703,False,3.450181354922907,0.5310140535585737
C1[C@@H](N2C(CCCCCC)C3=CC=CC=C3C[C@@H]4C[C@@H](O)C=C[C@H]42)CCC=C1,-27.906907020508697,704,False,4.350834791910559,0.4860094332818235
C1CC(NC2=Nc3ccccc3C2)CCC1Br,-27.938939136811317,705,False,2.863115197225172,0.7865125622915659
N1(C)C2=CC=CC=C3CC4=CC(=O)C(=C43)C=C[C@]12C,-28.005950400955072,706,False,4.77605252126067,0.6151569316068503
C1[C@H](N2CCC3=CCOC(C)=C3CC4=CC(=O)C=C42)C(C)(C)S1,-28.06267336594468,707,False,4.478460595372482,0.735039178905961
C1(=O)C[C@H]2c3ccccc3C=C[C@@H]2C2=CC(=O)C=C21,-28.1554165033033,708,False,3.853379911597896,0.7071474239070898
C1[C@H](OS(=O)(c2ccc(F)cc2)=O)CC[C@@]2(C)C3=CC=CC=C3C=CC(=O)C=C21,-28.194562189212093,709,False,3.4732684599510772,0.6934932834349661
C1C(N2[C@@](C)(c3cccs3)C[C@@H]3[C@@H]2CC2=CC(=O)C=C23)CCC1,-28.19862105846096,710,False,4.401945455570301,0.8012288729905472
C1[C@H](N2[C@H](CC)C3=CCCC3Cc3cc4c(cc32)OCO4)[C@H]2CC[C@@H](O2)C1,-28.22679789655058,711,True,5.178243468904137,0.7148544849570999
C1[C@H](N2Cc3sccc3CC4=CC(=O)C=C42)C(C)(C)CC[C@H]1C(C)(C)C,-28.268488376592828,712,False,4.255737765229347,0.6289175125158964
C1[C@H](N2[C@H](C(C)C)[C@H]3[C@H](OC(c4ccc(Cl)s4)=O)C=CC=C3CC4=CC(=O)C=C42)CCCC1,-28.336673645226284,713,False,4.461925583308852,0.4586536045069134
C[C@H](N1[C@H](CC)C2=CC=CC=C3CC4=CC(=O)C=C43)CCOC12C=C,-28.34051568133151,714,False,5.232887930561405,0.7268658930068005
C1(Cn2c(CC)[n+]3ccccc3cc2=O)CCC(C)CC1,-28.4400908434764,715,False,3.033731312739862,0.7962415533851562
c1(N(C(C)C)C2=CC=CC=C2Cc2cc(OC)c(OC)cc2C)cccc(F)c1,-28.46122247942415,716,False,2.3889264599827644,0.4708527691941941
C1CC2=C(OC1)C1=CC=C3CC4=CC(=O)C=C4[C@@]21CCCC3=O,-28.48704662356647,717,False,5.858596670223198,0.6877809794207217
c1c(N2C(C)C3=CCCC3C(=O)O2)occ1,-28.487406081876088,718,False,4.421621717669202,0.6794654060922063
c1(N2[C@H](CC)C3=CC=CCC3C=C4COC(=O)C=C42)ccncn1,-28.5760643837566,719,False,4.3989266292062545,0.7839866635727061
c1cc([C@H](c2ccccc2)N2CCCC2)ccc1-c1cccnc1,-28.57992384331783,720,False,2.2749916441401457,0.6782835407784749
c1cc2c(cc1O)-c1ccc(/C=C/C(O)=O)c(OC)c1C2,-28.625208969121104,721,False,2.5006652631961863,0.7244508717699277
C1C(N2CC(C)(C)N(C)c3ccccc3N2)CCCC1,-28.641691593875297,722,False,2.81402267798253,0.837528165612207
[C@H]1(C(C)C)c2cc(C)c(C(=O)OC)cc2CC1,-28.66676284082905,723,False,2.786927512291689,0.7297675590519533
c1c(S(=O)(c2cc3c(s2)OCO3)=O)ccc(O)c1,-28.697881635971054,724,False,2.8476651997475706,0.9129529342005072
C1[C@H]2[C@]3(C)C(=O)C=C3CC4=CC(=O)C=C4C12,-28.76332953325669,725,False,4.719850001802434,0.6149245292987331
O[C@H]1[C@@H](N2C(=O)CN(C(=O)OC)C3=CC=CC=C3CC4=CC(=O)C=C42)CCCC1,-28.85719992965467,726,False,4.14746571473535,0.7873765641868358
s1c(N2C(c3c[nH]c4ccc(OC)cc34)C3=CC(=O)C=CC23)ccc1,-28.907578317111657,727,False,3.8179038480856367,0.7701989612119242
C1[C@@H](N2C(CC)/C(=C\CC(C)C)Cc3[nH]c4ccc(O)cc4c32)CCCC1,-28.917681604071845,728,False,3.66512913265748,0.6214964124959296
COc1cc2c(c(OC)c1OC)C[C@@H]1[C@@H]2C[C@H]2OC(=O)C=C12,-28.94985122699292,729,False,3.901596744683043,0.8014379636208026
C1[C@H](O)C[C@@](CCCCO)(C2=CC3=CC(=O)C=C32)CCC1,-28.95327130838996,730,False,3.630707665428624,0.6567981214746647
C1C(N2C(CC)c3ccccc3CC4=CC(=O)C=C42)[C@H]2CC[C@H]1[C@H]2C(OC)=O,-29.024020093693267,731,False,5.062338705574933,0.7478611190084644
C1C(N2C(C#N)C3=C/C(=C\c4c(Br)cccc4Cl)C=C3CC4=CC(=O)C=C42)CCCC1,-29.07175440433645,732,False,4.119230802179492,0.4616433056529329
CC1(c2c[nH]c3c(c2=O)C2=CC=CC=C3CC4=CC(=O)C=C42)CCC1,-29.09875388869341,733,False,4.525880882473206,0.8466756833337274
C1[C@H](N2C=NC3=CC=Cc4c3sc(OC)c4C2)CCCC1,-29.11366659507621,734,False,4.237326405592215,0.8015068487296177
C1C2=C(c3c(c(C)ccc3)CCN(Cc3ccccc3)C2)CC1,-29.184043204031692,735,False,2.2832877367747404,0.7551317245555567
c1(N2C(=O)c3c(O)cccc3C2=O)c(O)c([N+](=O)[O-])ccc1,-29.19463487716071,736,False,2.429483357186756,0.4953181058477781
C1CC(N2C(C)C3=CC=C(O)C=C3CC4=C/C(=N/OC(C)(C)C)C(=O)C=C42)CCC1,-29.21425163307504,737,True,3.781773806954253,0.5390723613106602
C1[C@H]([n+]2c(CC)c3ccccc3c3c2cc2c(OC)c(O)cc2[nH]3)CCCC1,-29.3150061514466,738,False,3.2976690831242017,0.3670959619933981
C1[C@H](n2c(CC)c3ccccc3c(C)c4cc([N+](=O)[O-])c(=O)[nH]c42)CCC=C1,-29.33302217981509,739,False,3.928286857062061,0.5066864866532309
c1c(NC(CCC)c2cccc3c4c(oc32)cco4)cccc1,-29.374985635193298,740,False,3.0494654683275817,0.4815483891480868
C1[C@H](N2Cc3ccccc3CC[C@H]2C2=CN(C)C(=O)C=C2O)CCCC1,-29.507377826407264,741,False,3.0687024065368655,0.891119980708124
C1[C@@H](N2C(CC)C3=C(C=C(Br)F)C=CC=C3CC4=CC(=O)C(Br)=C42)CCC1=O,-29.60125064526838,742,True,4.463528098534859,0.5099983924700653
N1[C@H](COc2c(OC)cccc2)CC=C2CC3=CC(=O)C=C3C=C12,-29.65834422612795,743,False,3.677164446337948,0.9256475616930891
C1C(CCCn2c(CC)ccc3cc4c(cc(=O)o4)cc32)CCCC1,-29.687093147547586,744,False,2.6146151982419745,0.6009685937426266
C1C(NC2=CC=CC=C(C)c3cc4c(oc(=O)c(C)c4C)cc32)CC1,-29.760611048249984,745,False,3.117834313099719,0.7976443712901887
C1[C@H](N2CCCc3c2cccc3)C[C@@H]2CC3=CC(=O)C=C3[C@H]2OC1,-29.791159599052207,746,False,3.896937754062755,0.7933874401444568
COc1c(N2Cc3c(ccnc3Cl)C2)c(OC)c(OC)c(Br)c1,-29.83136800546437,747,False,2.894874388358449,0.7259655263214817
O=S(c1ccccc1)(=O)N1[C@@H](CN2C(CC)C3=CC=CC=C3CC4=CC(=O)C=C42)[C@H](CC)C1=O,-29.93605820548251,748,False,4.104494445800195,0.5891016684739729
C1[C@H](COC2(Oc3ccccc3)C3=CC=CC=C3CC4=CC(=O)C=C42)CCCC1C,-29.95382644180444,749,False,3.976168810940544,0.5993610521479716
[C@H]1(N2C(C)C3=C(Cl)C/C(=C/c4cc(Cl)ccc4)C(=O)C=C23)CCCC1,-29.983446242076937,750,False,3.5445907101295884,0.617355862391858
c1cc([C@@H]2[C@@H](CC)C3=C(O)C=C(CC4=CC(=O)C=C42)O3)ccc1F,-29.989130454450816,751,False,4.848466323847182,0.8909170440988217
C[C@@H](N1C(CCC(O)=O)C2=CC=CC=C2CC2=CC(=O)C=C21)[C@H](OC(C)=O)C,-30.1135298570007,752,False,4.079906193993889,0.7598060559451393
C1[C@H](N2CC(C)(C)C3=CC=CC(=O)C=C32)[C@@H](OCc2ccccc2)CCC[C@@H]1O,-30.18329111608182,753,False,3.7071416843052623,0.7969853959037387
c1cc(Cl)ccc1C1=CCN[C@@H](Cc2ccc(O)cc2)C1=O,-30.22779187267577,754,False,2.9661539006335893,0.914521088361883
c1cncc2c1[C@H](NN1CCCC3=CC(=O)C=C31)CCCC2,-30.238260497077132,755,False,3.70526832159724,0.8522460485202071
c1c(N2C(C)[C@H]3[C@@H](OC(=O)C)C=C=C3Cc4cc(OC(CCC)=O)ccc42)cccc1,-30.264238625266444,756,False,4.142067537748807,0.3840442477233328
c1(-n2c(C)ccc2C)c2c(cc(OC)c1O)cc(O)cc2,-30.294855873973603,757,True,2.535883938734557,0.7542139195412411
C/C(=N\c1nc2ccccc2n1Cc1ccccc1)CC=C1\[C@H](N2C(CC)C3=CC=CC=C3CC4=CC(=O)C=C42)CCCC1,-30.316516998974635,758,False,4.189343032476835,0.1620838427423787
C1=C(N)[C@H]2[C@@H](CCc3ccoc3)C1=CC(=O)C=C2,-30.32583357174009,759,False,4.975119551487785,0.8834214472850677
C1[C@H](N2CC3=CCCCC3C(=O)C=C3C[C@H]4O[C@@]4(O)C[C@@H]23)CCCC1,-30.41167849561316,760,False,4.773824456089739,0.5870660450456453
c1c(NC(COc2c(Cl)cncc2Cl)=O)cc2c(c1Br)OCO2,-30.413800911126884,761,False,2.516640601376201,0.8132646562686574
C[C@H](N1CC2=C(CC1)C1=C(OC)C2CC1)CC,-30.41544492996763,762,False,4.6979581333719285,0.7423830244337648
C1C(Cc2cccc3cc([N+](=O)[O-])ccc23)=CCSC1,-30.422566805370156,763,False,2.7199935142243294,0.4780264940206432
C1N(C)CCN=C1c1c2c(ccc1)Oc1c-2cccc1,-30.44266493889233,764,False,2.645771857972923,0.6743018614203922
N(C(C)c1ccc2c(c1C)CCc1c-2cccc1)=O,-30.46987738419591,765,False,2.9833673990592597,0.717756562915201
C1[C@H](N2S(=O)(=O)C2)CCC=CC=C1C(C(O)=O)=O,-30.475952199747557,766,False,4.265533317142217,0.5876674859063749
COC1C(CN2Cc3ccccc3CC4=CC(=O)C1=C42)OC,-30.567083574717813,767,False,3.834238501084311,0.8349519457514698
c1(N2C3=CC=CC=C4C3=C2C=C(O)C=C4)ccccc1F,-30.601758874827283,768,False,2.067981073143393,0.5389460089155564
C[C@@H](N1[C@H](CC)c2c3c(c(F)cc2C1=O)CCCC3)C,-30.61719483185243,769,False,3.310387257919187,0.7979813139801496
CC(C)=CCc1c(C)c(C)c2c(oc2=O)c1O,-30.62738871169861,770,False,3.0843373510713263,0.6293526693786163
C1(N2C3=CC=CC=C3CC(C)=CC4=CC(=O)C=C42)CCN(Cc2ccccc2)C1,-30.715484571017555,771,False,3.211545187010719,0.7711649246665762
C(c1c(OCC2OCCC2)cccc1C)O,-30.74998490363896,772,False,2.577876964327892,0.8469571371354797
C[C@]1(N2C(C)C3=C[C@H]4C=CC=CC=C3C[C@@H](O)C=C42)CCCC1,-30.764837355018244,773,False,6.240988572155208,0.7818114604935197
C1C2(N(C(Cn3ccnc3)C(=O)C=C2)C)CCC1,-30.81944941238908,774,False,4.358646419901637,0.7946434316870793
C1[C@H](N2C3=CC=CC(O)=C3C4=C(C(=O)COC4)C=C2)CCCC1,-30.88427653297552,775,False,3.2055402322160846,0.8632610746540375
CC1(N2C(CC)=C3CC=CC=C3c3c2cc(O)c(O)c3-c2ccccc2)CCCC1,-30.901069831154015,776,True,3.3653328878365807,0.5503106092044179
c1(OC2CCC=CC=CC=C2CC2=CC(=O)C=C2Cl)[nH]cnc1,-30.95146150028178,777,False,4.803058199542747,0.9080975330420588
C1C[C@@H]2[C@@]3(CC1)CC[C@H]1[C@H](C)C3=CC[C@H]21,-30.951808322468423,778,False,5.703163171782668,0.5171541245039918
C1[C@@H](n2c(SC)nc3ccc4cc(C(OCC)=O)[nH]c4c32)CCCC1,-31.027268259918856,779,False,2.711866620792028,0.5316192731368474
C1[C@@H](CN2C([C@H](C)C3=CC=CC=C3CC4=CC(=O)C=C42)CC[C@@]1(O)C)CCl,-31.055885839145063,780,False,4.489878558934857,0.7363264845796901
C(N1C(CC)=C/C=C1/C)c1cc2c(c(OC)c1)C(=O)C=CC2=O,-31.111238826895715,781,True,2.6960392922046026,0.869929672315715
C(N1CCC2=CC=CC=C3Cc4cc(Cl)ccc4C23)C1CCCC,-31.213814744609408,782,False,4.100550154619944,0.6035450907644409
c1c(N2C(Cc3ccc(C#N)cc3)C3=CC=CC=C3CC4=CC(=O)C=C42)c(Cl)cnc1OC(C)=O,-31.23051617926251,783,False,3.605213749093301,0.4718183393531823
c1(S(=O)(=O)O)ccc(Nc2cc3c(cc2)CC(=O)C=C3OC)cc1,-31.241640314683835,784,False,2.5028415295927733,0.8279305058982971
O=C1[C@H](N2[C@@H](c3c[nH]c4ncccc34)C3=CC(=O)C=C23)CC=CC1,-31.266580511037333,785,False,4.198562892942518,0.8647372042861515
C(N1C(C(OC)=O)CC(c2ccccn2)=CC1)=C,-31.26700248907926,786,False,3.496170985599056,0.7610412133320449
c1cc2c(cc1)N1C/C(=C\C=C\c3cc(O)c(O)cc31)C2=O,-31.287778166934004,787,True,3.5889286109744214,0.7304267379118343
c1cccc2c1OC(N1CC=C(C(=O)C)C3=CC=CC=C3CC4=CC(=O)C=C41)CC2,-31.310386784413595,788,False,4.039018105611392,0.7596693269937801
C1[C@H](N(C)[C@@H](C)C(=O)c2cc(-c3ccc(Cl)cc3)ccc2)CCC1,-31.34464956483521,789,False,2.5117333862215947,0.6735535771148085
c1c(N)c(CCc2cc(F)ccc2)c2[nH]cnc2n1,-31.3680237582321,790,False,2.5906567756923504,0.756036074287541
C1[C@H](NC(c2cc3c(cc2Cl)CCCC3)=O)CNC(=O)C1,-31.42772145010622,791,False,2.7897482298130676,0.880061103257581
CC1(N2C(CO)C3=CC=CC=CC=C3CC4=CC(=O)C=C42)[C@@H]2C=CC[C@H]12,-31.45570708956825,792,False,5.154374418544302,0.7801150953500822
Cc1c(N2C(CCCCCC)C3=CC=CC=C3CC4=CC(=O)C(NCCN(CC)CC)=C42)c(C)ccc1,-31.502083765597504,793,False,3.514214740813779,0.3180732471210512
C(N1CCCC23CC=CC=C2C[C@@]12C=CC(=O)C=C23)C=C,-31.5557690584392,794,False,5.666987391684918,0.7225102182678069
C1[C@@H](N2[C@H](CC)C3C[C@H]4O[C@]45C3=CC(=O)C=C52)CCCN1,-31.63216423262208,795,False,6.364620257155046,0.7791261680711463
Oc1c(-n2cc(-c3ccc[nH]3)c3ccc(O)cc32)ccc(O)c1,-31.684054240457517,796,False,2.7075243883584488,0.4551608345284573
C1([C@H]2[C@@H](C)Oc3cccc(OCc4ccccc4)c3C2)CCCC1,-31.69439817013336,797,False,2.964499720059063,0.7505518897633772
C1CC(N(C(C)(C)C)F)CCN1C,-31.727964376441378,798,False,2.931566899330093,0.5811740372799161
C1CC(N2CC(=O)C=C3C[C@@H]4CC(=O)C(F)=C[C@]423)CCC1,-31.850516132916766,799,True,4.702434582501829,0.7446036274293685
C1CN2C(CCCc3ccccc3)C3=CC(=O)C(CO)=C3C2=CCC1,-31.929843316488583,800,False,3.4903633692667073,0.894328782951965
C1C[C@H](OC(C)=O)[C@H](N2Cc3ccccc3C(C)=CC(=O)C=C2)CC[C@@H]1O,-31.95323991955597,801,False,4.316177077430106,0.6403892738825239
C1Oc2c(c(O)cc(Cc3ccc(C(=O)N)cc3)c2O)C1,-31.956669314717857,802,False,2.5024934248650244,0.7485835572986379
C1(N2C3=CC=CC=CC=C3C=C3CC4=CC(=O)C=C42)CC2(CC1)CC[C@H]23,-32.05876296534632,803,False,6.808720120803155,0.6237959474892389
CCC1=C(C)[C@@H](N2C(CC)C3=Cc4cc(Cl)c(O)cc4C32)CCC1,-32.103343542679795,804,False,4.350757889571559,0.694919866956898
C(=C/CN1C(CC=C)C2=CC=CCN2CC1=O)\CCCCC,-32.15255349199367,805,False,3.85866159294128,0.5042845882539706
C1[C@H](N2C(CCC)C3=CC=C/C(=C\C(C)C)C/C3=C\CC4=CC(=O)CC[C@]42C)CCCC1,-32.17731324820534,806,False,4.53434518722333,0.453899593735346
C1[C@H](n2cnc3c2ncnc3N2CCN(C)CC2)C[C@@H]1c1cc2[nH]nnc2cc1,-32.22625368959416,807,False,3.0232888129239406,0.5726340055204768
C1CC(c2c(OC)cc(OC)cc2OC)N=C1c1cc(S(=O)(=O)C)ccc1,-32.2397488013346,808,False,3.0100745712189187,0.7565772275447732
C1[C@@H](N2C(CC)C3=CC[C@@H]4O[C@]4(O)C=C3CC4=CC(=O)C=C42)CCC[C@@H]1OCC#C,-32.25242721035467,809,False,5.268229252410713,0.5729682834789129
C1(N2C(CC)C3=CC(O)C(CC)=CC3CCC2)(C)CCCC1,-32.26318631216418,810,False,4.5071873154026445,0.7787940257950651
C1[C@H](n2nc3c(Cl)c(O)ncc3c(C)c2=O)CCC[C@@H]1O,-32.27826209523488,811,False,3.965015490362312,0.8401100138558658
C[C@H]1[C@H](N2CC3CCC/C(=C\c4cocc4)C=C3CC4=CC(=O)C=C42)CC[C@@H](C)C1,-32.39402488967973,812,False,4.733169900810875,0.5798008929548132
Cc1c(N2C(C)C3=C[C@@H](O)C[C@@H]3CC4=CC(=O)C=C42)c2c(cc1)OCCCO2,-32.39634661673337,813,False,4.450963494193688,0.7575957486508731
C1CC(n2c(C)c3c(c(C=O)cn3)CC3=CC(=O)C=C23)CCC1,-32.4172447470028,814,False,3.711855157589218,0.7359245441184029
n1c(N2C(C)C3=C=CC=CC=C3Cc3c2cc(O)cc3)c2c(cc1)OCC2,-32.57272644349723,815,False,4.207861944149785,0.7703240207044
O1C[C@H](N2C(c3cccs3)C3=CC=CC=C3CC4=CC(=O)C=C42)CCN1S(=O)(=O)CC,-32.63568292231224,816,False,4.194400203222881,0.705138968136263
C1[C@H](N2[C@@H](CC)[C@@H]3[C@H](Br)C[C@H](O)C[C@@H]3CC4=CC(=O)C=C42)CCCC1OCC,-32.648489406663444,817,False,4.9514114020166495,0.6443780144972523
C1[C@H](N2CCC[C@@]3(OC)Nc4ccccc4C3C2=O)CCOC1,-32.69781952141787,818,False,3.8255136342733898,0.9097493339204452
C(N1CC2/C(=C\C1=O)C=C1C=C(Br)C(=O)C=C12)CF,-32.70675520339944,819,True,4.405429808348085,0.7797923337009512
C1[C@H](N2CCc3cncn3C(F)(F)C(=O)C=C2CC)CCCC1,-32.80616908334214,820,False,3.913639766970116,0.8360754724592772
C1[C@H]2N(C(=O)C)CC[C@@]3(C)[C@@H](C2)[C@H](C)CC(=O)C=C31,-32.86072177669851,821,False,5.1754851093781085,0.671795281151804
O=S(C)(=O)c1ccc(C(=O)N2CC3=C(Cl)C(=O)CCC32)cc1,-32.952512424563466,822,True,3.0552579665676545,0.8229190329171974
C1[C@H](N)[C@@H]2[C@@H]3[C@H](O2)[C@@H](C)[C@@H](O)[C@@H]1CO3,-33.10569468650283,823,False,5.561472482499925,0.5516397018215663
CN(c1c(N2Cc3c4c(ccc3CC2)ccc(F)c4)cccn1)C,-33.196003626864695,824,False,2.4913391585050686,0.7109721033980339
C1[C@H](c2c3c(c(Cl)cc2)OCCc2cc4c(cc2-3)cc[nH]4)CCCC1,-33.242826374840675,825,False,2.7131067455321514,0.5334959037986815
c1(C(C)=O)sc(/C=C/C2=CCC(=O)C2)cc1,-33.26275497852478,826,False,3.271471552271409,0.7495358394245601
C1CC(N2CCC3(c4cc(OC)ccc4)CCC3=C2)CCC1,-33.26297039660858,827,False,3.2697556588753462,0.8049905290178091
c1cc2c(cco2)c(O)c1O[C@H]1[C@H](N2C(C)C3=CC=CC=C3CC4=CC(=O)C=C42)CCC[C@H]1C,-33.37186428092174,828,False,4.3405271580813665,0.5180357218686956
C(C(N1C(CCC)C2=CC=CC=C2Cc2c(O)cccc21)(C)C)(=C)C,-33.52172175596752,829,False,3.377509491042489,0.6927612403177832
C1[C@@H]2N(CCc3cnc(C)cc3C2)[C@H](CC2CCCC2)C1,-33.65915771309574,830,False,3.478762131929865,0.8185126539782562
c1c(S(NC2=C(Cl)C(=O)[C@@H]3C2=CC(=O)C=C3Cl)(=O)=O)cccc1,-33.692096307166665,831,True,3.463721964772313,0.8851791905406469
CC(O[C@H]1[C@@H](N2C(C3COC3)C3=CC=CC=C3CC4=CC(=O)C=C42)CCCN1S(C)(=O)=O)C,-33.69544140289514,832,False,4.378142839410751,0.6560794564891845
N1(CCc2ccc(Cl)cc2)C2=CC=CC=C3CC4=CC(=O)C=C4C[C@]23C1=O,-33.75466492212618,833,False,4.292130920244786,0.7376401122394952
C1/C(=N/OCCC)C2=CC=CC=C3CC4=CC(=O)C=C4C23CCN(C)C1,-33.77702384926687,834,False,4.696846708225455,0.5750556801432688
C1N(Cc2ccco2)C[C@@H](n2ccc(=O)cc2C)CC1,-33.86886677212917,835,False,3.0245095824911674,0.8617006615768434
C1[C@H](n2cc(C)c(=O)n(CCO[C@@H]3O[C@H](CO)[C@@H](O)[C@H]3O)n2-c2ccccc2)CCCC1,-33.94311372879747,836,False,4.261018096666772,0.5719411294276336
C1CC(N2C3=CC=CC=C2CC2=CC(=O)CC(c4cc(F)cc(F)c4)=C23)CCC1(C)C,-33.95346225041159,837,False,4.276574916431022,0.5361985153997797
N(CN1C(CC(F)(F)F)=CC=CC=C1)C,-33.96728734713135,838,False,3.7408865897232406,0.7819980971944603
FC1(F)C(n2nc(C3CC3)c3c4cc(OC)c(OC)cc4sc3c2=O)OC(C)(C)C1,-34.01761576416921,839,False,3.8914240079727462,0.5857929608110825
[C@H]1(CN2C(c3c(F)cc(F)cc3F)C(C)=CC=C2)CCCC1,-34.0883464954386,840,False,3.3911703487016496,0.7497130612113077
C[C@@H](N1C(C=O)C2=CC=CC=C3Cc4c(cc(OC)c(OC)c43)C21)C(C)C,-34.09128466623963,841,False,5.9462964113690475,0.7363695601910102
C[C@@H](N1C(=O)CC2=CC=CC=C3CC4=CC(=O)C(Br)=C4[C@@]123)C(C)C,-34.100583057865194,842,True,5.195883486339399,0.7199617755369423
c1cc(N[C@H](COc2ccccc2)c2cccc3[nH]ccc23)ccc1OC,-34.11947264723267,843,True,2.5485299942958406,0.4643154203791859
Brc1cc(N2C(C)[C@@H]3[C@@H](CC)[C@@H](Br)C=C3CC4=CC(=O)C=C42)c(F)cc1,-34.2505222932888,844,False,4.720395649313533,0.3860917253287632
C1c2c(OC)ccc(c2OC)C2=CC=CC=C3CC4=CC(=O)C=C4C3(C)CC21,-34.25160487591484,845,False,5.458845820959548,0.7335051467385871
C1[C@H](NCC[C@]2(C)C3=CC=CC=C[C@]3(O)C=C(C)[C@@H]2C)CCC1,-34.264224950667995,846,False,4.501991595285924,0.7587108740920686
C1[C@H](n2c3cnc(-c4sc(SC)nn4)nc3C3=CC=CC(=O)C=C32)CCCC1,-34.33342569765591,847,False,3.0123490080772974,0.4571132054905819
C1[C@H](N2[C@H]([C@H]3CC[C@H](O)C[C@]332)CC[C@]23CC4=CC(=O)C=C42)CCCC1,-34.374604877150034,848,False,6.151458612791375,0.7944860643221132
n1cnc(C2(CC)C3=CC(C)=C(OC)C(=O)C=C23)nc1,-34.423675684592126,849,False,3.685748261915192,0.8465551766511152
c1(Cl)cc2nc(N)cnc2c(-c2cc(Cl)c(Cl)cc2)c1Cl,-34.6390547218607,850,False,2.599970145631108,0.624963380418188
C1[C@H](/N=C/C2=CC3=CCCC3CCC2=CBr)CCCC1,-34.6820023160908,851,False,4.097089791995282,0.5723339297119808
O=c1c2n(ccc2)nc(/C=C\c2cc(OC)c(OC)c(OC)c2OC)n1C,-34.8313381826497,852,False,2.820290884914945,0.6614509848501633
C(c1c(OC)c(OC)c(OC)cc1CC)CSC(c1ccc(OC)cc1)=O,-34.989730952931495,853,False,2.4137881156841754,0.6325562577869586
C1(CN2C(CC)C3=CC=CC=C3CCc3c(Cl)cc(O)cc32)OCC(=O)N1,-34.991110193863335,854,False,3.9125118350063057,0.8460378953267086
C1CC[C@H](c2c3ccccc3c3c(c2)c(=O)cc(C(OC)=O)o3)CC1,-34.99807247862921,855,False,2.3308743130997183,0.4990119195752537
c1c([C@H](N2CCC(=O)Nc3ccc(F)cc32)N2C(CC)C3=CC=CC=C3CC4=CC(=O)C=C42)ccnc1,-35.06886569330928,856,False,4.059446503634844,0.5211083308228428
C1[C@H](c2cc(-c3ccccc3Cl)n3cccc1c32)OC1CCCC1,-35.13092288275358,857,False,3.268475853240906,0.5871272672930071
c1(N2c3ccccc3C3=CC(=O)C=C(C)[C@H]32)ccc(C)cc1CC,-35.158761516729115,858,False,3.1896064631446723,0.7778680191599197
C(CN1C(=C)C=CC(C=O)=C2C1=CC1=CC(=O)C=C21)CCCC,-35.177948779215754,859,False,3.6988742108436554,0.553383688712368
C1N2[C@H](CCC1)Cc1ccc(C)cc1C1=C(OC)C(=O)C=C12,-35.25895042979391,860,False,3.266268186347874,0.7964217007574417
C1OC1(NC(C)C1=CC(=O)C=C2CC3=CC(=O)CC[C@]23C)CC1,-35.2745105604954,861,False,5.547961004962678,0.6287149564923438
C1[C@H](COC2CCCCC2)CN2CC=CC=C3CC4=CC(=O)C=C4C23CCCC1,-35.41753347351916,862,False,5.034411047533501,0.652194011103327
c1ccccc1N1CCN(Cc2ccc(SS(=O)(=O)N)cc2)c2ccccc2C1,-35.45889990916481,863,False,2.4351215149278183,0.6258712891672881
C1c2c(c[nH]c2N2C(CCO)C=CC3=CC(=O)C=C23)C=CC1,-35.50478272106216,864,False,4.459042053106115,0.9002773610076241
C[C@H](N1CCC[C@H]2C1=CC=CC=C2c1cc([C@@H](C)O)ccc1)CCCCC,-35.50589845899958,865,False,3.8752941416387774,0.5766244491369452
C([C@@H]1N2CC[C@H](OC(C)=O)[C@@H]1CC1=CC(=O)C=C21)C(=O)OC,-35.73634302761643,866,False,4.88972538513164,0.7234495488203675
C1C(N2CC[C@H]3[C@H](OC)C=CC=C3Cc4c(nnn4CC)O2)CCC1,-35.841828493625826,867,False,4.876808183493932,0.8437925465857015
C1[C@H](/N(C)C)C2=C(C(C)C1)[C@@H]1[C@@H]2CC2=CC(=O)C=C[C@]12C,-35.85144601653157,868,False,4.7326304976211935,0.6877539188989656
N12c3c(cc(O)cc3C[C@H]3c4cc(O)c(O)cc4C[C@H]23)OCC1,-35.939349340102126,869,True,3.70036290887938,0.6509785934936967
C1[C@H](N2CC(C)=C3c4oc(C(C)=O)cc4C(O)=C[C@]32C)CCCC1,-35.96787649265059,870,False,3.99438868776816,0.8081662062595465
C1(=O)C2=CC=CC=C(CC(CCC=C(C)C)C2)SC1,-36.07203509009764,871,False,5.291248617539177,0.6859411849056803
C1C(Oc2c3c(n[nH]2)CCc2cc(OC)c(OC)cc2-3)c2c1c(OC)ccc2,-36.20572680437925,872,False,3.4817618976333033,0.7299330972321376
FC(F)(c1c(N2Cc3cc(O)ccc3CC2)n2c(ncnn2)n1)F,-36.301925961745965,873,False,3.111682351501331,0.730014056201757
c1c([C@]2(O)C=C3[C@H](OCCC2)OC(=O)C=C3)cccc1,-36.30712915999902,874,False,3.853454774074896,0.7949405794611312
C1[C@@H](CS(c2ccc(C)cc2)(=O)=O)C(C)(C)Oc2c1cccn2,-36.47416785979078,875,False,3.158959911200885,0.8665442045927461
C1=CC=C2C3=CC=C(Cl)C(CC(=O)OC)=C=C3C12,-36.50039007058241,876,False,4.659755600983672,0.5616729545978741
c1([C@H]2[C@@H](C(F)(F)F)C3=CCCCC3Cc3c2ccc(O)c3OC)ccccc1,-36.58846421406236,877,False,3.8494526348947593,0.6401598586934955
C1(=N\OCC)\C2=CC=CC=C3CC4=CC(=O)C=C4c23CCC1,-36.60577808192511,878,False,4.775967960563936,0.7261251110550349
C1C2(CCN(C3CCCC3)c3cc4ncc(=O)cc(C(F)(F)F)c4n3C2)CC1,-37.00215199546102,879,False,3.7950325240532985,0.7048966143308548
C1=CC2(S[C@H](CCC)[C@@H]3CC4=CC(=O)C=C43)CC2CC1C,-37.00594579332393,880,False,5.415139967117215,0.6846612043573916
O1[C@H](n2c3c(nc2-c2ccccc2Cl)ccc(Cl)c3)CC[C@]1(CC)C,-37.104529277601614,881,False,3.392894966980249,0.5233037814247468
C1C[C@H]2CC[C@@H]3[C@]4(O[C@H]3C2)[C@@H](O)C=C41,-37.31752977086581,882,False,6.260805581532906,0.5910908142588844
c1cc(CN2C(=O)C(Cc3n[nH]cc3)C(C)C2)ccc1Cl,-37.329760679786006,883,False,3.6712007423517026,0.943900922798294
C1[C@H](N2c3ccccc3C[C@H]3CCCN32)CC[C@@H](F)[C@H]1C(C)C,-37.407092578514494,884,False,4.11820243632021,0.7870845324815613
C(N1C(=O)CC=CC=C1c1cc2c(c(O)c(O)cc2)[nH]1)CCN(C)C,-37.429846831269074,885,True,3.21213453287994,0.7306304327445847
C1[C@H](N2CC3=CCC=C4C5=CC(=O)C(N(C)C5=CC42)CCC[C@H]13)C,-37.49948098181633,886,False,6.697603454256302,0.6399177795845958
COc1c(N2C(=O)C3=CC=CC=C3C[C@@H]4C[C@@](O)(C)C[C@]42O)cc(OC)nc1OC,-37.55948956584875,887,False,4.102403251499986,0.7905425295510722
c1cc2[n+](cc1-c1ccc(-c3occ(Br)c3)cc1)cccn2,-37.569333877324,888,False,3.0954400435772893,0.497089347884807
c12c([nH]c3c1cc(CC)c(OCCCn1cncc1)c3)CCCC2,-37.75983729102154,889,True,2.550197267695326,0.6882497007573531
C1[C@@H]([C@@H]2C(CC)=C(C(=O)C)C[C@@H]2c2ccc(O)c(Br)c2)CCCC1,-37.82149899309852,890,False,3.5894055171839474,0.6700055895607554
C1[C@H](N2C(CC)c3ccn4cc(C(=O)CCC5(O)CC5)cc4c3CC4=CC(=O)C=C42)CCCC1,-37.9628284252649,891,False,4.011881308465294,0.583938088480043
C1(n2c3ccc4c(c3nc2)CCN(C(c2c(O)cccn2)=O)C4)CC1,-38.03369871319956,892,False,2.626130082330489,0.7820082859192418
C1[C@H]2N(C(/C=C/C)=O)CC[C@@H]3Cc4cc(OC)c(O)cc4[C@@]32C[C@@H]1O,-38.06137606055563,893,False,4.760636950462357,0.8074452980698794
c1c(-c2c(C(F)(F)F)c3c(cc4n2CC(=O)[C@H](O)C4)CCCC3)cccc1,-38.19832681232988,894,False,3.826195227089363,0.7927616106342752
COc1c2c(cc3c1O[C@@H](C)[C@@H]4CC(=C)C=C43)OC2=O,-38.207537948212135,895,False,4.326748796431849,0.735875304539165
C1[C@H](N2CCC=C(F)C23CC2C=CC(=O)C=C23)CCCC1OC1CCCC1,-38.33296806000925,896,False,5.038835017339482,0.7237684038561909
C1[C@H](N=S(c2c(OC)cccc2)(=O)N(C)C)CCCC1,-38.4772392347586,897,False,3.18578589927783,0.8549333935876149
c1c(CC/N=C/C(c2c(O)ccc(C)c2O)=O)cn(C)c1C,-38.52437991180727,898,False,3.3101887418021416,0.6579877102889569
n1c(N2Cc3c(c(N)c(NS(=O)(=O)C)cc3)C2)c(C)[nH]c1C,-38.58722883674227,899,False,3.0522233571867563,0.743237526931844
C1CCC=Cc2c1c(Nc1cc(O)ccc1F)c1cc(O)c(O)cc1n2,-38.70964755743967,900,True,2.9395696142037853,0.5072101296655437
Clc1c(N2C(C)C3=C(O)C=CC=C3Cc4c(c(C)[nH]c4O)C2=O)ccc(Cl)c1,-38.71423220209181,901,True,3.468510215981622,0.4994738843064112
C1C(CC=C)C2=CC=CC=C2CC2=CC(=O)C(C4(OC)OCCC4)C12,-38.72026111686138,902,False,4.471048165257285,0.7724597658086079
C[C@H](N1CCCC2(C1)[C@H]1Cc3c(ccc(O)c3OC)CCC[C@@H]12)CCCC,-38.90212270061602,903,False,4.4194494383614975,0.7733024053015076
C1[C@H](N2C(CC)(C)C3=CC=CC=C3Cc4cc(F)c(O)cc42)CCCC[C@H]1C=C(CC=C(C)C)C,-38.91136794799354,904,False,4.328809843560541,0.3448182898811479
C1[C@H](NC[C@H](C(C)C)/C=C\C=C2/CC(=O)CC2)CC[C@@H]1C(C)C,-39.00814500218259,905,False,4.352358174427936,0.7226915786200744
C[C@H](N1C2CCC(CC)=C2c2c(OC)cccn2)C1=O,-39.21824456063405,906,False,3.5828171131151656,0.7912987956102425
C1C[C@@H](O)[C@@](C)(O)[C@]23CC=CC=C2C=C(OC)C13,-39.25650537217052,907,False,5.1991818875303775,0.745148631213903
C1[C@H](N2C(C)C3=C[C@H]4[C@@]3(O[C@H]3C[C@H](C)C=C4)CC[C@]32O)CCCC1,-39.30853826593375,908,False,6.422073082185895,0.7431978923045182
C1[C@@H](N2CC3=C(C(=O)c4cn(CC5OCCN(C)C5=O)cc4C3=O)C2)CCCC1,-39.34294069214977,909,True,3.833081801523067,0.7759408761775474
CC(N1C(CNCc2ccco2)C2=CC=CC=C3CC4=CC(=O)C=C43)CCC12C,-39.59230160810698,910,False,4.845470513909393,0.7916487922495977
C1=C2[C@]3(OO2)C=CC=Cc2c(c4c(cc2)OC(C)(C)CC4)C=C31,-39.6750111970523,911,False,5.314450593079786,0.6667632539618977
[C@@H]12C[C@H]1[C@H](N1Cc3coc4ccccc34)CCC[C@H]2c2ccccc21,-39.69741968306335,912,False,4.2669246717922,0.597174729139084
C1[C@H](n2c(N3CCCC3)c3cc(Br)c(C4=CC(=O)C=C43)cccc2=S)CCC1,-39.8094220746425,913,False,4.332683634937451,0.6215431493166597
C[C@H](n1c(CC)c2cc(C)c[n+]([O-])c2c2c1ncn2)c1cccc(F)c1,-39.8605750080342,914,False,3.655363540361945,0.417182958538329
C1[C@@H](O)C2=CC=CC=C3C[C@@H](C)[C@@]4(CO1)C[C@@H](O)C[C@@]432,-39.99274061061442,915,False,5.685635577368311,0.7098061333637644
C(CN1C(C2CC2)(c2ccc(Cl)c(Cl)c2)C1)Cc1ccc(C(=O)O)cc1,-40.07417161114792,916,False,3.2662972752398858,0.6571800415477228
C([C@H]1C2=C[C@@H]3C(=CC4=CC(=O)C=C43)CCC1)(CCC2)OC,-40.080899331312594,917,False,4.531174604641629,0.6817174051686781
[C@@H]1(N2CC3=C=CC[C@]4(C2=CC(=O)C4)C=C1)CCCC3,-40.282089744170776,918,False,6.00428891057947,0.4881117345732029
n1c(/N=C/c2ccccc2O)nc(N2C(CC)C3=CC=CC=C3CC4=CC(=O)C=C42)sc2c1[nH]cc2-c1ccccc1,-40.37546264244705,919,False,4.187383479861965,0.2522306301008405
C1[C@H](NC2=CC[C@H]3CC=CC=C4C=C(c5coc6c5cc(O)cc6)[C@]3(C)CC42)CCCC1,-40.38148196670227,920,False,5.863560846591446,0.541669725431654
Cc1c[n+](C)c2c(c1OC)S/C(=C\c1c(O)c(F)ccc1F)C2=O,-40.60037204182515,921,False,3.4405286619781847,0.6678011774863145
[C@H]1(C)[C@@H]2[C@H](CCc3c2cccc3OC)O[C@H](C2=CC(=O)C=C2)C1(CC)C,-40.63605805442786,922,False,4.402912674926366,0.7967692693518894
C(c1c2c(nccc2)c(-c2cc(C(=O)NCCO)ccc2)o1)N,-40.642647196465774,923,False,2.5812411715752326,0.6651730823828123
O=S(N1[C@@H](C)[C@]23CC(=C(Br)C=C2CC2=CC(=O)C=C23)CC1)(=O)c1ccccc1,-40.68397058478706,924,False,5.358597322906967,0.6653085477918023
O=C1N(Cc2ccccc2)C2=CC=CC=C3CC4=CC(=O)C=C4C=C3[C@@]32CC1C3,-40.78456732774799,925,False,4.663925444030446,0.7547803708521819
C1[C@H](n2c(C(C)C)c3ccccc3cc2=O)C[C@@H]2C[C@H]1CC[C@]21C[C@H]2[C@@H](C)CCC[C@@]12C,-40.84441075101495,926,False,5.633800074451061,0.4771023711898691
c1cc(C(N2[C@@](Cc3ccccc3)(CCCC)Cc3cc4c(cc32)OC(C)(C)O4)=O)ccc1C#N,-40.97924574666774,927,False,3.429266518324072,0.4193364302010693
c1cc(NC(OCCN2[C@@H](C)C[C@@H](O)C[C@H]2C(c2ccccc2)=O)=O)ccc1,-40.98091299920097,928,False,3.271243494193687,0.7494667400531557
C1[C@@H](O)C[C@]2(O1)[C@H]1CC3=CC(=O)C=C3C[C@@H]2C(C)=N1,-41.03927637416929,929,False,6.271680937238921,0.7107232598241993
C(C#N)(c1c([N+](=O)[O-])ccc(Oc2ccccn2)c1C)(C)C,-41.09775645186539,930,False,2.725913357186757,0.6304791744762445
C(n1c(C(C)C)c2c1=NC[C@H]1[C@](CC)(CO)C=CC=C21)CCC,-41.42957342707086,931,False,4.61123194297029,0.8062167570260395
C[C@@H]1[C@@H](N2C(CC)[C@]3(/C=C/C(C)=C)CC[C@H]3C[C@H]2C(C)(C)C)CCC1,-41.510707130655646,932,False,4.923085400178285,0.5195288047176398
C1C[C@@](Sc2nnn3nc(-c4cc5c(cc4)OCO5)nc3n2)(CC1)C,-41.82856522860288,933,False,3.382184708110114,0.7078104280777422
c1cc2c(cc1OC)C1=CC=C3CC4=CC(=O)C=C4C(=O)C=C2C(C)(C)[C@H]13,-42.09494180420042,934,False,5.08150019725619,0.7457621835573396
n1cc(CCc2cccc(-c3n(C)nnn3)c2)cc(C(OC)=O)c1,-42.218351560938686,935,False,2.3113451785719583,0.6663736711746538
C1[C@H](N2CC[C@]34CC(C=Cc5c4c(OC)cc(O)c5OC)CC[C@H]32)CCCC1,-42.48386384749756,936,False,5.280021400707793,0.807596133173615
COc1c(C2(OC)CC3=CCc4c(c(O)c(OC)c(CC=C(C)C)c4O3)C2=O)cccc1,-42.52385720835282,937,False,5.033819305057993,0.6518249471066627
C1[C@H](N2C3=CC=CC=C3Cc4n(Cc5ccc(NC(NC6CC6)=O)nc5CF)cnc42)CCCC1,-42.6201593707774,938,False,3.0778756012508666,0.4978765605050306
C(N1C(CC)/C(=C\CCc2cc(C)nc(N)c2N)CCC1)c1cc(C)c(C)cc1,-42.94273239429276,939,False,3.3751850864576785,0.6707932593429364
C1[C@H](N2C/C(=C3\C(CC)OC(=O)N3CCN3)C3=CC4=CC(=O)C=C42)CCCC1,-42.97024060302648,940,False,4.18802685489826,0.7967660507694325
C1[C@H](N2C(C)=C(CCC2)c2c(c(OC)ccc2OC)CCc2cnccn2)CCCC1,-43.116942582521006,941,False,2.830536011294706,0.5957977393627506
C1[C@@H](N2C(CC)Cc3c2cc2c(OC)c4c(c3OC)OC[C@H]42)ccc(O)c1,-43.25552009998398,942,False,5.776846448373494,0.8178340066890555
C1[C@H]([N+](=O)[O-])CC[C@@]2(CBr)[C@@H](C)[C@](O)(C)CC[C@H]2[C@H]1O,-43.31905945918108,943,False,5.021026579387955,0.4549463991527041
C1CCN[C@H]2[C@@H]3C=C[C@H](O[C@@H]4O[C@H](CO)[C@@H](O)[C@H]4O)C4=CC(=O)C=C4[C@]23CCCC1,-43.63424603774547,944,False,5.864486618773755,0.5019028723717307
c1c(N2[C@]3(SCC)c4cc(C)c(O)cc4[C@H]3CC4=CCC(=O)C=C42)cccn1,-43.72816371831506,945,False,4.399890243505273,0.8164167917324289
CC(C)(C)c1cc2c(cc1O)OC(c1cocc1)=C2/C(=O)c1c(cccc1OC)O,-43.86127206104845,946,False,2.849251604563955,0.4260562692566211
C1(=N/Nc2c(NC(=O)C)c3cc(OC)ccc3nc2)\C(=O)N(C)CCC1,-44.03393047466045,947,False,2.772519689674409,0.8200637349773489
C1=C(N2C[C@H]3C[C@@H]4C=CC[C@H](OC4=O)C[C@H]3[C@H]3CC4=CC(=O)C=C43)CCC[C@H]12,-44.11152024868369,948,False,6.387064986933776,0.5556677707211988
o1c([C@H]2Oc3c(O)cc(-c4cccnc4)cc3[C@@H]2OCc2ccccc2O)cnc1,-44.15967907588947,949,False,3.787898742070311,0.5056659649852031
C1[C@H](N2C(C)=Cc3nc4c(c(Cl)c3C2=O)CC2=CC(=O)CC21)CCS[C@@H]4C,-44.3499999810024,950,False,6.181023553887093,0.6500870557430584
C1[C@H](N)C/C(=C\[C@H]2C3=CC=C4OC2(C)CC(=O)C=C43)CCCC1,-44.53997216514847,951,False,5.789648438298787,0.7508647297761193
C1C2CC(O)CC3=CC=CC=C2C2=C/C(=N\OC)C(=O)C=C1[C@H]23,-44.77396063198103,952,True,5.984339254504588,0.7575715326281175
C1C(CSCSC#N)C2=CC=CC=C3C=C4C=C(O)C(=C41)CC32,-44.90121753269773,953,False,6.136775431321885,0.4429742198204584
O=C(COc1cc2c([nH]c3c2C[C@@H]2CC[C@H]3C3=CC(=O)C=C32)cn1)N(CC)CC,-45.28809951880022,954,False,4.627372900300049,0.8486263499497616
C(N1[C@]2(CC)C3=CC=CC=C2CC2C[C@](CO)(C1)C[C@@H]23)c1ccc(O)cc1,-45.360444077074135,955,False,5.760731722810809,0.8430384887155746
C1[C@@H]2[C@@]3(C=C)C=CC(=O)C=C3Cc3cccc(c32)[N+]([O-])=CC1(C)C,-45.95354691380663,956,False,4.761749030387162,0.4420316248708864
C1(n2cnc3c2nc(C=C)cc3)N2CCOc3cc(F)ccc3N=C2C1,-46.258267004042864,957,False,3.8685602931765417,0.7100509706995599
C1[C@@H]([C@@]2(C)C3=CCCC=C3C=C3[C@H]2[C@@H](O)[C@@H](O)[C@H](O)C3C)C=CC=C1,-46.27479090015549,958,False,5.264983086297354,0.68743825496972
C1CN(c2n(C)c3nc(C)c(OCCCCCC)cc3c2C)CCN1Cc1ccc(N(C)C)cc1,-46.441400917077786,959,True,2.687922454397718,0.3585925367273243
C1CC[C@@H](N2CCC3=CC=CC=C3CC4=CC(=C(c3nccs3)C=O)C=C42)C[C@H]1O,-47.00310483655767,961,False,4.135566224587793,0.5956808146887455
COC([C@H]1CC[C@H]2[C@@H]3[C@H](C[C@@H]3C(C)=C)CCC2=CCC1=O)=O,-47.490652239161136,962,False,4.541496210807489,0.4436868490958782
c1cc2c(c(Br)c1O)-c1c(-c3nc(CCN(C)C)on3)cc(Cl)cc2cc1,-47.51643065600565,963,False,4.056663286186703,0.6676192269418065
c1(C(CCOC)C)cc(OC)c2c(c1)[C@@H]1C(=O)C[C@H](c3cc(OC)ccc3)[C@H]12,-47.64694262769629,964,False,3.7894162556323,0.693303289621975
O=C1[C@H](NCCc2c(Cl)cccc2F)c2ccccc2CC1N1CCc2cc(C)ncc2C1,-47.82280094334397,965,False,3.6185770337144127,0.5999311536064986
n1ccnn1N1Cc2c(cccc2)-c2n(CC(C(=O)OC(C)(C)C)=O)c3ccccc3c21,-48.34508720734519,966,False,3.214714912302952,0.3642286333621093
C[C@H](N1C[C@H](CCN)[C@H]2CC=CC=C3CC4=C(O)C(=O)CC[C@]432)CCC1=O,-48.82702211472497,967,False,5.311906123781341,0.779074457105123
C(C#Cc1c(-c2oc3c(c(F)ccc3OC)c2)cccc1)N(C(=O)C)Cc1ccccc1,-48.82802054480544,968,False,2.6496843176467735,0.3868191534346881
c1(C(=O)OCC)c2ccc(O)cc2oc1Oc1c(O)c2c(ccc(O)c2)onc1-c1cc(O)cc(O)c1,-49.12722731340547,969,False,3.458763068880052,0.2426074098181895
C1[C@H]2[C@](C(CCl)=O)(CCC[C@H]2[C@@H]2OC(C)(C)Oc3oc4cc(O)c(O)cc4c32)CCCC1,-49.68201208330629,970,True,4.616021748399655,0.4163186050553691
C(CC(N1C=CC=Cc2c3c(cc4oc(O)cc42)C1)C)OCCO3,-50.45466211168258,971,False,5.380581589195092,0.7999689154361399
C1(c2c[nH]c3ncccc32)=C2[C@@H](CC(C)(C)C)CN(Cc3ccc(C(C)C)cc3)C12,-50.96361182641709,972,False,3.7159197519427902,0.5388869708870851
[C@H]12[C@@H](O1)C1CCC3=CC=CC(=O)C=C3-c3c2cc(O)cc3CC1=C,-51.05134539036955,973,False,5.551504497668201,0.5969695832151777
CC1(CC[C@@H](NCc2ccc(Cl)cc2)C)C2=CC=CC=C3CC4=CC(=O)C=C4OC32CCC1,-51.09359055245481,974,False,4.989901999046884,0.5079594253709567
c1cc(/N(CC)[C@H]2[C@@H](CC)c3c(Br)cc(/C=C/C(=O)NCCc4ccccc4)cc3[C@H]2O)ccc1,-51.1589661450123,975,False,3.7443218969357375,0.3196432554300636
C(c1c(CCOc2c3ccccc3cc3c(O)cnc3n2)cc(CO)cc1)(OC)=O,-51.41310798492805,976,False,2.608122154383988,0.4753145963719561
C1=Cc2c(CC)c(O)c(CC)[s+]2C2=CC=C3CC4=CC(=O)C=C4C=C3CC12,-51.797734981242826,977,True,5.2730313155257855,0.6588513433211561
O1C2(OCC2)[C@H](C(C)C)NC(CNC(=O)Nc2ccccc2)=C1C,-52.02537304359612,978,False,4.112653938275522,0.7932455602806543
n1cc(Cl)c(-c2c(C)c3sc(-c4cc(-c5ccc(F)cc5)nn4C)nc3cn2)nc1C(C)C,-52.46790870247402,979,False,3.062791417606557,0.2970205430655332
[C@H]1(N2[C@H]3[C@@](C)(CC[C@@H]2CC4=CC(=O)C=C43)C=CC1=O)[C@H]3SC3,-52.58131584661898,980,False,6.183266455815675,0.6961966212556101
C[C@H](N[C@H]1C2=C(c3c(sc(Cl)c3)CCC1)CCCC2)c1c(=O)[nH]ccc1F,-52.685880780424895,981,False,4.01879635049082,0.695070890629046
c1c(C#N)cn(C2=C(/C(=N/O)Nc3nccs3)CCC2)c1-c1ccc(C(OCC)=O)cc1,-52.820526972686494,982,False,3.2306072273457698,0.1816506857343012
C1N2C(/C=C/C3=CC[C@H]4O[C@@H]4C=C3)[C@@H]3CC4=C(C(=O)C=C43)C2[C@@H](C)C1,-53.09648805466715,983,False,6.352734703274917,0.728090808786245
C1=CC=C([C@H]2[C@@](O)(CCCC)C3=CC[C@H]4C5=CC(=O)C=C5[C@H]43)[C@@H]1C=CC2O,-53.90861385142324,984,False,5.374985985274346,0.7351991993117369
[C@@H]12C[C@]1(C)[C@@]1(C)CC[C@@](O)(CC=C1CC1=C3C[C@@H](F)C(=O)C=C31)CC2,-54.062535409382704,985,False,6.048479100385616,0.7452587660005212
c1ccoc1[C@@H]1[C@H](n2c3ccccc3cc(/C=C/CO)c2=O)[C@H]2[C@H](c3c(O)cccc3)CCC[C@H]12,-54.33498670847679,986,False,4.303940680967586,0.3864020740017233
C1(CC)[C@H]2[C@@H]3[C@H](CCl)N=C2C=C2CC4=CC(=O)C=C4[C@H]2CCC13,-54.77787440710428,987,False,6.527435993245053,0.7016579649643861
C1[C@@H](c2ccccc2)[C@H]2[C@@]3(CC[C@@H]12)CCC/C(=C(\CS)C)C(=O)C=C3C,-54.84297700961389,988,False,4.844957555991727,0.4918227901398707
c1(-c2c[nH]c3c2c(OC)c(OC)cc3C)[nH]c2c(c1)C=C1C(=O)C=C2\COc2c-1cccc2,-55.90593924466549,989,False,3.7640840782488265,0.386599158024562
C1CN(CC(F)(F)F)CC=C2C/C(=C\CC2=C\c3ccc(Cl)cc3)[C@@H]1[C@](O)(C)C,-57.19722142630272,990,False,4.895263762202553,0.5978873775901712
C(N1C2(Br)OC=C[C@H]2C[C@]2(C)[C@H]1CC1=CC(=O)C(Cl)C1C2=O)CCCCC,-59.45504862013979,991,False,5.3817841710885315,0.3455155728944683
C[C@H](n1c2c(cccc2)c2cc(C=O)ccc2n1[C@@H]1[C@@H](O)C=C(CO)C1=O)Cc1nn[nH]n1,-60.8847572038858,992,False,4.454232129953694,0.4753537534023314
c1cc(OC(CO)(C2=C(O)c3cc(OC)ccc3C(Nc3c4ccccc4ccc3)=C2)O)ncc1,-61.84456006050459,993,False,3.225810736145853,0.1954540420013945
C1=C2[C@@H](C(C)C)[C@]3(S1)[C@@H](C)C=C1CC4=CC(=O)C=C4C2=CC[C@]23CCC[C@@H]12,-62.35731096169917,994,False,7.706735651243806,0.5098178420773866
C1=C[C@H]2c3c(cc4c(c3)O[C@H](c3c[nH]c5cnnc5c3cc(Cl)cc4)C=C1N)CCCN2C,-65.60373242940298,995,False,5.94753305315265,0.4979691857083491
C1[C@H](N2C(=O)Cc3c2c(O)ccc3N=C2[C@H]3C[C@]24C3)CCC2=C(C1)C(=O)C=C[C@@H]24,-68.18571728229625,996,False,6.757217368877577,0.7378370192387379
F[C@@H](N1CCC2=CCN3c4cc(OC5CCC(C2)OC5=O)ccc4[C@H]3C1)c1[nH]ncc1,-68.1874798274512,997,False,6.722209865515629,0.4525861513597364
C1[C@H](N2[C@H]3CC[C@@H]4[C@@]5(C)O[C@@H](O[C@@H]5[C@H]6C[C@@]6(O)[C@@H]6O)[C@@H]4[C@@H]3CCC4=CC(=O)C=C64)[C@@H]2CCCCN1,-71.64213278845432,998,False,7.079857372168147,0.4900898934256733
C1[C@H](N2C(=O)[C@H]3[C@H]4[C@](CO)(C3)C=CC(=O)[C@@H]12)CN3CC2SC(=O)C(N=C24)CCC3,-71.75980712938333,999,False,7.423233625623811,0.6613082200159045
C/C(N1C(C)(C)c2ccccc2[C@@H]2[C@H]1C[C@H](C(C)C=C)/C1=C\C(=O)C=C1)=C1/C(=O)C(C=C\C1=O)=C(OC)C2=O,-82.25511575996681,1000,False,6.386153652605774,0.3836003737488488
