SMILES,Score,Compound_ID,PAINS,SA_score,QED
Clc1ccc2c(c1)Cc1c(cc(O)cc1OC)C2,-4.482655778665972,1,False,2.4223113535937237,0.7250814062309293
c1ccc2c(c1)Cc1c(cc(O)cc1OC)C2,-4.522166569706911,2,False,2.306927178386868,0.6909947691919938
Fc1ccc2c(c1)Cc1c(cc(O)cc1OC)C2,-5.032482322682995,3,False,2.43602447576567,0.7126013934259678
c1ccc2c(c1)Cc1c(cc(OC)cc1OC)C2,-5.185933567995249,4,False,2.163103887530376,0.6845333276042856
Brc1ccc2c(c1)Cc1c(cc(O)cc1OC)C2,-5.3068448977873,5,False,2.491023570788295,0.7432921298984841
Clc1ccc2c(c1)Cc1c(cc(OC)cc1OC)C2,-5.347958060536726,6,False,2.2802950973706704,0.7065873161628301
Oc1ccc2c(c1)Cc1c(cc(O)cc1OC)C2,-5.398742139716774,7,False,2.5078805843629564,0.6892646139188209
c1ccc2c(c1)Cc1c(cc(O)cc1O)C2,-5.4080131491543,8,False,2.395921050599169,0.6009757626685471
Brc1ccc2c(c1)Cc1c(cc(OC)cc1OC)C2,-5.466031612621805,9,False,2.345189969165542,0.7116844057616517
Clc1cc2c(cc1)Cc1c(cc(O)cc1OC)C2,-5.502895152555439,10,False,2.4223113535937237,0.7250814062309293
Brc1cc2c(cc1)Cc1c(cc(O)cc1OC)C2,-5.588891500491513,11,False,2.491023570788295,0.7432921298984841
Brc1ccc2c(c1)Cc1c(cc(O)cc1O)C2,-5.58919315434548,12,False,2.58460696645594,0.6665256679465414
COc1ccc2c(c1)Cc1c(cc(OC)cc1OC)C2,-5.600814747652521,13,False,2.235608103083745,0.7311604897284615
Cc1ccc2c(c1)Cc1c(cc(O)cc1OC)C2,-5.680322140686599,14,False,2.410042575313181,0.707435753768922
COc1ccc2c(c1)Cc1c(cc(O)cc1OC)C2,-5.730167503035091,15,False,2.3638181742937494,0.7658752735069123
Oc1ccc2c(c1)Cc1c(cc(O)cc1O)C2,-5.842884958167701,16,False,2.602517543379017,0.5529624017536315
Clc1ccc2c(c1)Cc1c(cc(O)cc1O)C2,-5.934571992744637,17,False,2.51160023568671,0.6393235333467969
c1ccc2c(c1)Cc1c(cc(O)cc1OC)C2=O,-6.022628809402391,18,False,2.187719498390104,0.7106119890478985
Fc1cc2c(cc1)Cc1c(cc(O)cc1OC)C2,-6.069638493219259,19,False,2.43602447576567,0.7126013934259677
c1ccc2c(c1)Cc1c(cccc1OC)C2,-6.154014009466351,20,False,2.0108892282124895,0.5990562951489171
Brc1cc2c(cc1)Cc1c(cc(O)cc1O)C2,-6.204539550352706,21,False,2.58460696645594,0.6665256679465414
Brc1ccc2c(c1)Cc1c(cc(O)cc1OC)C2=O,-6.216261708105662,22,False,2.377248072697231,0.7485044279429287
Oc1ccc2c(c1)Cc1c(cc(OC)cc1OC)C2,-6.282766754970794,23,False,2.3611104819860564,0.7658752735069123
Brc1ccc2c(c1)Cc1c(cc(O)cc1)C2,-6.30582077078077,24,False,2.2760524887262576,0.6636264623242598
Clc1ccc2c(c1)Cc1c(cc(O)cc1OC)C2=O,-6.312034173614407,25,False,2.31112876935906,0.7412127006664095
Brc1cc2c(cc1)Cc1c(cc(OC)cc1OC)C2,-6.324531693128733,26,False,2.345189969165542,0.7116844057616516
Fc1ccc2c(c1)Cc1c(cc(OC)cc1OC)C2,-6.336778483061721,27,False,2.2932463794219533,0.701578616210651
c1ccc2c(c1)Cc1c(cc(O)cc1)C2,-6.341154591170067,28,False,2.0676208810416785,0.5858307052332243
c1ccc2c(c1Cl)Cc1c(cc(O)cc1OC)C2,-6.344904845921036,29,False,2.5406932540462144,0.7250814062309293
Brc1ccc2c(c1)Cc1c(cc(OC)cc1O)C2,-6.3607539383491485,30,False,2.461029000652548,0.7432921298984841
Brc1ccc2c(c1)Cc1c(cc(O)cc1O)C2=O,-6.40499486039414,31,False,2.452312656761146,0.6710847641604668
Brc1ccc2c(c1)Cc1c(cc(OC)cc1OC)C2=O,-6.431547803044737,32,False,2.2362443668200083,0.7188076187028094
N#Cc1ccc2c(c1)Cc1c(cc(O)cc1OC)C2,-6.464900089190138,33,False,2.579087405062978,0.7231604526167379
Cc1ccc2c(c1)Cc1c(cc(OC)cc1OC)C2,-6.479646969568762,34,False,2.268707917883491,0.6964779660316096
c1ccc2c(c1)Cc1c(ccc(O)c1OC)C2,-6.519292522273332,35,False,2.292572390317794,0.6909947691919938
Brc1ccc2c(c1)Cc1c(cccc1OC)C2,-6.532412562672903,36,False,2.211982123441812,0.6587685191717947
c1ccc2c(c1)Cc1c(cc(O)cc1O)C2=O,-6.673814920989258,37,False,2.2573098510713248,0.6176487107650025
c1ccc2c(c1O)Cc1c(cc(O)cc1OC)C2,-6.674982198838421,38,False,2.5950353354941775,0.6892646139188209
c1ccc2c(c1)Cc1c(cc(OC)cc1O)C2,-6.695778182188093,39,False,2.275708340082314,0.6909947691919938
c1ccc2c(c1)Cc1c(cc(OC)cc1OC)C2=O,-6.730146598278822,40,False,2.049102789678365,0.7050999574373504
Brc1ccc2c(c1)Cc1c(c(Br)c(O)cc1OC)C2,-6.747054290748338,41,False,2.752990888372123,0.6734209552580569
Fc1ccc2c(c1)Cc1c(cc(O)cc1O)C2,-6.77923391797151,42,False,2.526170427994403,0.6230503052969638
Brc1ccc2c(c1)Cc1c(ccc(O)c1OC)C2,-6.780459703434531,43,False,2.477231715584674,0.7432921298984841
Cc1ccc2c(c1)Cc1c(cc(O)cc1O)C2,-6.786590939619032,44,False,2.498564658763634,0.6184497841281195
Clc1ccc2c(c1)Cc1c(cccc1OC)C2,-6.789230499220608,45,False,2.140465325953585,0.6319974207190663
Brc1cc2c(cc1)Cc1c(cc(O)cc1OC)C2=O,-6.887484294501405,46,False,2.3837792773416435,0.7485044279429286
Fc1ccc2c(c1)Cc1c(cc(O)cc1OC)C2=O,-6.931491888549431,47,False,2.324324415222632,0.7295767616770913
COc1cc2c(cc1OC)Cc1c(cc(OC)cc1OC)C2,-6.964104469581343,48,False,2.2749747219510237,0.7411613209850552
COc1cc2c(cc1OC)Cc1c(cc(O)cc1OC)C2,-6.9780228068952965,49,False,2.3884058107841906,0.8039712503509528
Nc1ccc2c(c1)Cc1c(cc(O)cc1OC)C2,-6.987258510102507,50,False,2.5347285481638604,0.6434326620191062
Oc1cc2c(cc1)Cc1c(cc(O)cc1OC)C2,-7.036893471265216,51,False,2.5078805843629564,0.6892646139188209
Brc1ccc2c(c1)Cc1c(cc(OC)cc1)C2,-7.0439787821641175,52,False,2.124604415435533,0.6587685191717947
c1ccc2c(c1)Cc1c(cccc1O)C2,-7.053260783148886,53,False,2.157060741181539,0.5858307052332243
c1ccc2c(c1Br)Cc1c(cc(O)cc1OC)C2,-7.089040019397018,54,False,2.6133366929602406,0.7432921298984841
Clc1cc2c(cc1Cl)Cc1c(cc(O)cc1OC)C2,-7.1017376949589845,55,False,2.5596985806798145,0.728675597920292
Clc1ccc2c(c1)Cc1c(cc(OC)cc1OC)C2=O,-7.10982002559696,56,False,2.1736671690178113,0.7239526598641224
Clc1ccc2c(c1)Cc1c(cc(OC)cc1O)C2,-7.136867795694812,57,False,2.3923167834579786,0.7250814062309293
Brc1ccc2c(c1)Cc1c(cc(O)cc1)C2=O,-7.143857155650835,58,False,2.1795117741482475,0.6892239058374785
Oc1ccc2c(c1)Cc1c(cc(O)cc1)C2,-7.153958600391775,59,False,2.2947417863851225,0.6009757626685472
Brc1ccc2c(c1)Cc1c(cc3c(c1OC)OCO3)C2,-7.1673044278385305,60,False,2.66357998637287,0.6799081686589926
Brc1c2c(ccc1)Cc1c(cc(O)cc1OC)C2,-7.172528373476098,61,False,2.603345742733996,0.7432921298984841
Brc1ccc2c(c1)Cc1c(cc(OC)cc1O)C2=O,-7.176999676358605,62,False,2.3340088854693644,0.7485044279429287
Oc1ccc2c(c1)Cc1c(cc(O)cc1OC)C2=O,-7.177185306950264,63,False,2.3934689725520943,0.7003780676657047
c1ccc2c(c1)Cc1c(cccc1)C2,-7.177228869354309,64,False,1.654869491412315,0.498159536656914
c1ccc2c(c1OC)Cc1c(cc(O)cc1OC)C2,-7.198873076994943,65,False,2.452541251216825,0.7658752735069123
c1ccc2c(c1)Cc1c(cc(OC)cc1)C2,-7.257899977678477,66,False,1.9197933198655155,0.5990562951489171
Brc1cc2c(cc1)Cc1c(cc(O)cc1)C2,-7.272483860958232,67,False,2.2760524887262576,0.6636264623242598
Clc1ccc2c(c1Cl)Cc1c(cc(O)cc1OC)C2,-7.280322748533209,68,False,2.632989146717552,0.728675597920292
c1ccc2c(c1)Cc1c(cc(O)cc1)C2=O,-7.296222743771665,69,False,1.966931084043983,0.6186987318499514
Cc1ccc2c(c1)Cc1c(cc(O)cc1OC)C2=O,-7.309984598481947,70,False,2.299322963843821,0.7259947236067155
Oc1ccc2c(c1)Cc1c(cc(OC)cc1O)C2,-7.313747520790343,71,False,2.4778860142272094,0.6892646139188209
Clc1c2c(ccc1)Cc1c(cc(O)cc1OC)C2,-7.3147850690748015,72,False,2.530702303819968,0.7250814062309293
Brc1ccc2c(c1)Cc1c(c(Br)c(OC)cc1OC)C2,-7.314808755714466,73,False,2.605686949237592,0.6221426998023112
COc1cc2c(cc1)Cc1c(cc(OC)cc1OC)C2,-7.32195337884832,74,False,2.235608103083745,0.7311604897284615
c1ccc2c(c1F)Cc1c(cc(O)cc1OC)C2,-7.360114051951712,75,False,2.522372892055264,0.7126013934259678
c1cc2c(cc1)Cc1c(cc(O)cc1OC)C2,-7.413140383511092,76,False,2.306927178386868,0.6909947691919938
COc1ccc2c(c1)Cc1c(cc(OC)cc1OC)C2=O,-7.414898196118202,77,False,2.1386211953995744,0.7416017331570146
Brc1ccc2c(c1)Cc1c(ccc(OC)c1OC)C2,-7.420258429062301,78,False,2.303059199934774,0.7116844057616516
[O-][N+](=O)c1ccc2c(c1)Cc1c(cc(O)cc1OC)C2,-7.455932326276184,79,False,2.521438048138691,0.5742805432603822
c1ccc2c(c1)Cc1c(ccc(OC)c1OC)C2,-7.457274740846202,80,False,2.1193527040984232,0.6845333276042856
Brc1ccc2c(c1)Cc1c(cc(OC)c(OC)c1OC)C2,-7.500931272524099,81,False,2.4160089398585054,0.7162002810825298
COc1ccc2c(c1OC)Cc1c(cc(OC)cc1OC)C2,-7.505129925066285,82,False,2.406115664879066,0.7411613209850552
Fc1ccc2c(c1)Cc1c(cc(O)cc1)C2,-7.545397527893442,83,False,2.2150752312011743,0.609511934889835
Oc1ccc2c(c1)Cc1c(cc(O)cc1O)C2=O,-7.556342254064361,84,False,2.4695068106072995,0.5626228995883614
c1ccc2c(c1)Cc1c(cc3c(c1OC)OCO3)C2,-7.573944127642477,85,False,2.5025533391289123,0.6679672723987107
Oc1cc2c(cc1)Cc1c(cc(O)cc1O)C2,-7.595231623509903,86,False,2.602517543379017,0.5529624017536315
Brc1cc2c(cc1OC)Cc1c(cc(O)cc1OC)C2,-7.615940243527348,87,False,2.58055370747935,0.7766715737381248
c1cc(Cl)c2c(c1)Cc1c(cc(O)cc1OC)C2,-7.620172594212505,88,False,2.530702303819968,0.7250814062309293
c1cc(F)c2c(c1)Cc1c(cc(O)cc1OC)C2,-7.6464974050676915,89,False,2.5123819418290196,0.7126013934259677
Clc1cc(Cl)c2c(c1)Cc1c(cc(O)cc1OC)C2,-7.6526954961105105,90,False,2.671507579228436,0.728675597920292
c1ccc2c(c1)Cc1c(c(O)ccc1O)C2,-7.654691400676398,91,False,2.3321023215021786,0.5621890034972571
c1ccc2c(c1O)Cc1c(cc(O)cc1O)C2,-7.692034310985633,92,False,2.6951194664559406,0.5529624017536315
FC(F)(F)c1ccc2c(c1)Cc1c(cc(O)cc1OC)C2,-7.715319377747093,93,False,2.526253700007766,0.7369639815359461
Cc1c2c(ccc1)Cc1c(cc(O)cc1OC)C2,-7.72549980859003,94,False,2.4846054712407835,0.707435753768922
Brc1cc2c(cc1)Cc1c(cc(OC)cc1OC)C2=O,-7.727962642770649,95,False,2.2424256855013276,0.7188076187028094
Clc1ccc2c(c1)Cc1c(cc(OC)cc1)C2,-7.738500027541264,96,False,2.053087617947307,0.6319974207190663
Brc1ccc2c(c1)Cc1c(c(O)ccc1O)C2,-7.73920865415937,97,False,2.523447351071326,0.6235083415083967
c1ccc2c(c1Br)Cc1c(cc(OC)cc1OC)C2,-7.739229819683189,98,False,2.460707917883491,0.7116844057616517
c1ccc2c(c1OC)Cc1c(cc(OC)cc1OC)C2,-7.746035336949291,99,False,2.319661544379292,0.7311604897284615
Clc1cc2c(cc1)Cc1c(cc(O)cc1OC)C2=O,-7.752861210133133,100,False,2.317868972552093,0.7412127006664095
Brc1ccc2c(c1)Cc1c(c(Br)c(O)cc1O)C2,-7.77986002785633,101,False,2.822439733684222,0.6253592015582863
c1ccc2c(c1)CCc1c(cc(O)cc1OC)C2,-7.788376980212689,102,False,2.195495899364696,0.8296399425365328
Brc1ccc2c(c1)Cc1c(c(O)ccc1OC)C2,-7.788703891107502,103,False,2.4245511725982496,0.7432921298984841
Brc1ccc2c(c1)Cc1c(ccc(O)c1)C2,-7.850733958673004,104,False,2.2760524887262576,0.6636264623242598
Brc1cc2c(cc1)Cc1c(cccc1OC)C2,-7.8867585161650595,105,False,2.211982123441812,0.6587685191717947
Oc1ccc2c(c1)Cc1c(cc(OC)cc1OC)C2=O,-7.939583817088419,106,False,2.2515962898969324,0.7771663881917084
c1ccc2c(c1)Cc1c(cc(O)cc1OCC)C2,-7.942443192926163,107,False,2.334830810607299,0.7444839211367151
Brc1ccc2c(c1)Cc1c(cc(OC)c(Br)c1OC)C2,-7.945520608454444,108,False,2.6740226635233064,0.6221426998023112
Clc1cc2c(cc1)Cc1c(cc(O)cc1)C2,-7.955569228516552,109,False,2.199871552271409,0.6264202153226369
c1cc(Br)c2c(c1)Cc1c(cc(O)cc1OC)C2,-7.997290558368178,110,False,2.603345742733996,0.7432921298984841
Brc1cc2c(cc1O)Cc1c(cc(O)cc1OC)C2,-8.048846973718582,111,False,2.7456681017248084,0.7224536064881502
Brc1cc2c(cc1)Cc1c(ccc(O)c1OC)C2,-8.12125970999557,112,False,2.477231715584674,0.7432921298984841
Oc1cc2c(cc1OC)Cc1c(cc(O)cc1OC)C2,-8.140454145309377,113,False,2.545119916270558,0.7525739015461853
Clc1ccc2c(c1)Cc1c(c(O)ccc1OC)C2,-8.149854402312954,114,False,2.35583895540368,0.7250814062309293
Clc1ccc2c(c1)Cc1c(cccc1O)C2,-8.153995143053649,115,False,2.2854227228399715,0.6264202153226369
COc1ccc2c(c1)Cc1c(cc(O)cc1)C2,-8.156956252208374,116,False,2.1421494703805877,0.6909947691919938
Clc1ccc2c(c1)Cc1c(cc(OC)c(OC)c1OC)C2,-8.200560751691697,117,False,2.35661363346998,0.735163471396532
Brc1ccc2c(c1)Cc1c(cc(O)c(O)c1OC)C2,-8.201411329807229,118,True,2.687846040766898,0.6758267110492062
Brc1ccc2c(c1)Cc1c(c(Br)ccc1OC)C2,-8.21369242101514,119,False,2.4807502676208752,0.6044671619996629
c1ccc2c(c1)Cc1c(cc(O)c(Br)c1OC)C2,-8.225624709252799,120,False,2.615994611512276,0.7432921298984841
c1cc(O)c2c(c1)Cc1c(cc(O)cc1O)C2,-8.23192299721498,121,False,2.684504081840556,0.5529624017536315
Clc1ccc2c(c1)Cc1c(cc(O)cc1)C2=O,-8.238944946694133,122,False,2.106505043379018,0.6595148992172941
Brc1cccc2c1Cc1c(cc(O)cc1OC)C2,-8.240767128358584,123,False,2.6133366929602406,0.7432921298984841
Clc1cc2c(cc1Cl)Cc1c(cc(OC)cc1OC)C2,-8.26109827288613,124,False,2.4182100261606685,0.6934323006054597
O=[N+](c1ccc2c(c1)Cc1c(cc(O)cc1OC)C2)[O-],-8.26391972807022,125,False,2.521438048138691,0.5742805432603822
c1ccc2c(c1)Cc1c(cc(OC)cc1)C2=O,-8.265193278934618,126,False,1.8237924845093172,0.6349882938492657
c1ccc2c(c1O)Cc1c(cccc1OC)C2,-8.282393746100439,127,False,2.3202392662989553,0.6909947691919938
COc1cc2c(cc1O)Cc1c(cc(O)cc1OC)C2,-8.304940000596616,128,False,2.545119916270558,0.7525739015461853
Fc1cc2c(cc1)Cc1c(cc(O)cc1OC)C2=O,-8.309461709278708,129,False,2.3319058375738635,0.7295767616770913
c1ccc2c(c1)Cc1c(c(Cl)c(O)cc1OC)C2,-8.310261050756395,130,False,2.4904995888878414,0.7250814062309293
Cc1ccc2c(c1)Cc1c(ccc(O)c1OC)C2,-8.322943460007423,131,False,2.3962507201095615,0.707435753768922
COc1cc2c(cc1O)Cc1c(cc(OC)cc1OC)C2,-8.323107561152938,132,False,2.4147416647607223,0.8039712503509528
Oc1ccc2c(c1)Cc1c(cc(OC)cc1)C2,-8.32403078046525,133,False,2.1421494703805877,0.6909947691919938
Brc1cc2c(cc1)Cc1c(cc3c(c1OC)OCO3)C2,-8.3335030025072,134,False,2.66357998637287,0.6799081686589926
c1cc2c(cc1)Cc1c(cc(OC)cc1OC)C2,-8.33392182320884,135,False,2.163103887530376,0.6845333276042856
Clc1ccc2c(c1)-c1c(cc(O)cc1OC)C2,-8.368220084052282,136,False,2.2389117741482494,0.7106044449597892
c1cc(OC)c2c(c1)Cc1c(cc(O)cc1OC)C2,-8.368684045487413,137,False,2.4431053537809273,0.7658752735069123
Brc1cc(Br)c2c(c1)Cc1c(cc(OC)cc1OC)C2,-8.38366123131982,138,False,2.64853337780902,0.622142699802311
Fc1cc(F)c2c(c1)Cc1c(cc(O)cc1OC)C2,-8.412025183544301,139,False,2.6749482178351123,0.7295385186866665
c1ccc2c(c1C)Cc1c(cc(O)cc1O)C2,-8.424489967853248,140,False,2.588403120302095,0.6184497841281195
Brc1ccc2c(c1)Cc1c(ccc(OC)c1O)C2,-8.435948727813297,141,False,2.3915240232769825,0.743292129898484
c1c2ccccc2c2c(c1)Cc1c(cc(O)cc1OC)C2,-8.439144644619574,142,False,2.3872574918066967,0.5680978925402006
c1ccc2c(c1)Cc1c(c(OC)c(O)cc1OC)C2,-8.458797725463825,143,False,2.4701258666014407,0.7658752735069123
Clc1ccc2c(c1)Cc1c(cc(Cl)cc1OC)C2,-8.508958690363684,144,False,2.3511855617385216,0.6370589433369143
c1ccc2c(c1)Cc1c(cc(O)cc1Cl)C2,-8.510844310942645,145,False,2.3867193783583645,0.6264202153226369
Brc1ccc2c(c1)Cc1c(cc3c(c1)OCO3)C2,-8.555506095672968,146,False,2.4031498236697093,0.6306454787515717
c1ccc2c(c1OC)Cc1c(cc(O)cc1O)C2,-8.559028765593695,147,False,2.534766557213634,0.6892646139188209
Oc1ccc2c(c1O)Cc1c(cc(O)cc1OC)C2,-8.574507350179488,148,True,2.703526156877203,0.5857209701741274
Oc1ccc2c(c1)CCc1c(cc(O)cc1OC)C2,-8.624908400086497,149,False,2.3938130460886207,0.8245128959997221
Oc1cc2c(cc1O)Cc1c(cc(OC)cc1OC)C2,-8.639488764561975,150,True,2.507779806380448,0.704003053117529
Brc1cc2c(cc1O)Cc1c(cc(O)cc1O)C2,-8.6614174904837,151,False,2.8476729644534533,0.5980298786138283
c1ccc2c(c1)Cc1c(c(Br)c(OC)cc1OC)C2,-8.673553974085081,152,False,2.437579712755287,0.7116844057616517
Clc1ccc2c(c1)Cc1c(c(Br)c(O)cc1OC)C2,-8.681858676158939,153,False,2.68687158503395,0.7155883528737211
Brc1ccc2c(c1)Cc1c(cc(OC)c(O)c1)C2,-8.682976362703698,154,False,2.3274461952226844,0.7432921298984841
Clc1ccc2c(c1)Cc1c(cc(OC)cc1O)C2=O,-8.683107788953308,155,False,2.2678895821311933,0.7412127006664095
Brc1ccc2c(c1)Cc1c(ccc(OC)c1OC)C2=O,-8.710646245069142,156,False,2.2148026085782515,0.7188076187028094
Clc1ccc2c(c1)Cc1c(ccc(O)c1)C2,-8.736555832009358,157,False,2.199871552271409,0.6264202153226369
c1ccc2c(c1)Cc1c(ccc(OC)c1O)C2,-8.737119228863463,158,False,2.2033664248546856,0.6909947691919938
Brc1cc2c(cc1O)Cc1c(cc(OC)cc1OC)C2,-8.73922952281032,159,False,2.5942168942925363,0.7766715737381248
Brc1cc2c(cc1)Cc1c(cc(O)cc1OCC)C2,-8.76761792588593,160,False,2.5105566358322093,0.7720896993178544
Fc1ccc2c(c1)CCc1c(cc(O)cc1OC)C2,-8.783987138066095,161,False,2.3259489435245175,0.8505947805098362
c1c(OC)cc2c(c1)Cc1c(cc(O)cc1OC)C2,-8.79170107810981,162,False,2.3638181742937494,0.7658752735069123
Clc1ccc2c(c1)Cc1c(cc(O)cc1OC)O2,-8.793555074597421,163,False,2.369239860381054,0.725838470382885
O1COc2c1cc1c(c2)Cc2c(cc(O)cc2OC)C1,-8.80435258351963,164,False,2.608691922712392,0.7381355769449326
O=[N+](c1ccc2c(c1)Cc1c(cc(OC)cc1OC)C2)[O-],-8.808463519277836,165,False,2.392263959415221,0.5477121055796285
Clc1ccc2c(c1)Cc1c(c(O)ccc1)C2,-8.821829126471599,166,False,2.2854227228399715,0.6264202153226369
Cc1c2c(ccc1)Cc1c(cc(OC)cc1OC)C2,-8.822444810941306,167,False,2.339128430704005,0.6964779660316096
c1ccc2c(c1)C(=O)c1c(cc(OC)cc1OC)C2,-8.833191975898984,168,False,2.015533558909132,0.7050999574373504
COc1ccc2c(c1)Cc1c(cc(OC)cc1O)C2=O,-8.847084634005341,169,False,2.222573762424405,0.7771663881917082
Brc1cc2c(cc1)Cc1c(c(O)ccc1OC)C2,-8.93173071435092,170,False,2.4245511725982496,0.7432921298984841
c1c2ccccc2cc2c1Cc1c(cc(O)cc1OC)C2,-8.934072785685231,171,False,2.3768388285027875,0.5680978925402006
Oc1ccc2c(c1)Cc1c(cc3c(c1OC)OCO3)C2,-8.941403852013423,172,False,2.678402532791967,0.7381355769449326
Brc1cc2c(cc1)Cc1c(cc(O)c(OC)c1OC)C2,-8.946441621833287,173,False,2.604411125061768,0.7766715737381248
COc1c2c(ccc1)Cc1c(cc(O)cc1OC)C2,-8.96209875308864,174,False,2.4431053537809273,0.7658752735069123
c1ccc2c(c1)Cc1c(c(O)c(O)cc1OC)C2,-9.004741666875503,175,True,2.4759747020100153,0.6447797241012156
Oc1cc2c(cc1)Cc1c(cc(O)cc1)C2,-9.021981933275242,176,False,2.2947417863851225,0.6009757626685472
c1ccc2c(c1)C(=O)c1c(cc(O)cc1O)C2=O,-9.022391472261546,177,True,2.0416938875303767,0.628686275140444
c1ccc2c(c1O)Cc1c(cc(O)cc1O)C2=O,-9.04463181351153,178,False,2.5501661952226833,0.5626228995883614
c1ccc2c(c1O)Cc1c(cc(OC)cc1O)C2,-9.04969573407348,179,False,2.5650407653584306,0.6892646139188209
Oc1ccc2c(c1)oc1c(cc(O)cc1OC)c2=O,-9.061128272536736,180,False,2.290829785324227,0.6548367258269042
Brc1cc2c(cc1Cl)Cc1c(cc(OC)cc1OC)C2,-9.070807368291652,181,False,2.5595718393474804,0.6693632081210533
Cc1ccc2c(c1)Cc1c(cc3c(c1OC)OCO3)C2,-9.076655153002662,182,False,2.592372559317168,0.6779010229346412
Fc1ccc2c(c1)C(=O)c1c(cc(O)cc1OC)C2,-9.111551337008931,183,False,2.2878881307523855,0.7295767616770913
Clc1ccc2c(c1)Cc1c(c(OC)c(O)cc1OC)C2,-9.136990289466226,184,False,2.574493542644186,0.7841847103857377
Brc1cc2c(cc1)Cc1c(cc(OC)c(O)c1OC)C2,-9.149228418217604,185,False,2.5516078283584704,0.7766715737381248
c1ccc2c(c1)Cc1c(cc(O)cc1OCc1ccccc1)C2,-9.156173300013194,186,False,2.181557193788313,0.604965851419287
Brc1ccc2c(c1)Cc1c(c(O)ccc1O)C2=O,-9.170915356576074,187,False,2.3970720413765303,0.6277731952954677
Fc1ccc2c(c1)Cc1c(cc(F)cc1OC)C2,-9.171239463527982,188,False,2.378714973503227,0.638518751728376
Brc1c2c(ccc1)Cc1c(cc(O)cc1OC)C2=O,-9.178055363058093,189,False,2.504118029155867,0.7485044279429286
c1cnc2c(c1)Cc1c(cc(O)cc1OC)C2,-9.18356804548162,190,False,2.672708654054057,0.6932044361561048
Clc1ccc2c(c1C)Cc1c(cc(O)cc1OC)C2,-9.199249502937974,191,False,2.6811476372835887,0.730141182946504
c1ccc2c(c1)Cc1c(cc(O)cc1Br)C2,-9.210492294162265,192,False,2.468836100766392,0.6636264623242598
c1ccc2c(c1)Cc1c(cc(O)c(F)c1OC)C2,-9.254162605761708,193,False,2.619420855856168,0.7126013934259677
Fc1ccc2c(c1)Cc1c(c(O)ccc1OC)C2,-9.269826016157026,194,False,2.3695520775756247,0.7126013934259678
Brc1cc2c(cc1)Cc1c(cc(O)cc1O)O2,-9.275586725926471,195,False,2.582515620302095,0.666051513383144
c1ccc2c(c1OC)Cc1c(cc(O)cc1)C2,-9.277392570336389,196,False,2.229527178386867,0.6909947691919938
FC(F)(c1ccc2c(c1)Cc1c(cc(OC)cc1OC)C2)F,-9.28018233952065,197,False,2.403717556430136,0.7055800868930121
Clc1ccc2c(c1)oc1c(cc(O)cc1OC)c2=O,-9.305697100775449,198,False,2.2219621510716863,0.6928085932337055
c1cc(C)c2c(c1)Cc1c(cc(O)cc1O)C2,-9.314490655763308,199,False,2.5777877356867087,0.6184497841281195
Brc1ccc2c(c1)Cc1c(cc(O[C@@H]3O[C@H](CO)[C@@H](O)[C@H](O)[C@H]3O)cc1OC)C2,-9.317883294040143,200,False,3.914612806667809,0.4558353272813215
c1ccc2c(c1)Cc1c(cc(O)cc1F)C2,-9.320361820452176,201,False,2.382734094077428,0.6095119348898349
Brc1ccc2c(c1)Cc1c(cc(OC)c(Cl)c1OC)C2,-9.323192817338082,202,False,2.6084017844024263,0.6693632081210534
Clc1ccc2c(c1)Cc1c(cc(N)cc1OC)C2,-9.325958815234586,203,False,2.450997326444403,0.6798349943833142
c1c(C)cc2c(c1)Cc1c(cc(O)cc1OC)C2,-9.35719525139453,204,False,2.410042575313181,0.707435753768922
Brc1ccc2c(c1)Cc1c(c(O)c(O)cc1OC)C2,-9.364197609554026,205,True,2.649173471826403,0.6758267110492062
COc1ccc2c(c1)CCc1c(cc(O)cc1OC)C2,-9.37100921891124,206,False,2.266589479601965,0.911004420286625
c1ccc2c(c1)Cc1c(ccc(O)c1)C2=O,-9.378027650739256,207,False,1.93357088337509,0.6186987318499514
c1c(O)cc2c(c1O)Cc1c(cc(O)cc1OC)C2,-9.413001269966712,208,False,2.7935261568772027,0.6261312558083059
COc1cc2c(cc1)Cc1c(cc(O)cc1OC)C2=O,-9.438374181421295,209,False,2.2816103008859443,0.7771663881917082
Oc1ccc2c(c1)Cc1c(cc(O)cc1OC)CC2,-9.442496467759042,210,False,2.3871233024988765,0.8245128959997221
Brc1ccc2c(c1Cl)Cc1c(cc(OC)cc1OC)C2,-9.442525148504956,211,False,2.62760837780902,0.6693632081210533
Clc1ccc2c(c1)Cc1c(cc(C)cc1OC)C2,-9.446795063741334,212,False,2.3149575074398783,0.6371075912060516
c1ccc2c(c1)Cc1c(cc(O)cc1OC)C2=C,-9.452931781289095,213,False,2.475013616037163,0.7039953662393987
CCOc1ccc2c(c1)Cc1c(cc(OC)cc1OC)C2,-9.463328323788232,214,False,2.270219774278324,0.7324113096291234
Brc1cc2c(cc1)Cc1c(c(Br)c(O)c(Br)c1OC)C2,-9.49736331751177,215,False,2.9740226485382895,0.5394253512001921
Brc1cc(Br)c2c(c1)Cc1c(cc(OC)cc1OC)C2=O,-9.506568495365173,216,False,2.5305555567716915,0.6278076455579206
Cc1ccc2c(c1)-c1c(cc(O)cc1OC)C2,-9.522083536248855,217,False,2.2214050433790185,0.6896281686693734
Clc1ccc2c(c1)Cc1c(cc(O)cc1OC)C2C,-9.522460743923617,218,False,2.975453901236328,0.8479154266705313
Brc1ccc2c(c1)Cc1c(cc(O)cc1N)C2,-9.571189878727523,219,False,2.662826197225172,0.6243488223565644
Brc1ccc2c(c1)OCc1c(cc(O)cc1OC)C2,-9.592503190970548,220,False,2.5394079178834907,0.8713232431677388
c1ccc2c(c1)Cc1c(cc(O)cc1OC)C2=S,-9.595888660919314,221,True,2.551295064000964,0.6784780004567262
Brc1ccc2c(c1)-c1c(cccc1OC)C2,-9.597117341305449,222,False,2.0522595121376295,0.6511889564721173
Oc1ccc2c(c1)C(=O)c1c(cc(O)cc1O)C2=O,-9.60462194971302,223,True,2.289601014530435,0.5672578257698673
c1ccc2c(c1)c1c(cc(O)cc1)o2,-9.608812323160263,224,False,1.7684411860673723,0.5811486789753618
O=[N+]([O-])c1ccc2c(c1)Cc1c(cc(O)cc1O)C2,-9.61869765940004,225,False,2.6014852279947647,0.5178977112063823
Brc1c2c(ccc1)Cc1c(cccc1OC)C2,-9.623157829804995,226,False,2.328888873834277,0.6587685191717947
Cc1ccc2c(c1)Cc1c(cc(OC)c(O)c1OC)C2,-9.62386684396222,227,False,2.477857278907921,0.7767989350019158
COc1ccc2c(c1)C(=O)c1c(cc(O)cc1OC)C2,-9.655125652516858,228,False,2.239950685501327,0.7771663881917082
c1ccc2c(c1)C(=O)c1c(cc(OC)cc1OC)C2=O,-9.658360891501246,229,True,1.879428982204626,0.7161528573480492
Brc1cc2c(cc1)CCc1c(cc(O)cc1O)C2,-9.666647133869446,230,False,2.4433656522362597,0.7812312311291221
Fc1ccc2c(c1)Cc1c(c(O)ccc1O)C2,-9.674562086119408,231,False,2.465010812609787,0.5828388630986194
O=Cc1ccc2c(c1)Cc1c(cc(O)cc1OC)C2,-9.684146050635604,232,False,2.6017335589091317,0.7151422520065264
Clc1ccc2c(c1)Cc1c(cc(O)c(O)c1O)C2,-9.686305602310782,233,True,2.641977272145761,0.5460414633737178
Brc1cc2c(cc1)C(=O)c1c(cc(O)cc1OC)C2=O,-9.785476209189367,234,True,2.201749641545284,0.7437022508845252
Oc1ccc2c(c1)Cc1c(c(OC)c(O)cc1OC)C2,-9.79518283504956,235,False,2.6524226635233052,0.7525739015461853
Clc1ccc2c(c1)Cc1c(cc(O)cc1OC)C2O,-9.813657567043734,236,False,3.0456721886093323,0.8416370997094532
COc1ccc2c(c1OC)Cc1c(cc(OC)cc1)C2,-9.837292577230984,237,False,2.1956947427598585,0.7311604897284615
c1ccc2c(c1)Cc1c(cccc1OCC)C2,-9.849585193624677,238,False,2.0464413510713246,0.6461788560774944
Brc1ccc2c(c1)Cc1c(c(Br)c(O)cc1)C2=O,-9.857088735408752,239,False,2.5041526567611463,0.6502924819761805
c1ccc2c(c1)Cc1c(cc(OCC)cc1OCC)C2,-9.887900912661877,240,False,2.2375935142243293,0.7122959033019931
c1ccc2c(c1)Cc1c(cc(OC)cc1Cl)C2,-9.930758348402977,241,False,2.238795624226741,0.6319974207190662
C1CCc2c(cc(O)cc2OC)C1,-9.935098817358153,242,False,2.101515841484918,0.7144839228985054
Oc1ccc2c(c1)Cc1c(cc(O)c(CC=C(C)C)c1OC)C2,-9.942481437189484,243,False,2.8874082825892184,0.7157806138422796
c1ccc2c(c1)Cc1c(c(Cl)c(O)cc1)C2,-9.96630774769497,244,False,2.309214027187796,0.6264202153226369
c1ccc2c(c1)c1c(cc(O)cc1O)o2,-9.973554705404268,245,False,2.152818270861161,0.5860874562621442
Brc1ccc2c(c1)-c1c(cc(O)cc1O)C2=O,-9.984361452734476,246,False,2.304080329794729,0.6689298530846635
Oc1ccc2c(c1)Cc1c(cccc1O)C2=O,-10.024892997339409,247,False,2.2388569664559412,0.6176487107650025
Brc1ccc2c(c1)Cc1c(c(O)cc(OC)c1)C2,-10.028580789040348,248,False,2.461029000652548,0.7432921298984841
c1ccccc1-c1ccc2c(c1)Cc1c(cc(O)cc1OC)C2=O,-10.039510082369162,249,False,2.177719760511758,0.602601215989133
Cc1ccc2c(c1)Cc1c(c(O)ccc1)C2,-10.04066691616788,250,False,2.271820381702847,0.6038258043563747
COc1ccc2c(c1Br)Cc1c(cc(OC)cc1OC)C2,-10.053757897482114,251,False,2.5543601784504215,0.7162002810825298
Clc1ccc2c(c1)-c1c(cc(O)cc1O)C2,-10.0646439201047,252,False,2.3019084753483323,0.624293932440473
Brc1ccc2c(c1C)Cc1c(cc(O)cc1O)C2,-10.068221265971149,253,False,2.8554794259919145,0.6651859527054098
c1ccc2c(c1Cl)CCc1c(cc(O)cc1OC)C2,-10.070833310870142,254,False,2.4213207383963127,0.8582773763156886
Brc1cc(O)c2c(c1)Cc1c(cc(OC)cc1OC)C2,-10.098906112156785,255,False,2.660910850336492,0.7766715737381248
N#Cc1cc2c(cc1)Cc1c(cc(O)cc1O)C2,-10.103005612009524,256,False,2.668756602462503,0.6309028305475851
Brc1ccc2c(c1)Cc1c(cc(O)cc1SC)C2,-10.125051200608937,257,False,2.770368367168386,0.6716690619619692
Clc1ccc2c(c1)Cc1c(ccc(OC)c1OC)C2=O,-10.151740900990731,258,False,2.152225410776053,0.7239526598641224
c1ccc2c(c1O)Cc1c(cc(O)c(O)c1OC)C2,-10.15401637285018,259,True,2.7879328332197275,0.5857209701741274
Clc1cc2c(cc1)Cc1c(cc(O)c(OC)c1)C2,-10.173289020837627,260,False,2.258733978028113,0.7250814062309293
Oc1cc(O)c2c(c1)Cc1c(cc(O)cc1O)C2=O,-10.184833096635543,261,False,2.6869403636428615,0.4911600657759069
c1ccc2c(c1)oc1c(cc(OC)cc1)c2=O,-10.186377594793186,262,False,1.717651825168657,0.598693197188301
Brc1ccc2c(c1)Cc1ccccc1C2=O,-10.19127158082199,263,False,1.9148815857162231,0.6114671616371646
Brc1ccc2c(c1)Cc1c(c(F)c(O)cc1OC)C2,-10.196788508424788,264,False,2.7484216576028917,0.7380988895185696
c1ccc2c(c1)Cc1c(cc(OC)cc1OC)C2=C,-10.197655655855357,265,False,2.320436123011696,0.6925103416097648
Brc1ccc2c(c1)Cc1c(cc(OC)c(OC)c1O)C2=O,-10.215805398752195,266,False,2.4496033021297805,0.7713529122431724
COc1cc2c(cc1)Cc1c(cc(OC)c(OC)c1OC)C2,-10.240379813108577,267,False,2.3174667815043737,0.7411613209850552
[O-][N+](c1cc2c(cc1OC)Cc1c(cc(O)cc1OC)C2)=O,-10.2524621227399,268,False,2.6204053243998704,0.5939426886728579
COc1ccc2c(c1)oc1c(cc(O)cc1OC)c2=O,-10.264427478295602,269,False,2.1621600261606684,0.7262165151453279
c1ccc2c(c1O)Cc1c(c(OC)ccc1OC)C2,-10.26494211398736,270,False,2.438266892242467,0.7658752735069123
c1ccc2c(c1)Cc1c(c(Br)ccc1O)C2,-10.266306994796906,271,False,2.394410013809871,0.6636264623242598
Brc1ccc2c(c1Br)Cc1c(cc(OC)cc1OC)C2=O,-10.270092991101135,272,False,2.557359800803521,0.6278076455579207
Clc1ccc2c(c1)Cc1c(c(F)c(O)cc1OC)C2,-10.279812213259632,273,False,2.6823023542647206,0.7355626224837934
COc1ccc2c(c1)Cc1c(cc(O)c(OC)c1O)C2,-10.285488006294372,274,False,2.5447589272595685,0.7525739015461853
Fc1ccc2c(c1)Cc1c(cc(O)cc1OC)C2=C,-10.285670247306484,275,False,2.60077724541131,0.7216546802270136
Sc1cc2c(cc1)Cc1c(cc(O)cc1OC)C2,-10.31180319746204,276,False,2.817491444091461,0.6564514241318309
Brc1cc2c(cc1)Cc1c(c(Br)c(O)c(Br)c1O)C2,-10.31620998283455,277,False,3.0181643281399015,0.5142776179162244
Brc1ccc2c(c1)Cc1cc(Br)c(O)cc1C2=O,-10.344323395963244,278,False,2.438087118299608,0.6502924819761805
Oc1ccc2c(c1C)Cc1c(cc(O)cc1O)C2,-10.380659378683845,279,False,2.7999701952226843,0.5675723545730095
Oc1ccc2c(c1O)Cc1c(cc(O)cc1OC)C2=O,-10.402333568709878,280,True,2.6333619492375906,0.5892730209776743
Brc1ccc2c(c1)cc1c(cc(O)cc1O)c2,-10.45116691779549,281,False,2.2149261972251715,0.6097892891577363
Brc1ccc2c(c1)Cc1c(c(OC)c(OC)cc1)C2=O,-10.455621221169054,282,False,2.2312696415452837,0.7188076187028094
Clc1c(Cl)cc2c(c1)Cc1c(cc(O)cc1O)C2,-10.499885191009994,283,False,2.650545272145761,0.6557453305617194
c1c(OC)cc2c(c1)Cc1c(cc(O)cc1OC)C2=O,-10.505865101321008,284,False,2.2816103008859443,0.7771663881917082
Brc1ccc2c(c1)Cc1c(c(Br)cc(Br)c1OC)C2,-10.524585683969946,285,False,2.763208304917841,0.4807931823719208
Brc1ccc2c(c1)Cc1c(cc(O)cc1NC)C2,-10.55101750719848,286,False,2.6741158784806043,0.7184149004054629
Clc1ccc2c(c1)Cc1c(cc(O)c(C)c1)C2,-10.554277204013957,287,False,2.343897351071325,0.6369545318606121
Brc1ccc2c(c1)Cc1c(cccc1F)C2,-10.555220509552669,288,False,2.2810431241777636,0.5804392943606114
COc1c2c(ccc1OC)Cc1c(cc(OC)cc1O)C2,-10.57415183438843,289,False,2.4916511823617657,0.8039712503509527
Oc1ccc2c(c1)CCc1c(cc(OC)cc1O)C2,-10.579399511816518,290,False,2.355320738396312,0.8245128959997221
c1ccc2c(c1)Cc1c(cc(O)c(Cl)c1)C2=O,-10.589728440569786,291,False,2.1512223510713255,0.659514899217294
c1ccc2c(c1)Cc1c(cc(O)c(-c3ccccc3)c1OC)C2,-10.60086059005394,292,False,2.295323010631698,0.5878407038012289
Brc1ccc2c(c1)Cc1c(c(Br)c(OC)cc1)C2=O,-10.604277472770036,293,False,2.3938895821311945,0.6256822213797678
Brc1ccc2c(c1)Oc1c(cc(O)cc1O)C2=O,-10.605740127732131,294,False,2.37878404137653,0.626035292155092
Brc1ccc2c(c1)Cc1c(c(O)c(Br)c(OC)c1OC)C2,-10.608206107100216,295,False,2.8243422941722223,0.6748617702313131
c1ccc2c(c1F)Cc1c(cc(OC)cc1O)C2,-10.626796850234712,296,False,2.4923783219195172,0.7126013934259678
Clc1ccc2c(c1)Cc1c(cc3ccccc3c1OC)C2,-10.635374233803772,297,False,2.2970282358167857,0.4800496260938574
n1ccc2c(c1)Cc1c(cc(O)cc1)C2,-10.639156893158486,298,False,2.4597817202025176,0.5994277622287865
Oc1ccc2c(c1)Cc1c(c(O)cc(O)c1OC)C2,-10.64270387842123,299,False,2.7087563455564467,0.6261312558083059
FC(F)(c1ccc2c(c1)Cc1c(cc(O)cc1)C2)F,-10.64555717200932,300,False,2.3257795676174045,0.6524362814095408
Brc1ccc2c(c1)Cc1c(c(Br)c(O)c(O)c1OC)C2,-10.667589388556507,301,True,2.9169790121746537,0.6046777637267786
c1ccc2c(c1)OCc1c(cc(O)cc1OC)C2=O,-10.670919610071024,302,False,2.284702789678363,0.8514039182662263
c1c(O)c2c(cc1)Cc1c(cc(O)cc1O)C2,-10.68455116877024,303,False,2.684504081840556,0.5529624017536315
c1cc2c(c(O)c1)Cc1c(cc(O)cc1OC)C2,-10.688537129217847,304,False,2.5950353354941775,0.6892646139188209
Brc1cc2c(cc1)Cc1c(ccc(O)c1O)C2=O,-10.702413673855403,305,True,2.412280656761146,0.6277731952954677
Clc1ccc2c(c1)Cc1c(cc(OCC)cc1OC)C2,-10.716160794404018,306,False,2.313192718468361,0.7174648073291892
COc1ccc2c(c1OC)CCc1c(cc(O)cc1OC)C2,-10.72535074819598,307,False,2.4357442008592134,0.9459471563064062
Brc1cc2c(cc1)Cc1c(cc(OC)cc1OCC)C2,-10.728659469751506,308,False,2.374623487699129,0.7093600230151451
c1ccc2c(c1)Cc1c(ccnc1)C2,-10.729926535489229,309,False,2.232663003274556,0.5191419474899769
c1ccc2c(c1)Cc1cc(OC)c(O)cc1C2,-10.731079734160318,310,False,2.13667317524715,0.6909947691919938
Brc1ccc2c(c1)Cc1c(cc3c(c1OC)OCCO3)C2,-10.732438822154904,311,False,2.6623941878974904,0.671523417073118
CC(C)(C)c1ccc2c(c1)Cc1c(cc(O)cc1OC)C2,-10.738686524472456,312,False,2.514632479848615,0.724785051404467
Clc1ccc2c(c1)Cc1c(cc(O)cc1OC)CC2=O,-10.754469731044551,313,False,2.485799037149679,0.8748372556852887
Oc1ccc2c(c1)Cc1c(cc(OC)cc1OC)O2,-10.759276371710143,314,False,2.3115079178834907,0.7669014022495747
[N+](c1cc2c(cc1)Cc1c(cc(O)cc1OC)C2)([O-])=O,-10.77060725010449,315,False,2.521438048138691,0.5742805432603822
CC(C)c1ccc2c(c1)Cc1c(cc(O)cc1O)C2,-10.78896890308431,316,False,2.54400540216022,0.6945692105080169
COc1ccc2c(c1)Cc1c(cc(OC)c(Cl)c1OC)C2,-10.796267953129473,317,False,2.491855354460853,0.735163471396532
Oc1ccc2c(c1OC)Cc1c(cc(OC)cc1O)C2,-10.798847023222606,318,False,2.66331414703979,0.7525739015461853
Clc1c2c(ccc1)Cc1c(cc(OC)cc1OC)C2=O,-10.799653399933971,319,False,2.271467993193637,0.7239526598641224
Cc1cc2c(o1)Cc1c(cc(O)cc1OC)C2,-10.814849332519998,320,False,3.0652588895328643,0.6986122112848002
c1cnc2c(c1)Cc1c(cc(O)cc1O)C2,-10.836584694668232,321,False,2.7855578398968266,0.600083514048321
COc1ccc2c(c1)Cc1c(ccc(OC)c1)C2,-10.83796605554312,322,False,2.010644420074754,0.6845333276042858
Brc1cc2c(cc1)Cc1c(c(OC)cc(OC)c1OC)C2,-10.83935994812134,323,False,2.4717925122183484,0.7162002810825298
Brc1ccc2c(c1)Cc1c(c(O)c(Br)cc1)C2,-10.842320806573357,324,False,2.5701550433790175,0.6341677727696097
Fc1cc2c(cc1OC)Cc1c(cc(OC)cc1OC)C2,-10.84603545125833,325,False,2.40768247310492,0.7394988417891939
Fc1cc2c(cc1O)Cc1c(cc(OC)cc1OC)C2,-10.854927099235056,326,False,2.5417028833035253,0.780302896556651
Cc1cc2c(cc1)Cc1c(c(O)ccc1O)C2,-10.869926759493753,327,False,2.4374050433790178,0.5785352579082932
Clc1ccc2c(c1)C(=O)c1c(cc(O)cc1)C2,-10.901519231964883,328,False,2.0819771587636335,0.659514899217294
Brc1c2c(ccc1)Cc1c(c(O)ccc1OC)C2,-10.914109111503649,329,False,2.546864294770195,0.7432921298984841
c1cc2c(cc1O)Cc1c(cccc1OC)C2,-10.925718618718776,330,False,2.229527178386867,0.6909947691919938
Brc1cnc2c(c1)Cc1c(cc(O)cc1OC)C2,-10.926994777503635,331,False,2.8043321680733637,0.7511710440762704
Brc1c2c(ccc1)Cc1c(ccc(OC)c1OC)C2,-10.950409234488916,332,False,2.409141251216825,0.7116844057616516
Brc1ccc2c(c1Cl)Cc1c(cc(OC)cc1O)C2,-10.969150995948894,333,False,2.7520869696493353,0.7155883528737211
Clc1ccc2c(c1)Cc1c(cc(O)cc1Cl)C2=O,-10.971465962555628,334,False,2.40628804137653,0.678580204502663
c1ccc2c(c1F)Cc1c(cc(O)c(OC)c1OC)C2,-10.975362978133887,335,False,2.6329613997870425,0.780302896556651
c1cc2c(cc1F)Cc1c(cc(OC)cc1OC)C2,-10.986864250799243,336,False,2.2932463794219533,0.701578616210651
Brc1ccc2c(c1)Cc1c(cc(O)c(C(=O)OC)c1OC)C2,-10.990574615477328,337,False,2.6731342020795683,0.7090347882966453
Fc1cc2c(cc1)Cc1c(c(F)c(O)cc1OC)C2,-11.001231479226988,338,False,2.695498000128291,0.7295385186866665
Fc1cccc2c1Cc1c(cc(O)cc1OC)C2=O,-11.00815419595392,339,False,2.4224622962095683,0.7295767616770913
Clc1c(Cl)c2c(cc1Cl)Cc1c(cc(O)cc1OC)C2,-11.01113277841857,340,False,2.8403720191676616,0.6462934568762086
c1ccc2c(c1O)c1c(cc(O)cc1OC)o2,-11.028970472321843,341,False,2.4278944664559408,0.6741064854503995
c1ccc2c(c1F)CCc1c(cc(O)cc1OC)C2,-11.042168675713183,342,False,2.426415610191185,0.8505947805098362
c1ccc2c(c1)Cc1c(cc(OCCC)cc1OCC)C2,-11.049258687785056,343,False,2.2693450075696227,0.6915810846115924
Fc1ccc2c(c1)Cc1c(cc(O)c(Br)c1)C2,-11.059976611462162,344,False,2.483942543379019,0.6683616046914488
Fc1ccc2c(n1)Cc1c(cc(O)cc1OC)C2,-11.061936816786783,345,False,2.9574326205620505,0.6694221443812449
Brc1c(Br)cc2c(c1)Cc1c(cc(O)c(Br)c1OC)C2,-11.097088533913734,346,False,3.0387521590278013,0.539425351200192
Brc1ccc2c(c1)Cc1c(c(Br)c(O)c(OC)c1OC)C2=O,-11.109710525075345,347,False,2.7202479725713715,0.6692319410542796
Brc1ccc2c(c1)Cc1c(c(Br)c(O)cc1Br)C2=O,-11.11015077098432,348,False,2.7812300086132744,0.5375296921797555
Clc1ccc2c(c1)Cc1c(cc(O)cc1)O2,-11.114886020288864,349,False,2.188322053943649,0.6398490008183434
COc1cc2c(cc1)CCc1c(cc(O)cc1OC)C2,-11.119254349787752,350,False,2.2651587103711943,0.911004420286625
c1ccc2c(c1)Cc1c(cccc1OC)CC2,-11.123275769358456,351,False,1.911729351071326,0.7211875201558089
c1ccc2c(c1)C(=O)c1c(cc(O)cc1O)CC2,-11.129752634430218,352,False,2.1522869192045864,0.7431499609072297
c1ccc2c(c1C)Cc1c(cc(O)c(Cl)c1OC)C2,-11.142927101337534,353,False,2.763265779518711,0.730141182946504
Clc1ccc2c(c1)-c1c(ccc(O)c1OC)C2,-11.15911071666791,354,False,2.230298312609788,0.7106044449597892
c1ccc2c(c1)C(C)c1c(cc(O)cc1OC)C2=O,-11.191610773167696,355,False,2.7991819128473594,0.8501947273628985
c1ccc2c(c1)Cc1c(c(OC)cc(OC)c1OC)C2=O,-11.20237576976129,356,False,2.1913046373813234,0.7416017331570146
Brc1ccc2c(c1Cl)Cc1c(cc(O)c(Br)c1OC)C2,-11.204009114685276,357,False,3.055005026160668,0.597640558303007
Brc1cc2c(cc1)Cc1c(cc(OC)cc1Cl)C2,-11.227456979898191,358,False,2.425563842281509,0.635434447255429
Clc1cc2c(cc1)Cc1c(c(O)cc(OC)c1OC)C2,-11.252499412207628,359,False,2.4692949162705577,0.7841847103857377
c1ccc2c(c1)[C@@H](C)c1c(cc(O)cc1OC)C2,-11.26843599976658,360,False,2.8539266417076536,0.8268113454801798
Clc1c2c(ccc1)CCc1c(cc(O)cc1OC)C2,-11.273330900781744,361,False,2.4216950973706712,0.8582773763156887
Fc1cc2c(cc1O)Cc1c(cc(O)cc1O)C2,-11.276311718693025,362,False,2.7888572721457603,0.5706219482544114
c1ccc2c(c1)Cc1c(cc(O)cc1OCCCl)C2,-11.28038819786039,363,False,2.544790761706336,0.7408872699741385
Cc1cc2c(cc1)Cc1c(cc(O)c(OC)c1)C2,-11.291593410508426,364,False,2.24646519974757,0.707435753768922
Brc1c(Br)cc2c(c1)Cc1c(cc(O)cc1)C2,-11.31535426692551,365,False,2.580623312609788,0.6341677727696096
Clc1ccc2c(c1)Cc1c(cc(O)cc1OC)N2,-11.316080644865464,366,False,2.4356335255394264,0.7017681625636729
Brc1cc2c(cc1)Cc1c(c(Br)c(O)cc1)C2=O,-11.32011550791617,367,False,2.5110757336842227,0.6502924819761805
c1cc(OC)cc2c1Cc1c(cc(O)cc1OC)C2,-11.33498375620914,368,False,2.3638181742937494,0.7658752735069123
c1c(Cl)cc2c(c1Cl)Cc1c(cc(O)cc1OC)C2=O,-11.340063065059937,369,False,2.575895375811019,0.7426253741295918
Clc1cccc2c1Cc1c(cccc1OC)C2,-11.363528213267289,370,False,2.263679140710259,0.6319974207190662
COc1c2c(ccc1)Cc1c(cc(O)cc1OC)C2=O,-11.386407142754024,371,False,2.3381075536331952,0.7771663881917082
Brc1cc2c(cc1)Cc1c(cc(O)cc1CC)C2,-11.406688524294507,372,False,2.5950190459014184,0.7136841762120528
COc1ccc2c(c1)OCc1c(cc(OC)cc1OC)C2,-11.414701867031908,373,False,2.288990543509092,0.8680143188451688
Brc1ccc2c(c1)-c1c(c(Br)c(OC)cc1OC)C2,-11.420727377125246,374,False,2.455836751942515,0.6322867814425007
Brc1c2c(ccc1)Cc1c(cc(OC)c(O)c1OC)C2,-11.435168078873405,375,False,2.653901234951878,0.7766715737381248
c1cc(Br)c2c(c1)Cc1c(ccc(O)c1OC)C2,-11.439029107518792,376,False,2.5895538875303767,0.7432921298984841
OCc1ccc2c(c1)Cc1c(cccc1OC)C2,-11.439540545398955,377,False,2.240352112382446,0.7459360012214421
Clc1ccc2c(c1)Cc1c(c(C)c(OC)cc1OC)C2,-11.452102499003118,378,False,2.427625410776052,0.7047980053996145
COc1cc2c(cc1)C(=O)c1c(cc(OC)cc1OC)C2,-11.461091082036262,379,False,2.1078968146955326,0.7416017331570146
O=[N+](c1cc2c(cc1O)Cc1c(cc(OC)cc1OC)C2)[O-],-11.49116410707444,380,False,2.615677203340603,0.5939426886728579
Brc1cc2c(cc1)Cc1c(cccc1Cl)C2,-11.517718184165346,381,False,2.3013548298633832,0.568191072546599
COc1ccc2c(c1)Cc1c(cc(O)cc1C)C2,-11.53552207027974,382,False,2.3758290006525495,0.707435753768922
c1cc2c(cc1[N+]([O-])=O)Cc1c(cc(O)cc1OC)C2,-11.551193508699768,383,False,2.521438048138691,0.5742805432603822
[N+]([O-])(c1cc2c(cc1)Cc1c(cc(O)cc1OC)C2)=O,-11.551591688822896,384,False,2.521438048138691,0.5742805432603822
c1cc(Cl)c2c(c1)Cc1c(c(O)ccc1OC)C2,-11.575969702150047,385,False,2.474220855856169,0.7250814062309293
Clc1cc2c(cc1)Cc1c(c(C)c(O)cc1OC)C2,-11.584963202739246,386,False,2.544611497951223,0.730141182946504
c1ccc2c(c1O)Cc1c(cc(O)cc1OCc1ccccc1)C2,-11.592920704505246,387,False,2.4092345622317772,0.5958346968711538
Brc1ccc2c(c1)Cc1c(cc(N3CCOCC3)cc1OC)C2,-11.606109033805184,388,False,2.5120793826179213,0.6814511966328616
Brc1ccc2c(c1)Cc1c(cc3ccoc3c1OC)C2,-11.647729254568617,389,False,2.776084760908679,0.5050391942330438
COc1ccc2c(c1OC)Cc1c(cc(O)cc1OC)CC2,-11.655005854554474,390,False,2.435599039568892,0.9459471563064062
Brc1ccc2c(c1)-c1c(cc(O)c(OC)c1)C2,-11.682122138656297,391,False,2.1777348510713246,0.7398739531169161
Brc1cc2c(cc1)Cc1c(cc(O)cc1O)CC2=O,-11.705682238877555,392,False,2.6277406706653004,0.7839459026206516
O1c2ccc3c(c2O1)Cc1c(cc(O)cc1OC)C3,-11.73507945392339,393,False,3.275741810657385,0.5310851805013527
Brc1ccc2c(c1)Cc1c(cc3ccccc3c1)C2,-11.763304018365377,394,False,2.1554203720959446,0.423914005320107
Oc1ccc2c(c1)[C@H](O)c1c(cc(O)cc1OC)C2,-11.774068728194834,395,False,3.1223171813524395,0.7322275812499492
Brc1ccc2c(c1)Cc1c(cc(O)c(OC)c1OC)CC2,-11.797983128189005,396,False,2.4948264105234337,0.8948765761108806
Brc1c(Br)c2c(cc1Br)Cc1c(cc(OC)cc1OC)C2,-11.800775711500703,397,False,2.879041763668244,0.4554777140077133
c1cc(C(O)=O)c2c(c1)Cc1c(cc(O)cc1OC)C2,-11.809678783898136,398,False,2.4919259602266024,0.7507960626867348
c1ccc2c(c1)Cc1c(cc(OCC)cc1O)C2=O,-11.855624644602957,399,False,2.181715610191185,0.7644680665335178
c1c(O)cc2c(c1)-c1c(cc(O)cc1OC)C2,-11.895965365610124,400,False,2.317889658763633,0.6728510255199226
Brc1ccc2c(c1)Cc1c(cccc1OC)C2=S,-11.904338340959724,401,True,2.4676045662634074,0.6238864719552016
COc1cc2c(cc1OC)Cc1c(cc1OC)C2,-11.9052900482925,402,False,2.871787371693273,0.8177404990215843
Brc1ccc2c(c1)-c1c(cc(OC)c(OC)c1)C2,-11.91334847717374,403,False,2.0076950640009645,0.7112588940791742
c1ccccc1-c1ccc2c(c1)Cc1c(cc(O)cc1OCC)C2,-11.914051394679774,404,False,2.285438078715293,0.5790977255061828
Fc1ccccc1-c1ccc2c(c1)Cc1c(cc(O)cc1OC)C2,-11.931248561550106,405,False,2.359425446130487,0.5798398063606977
c1ccc2c(c1)Cc1c(ccc(O)c1N)C2,-11.943878878890844,406,False,2.405809010465388,0.4429857024120434
c1[nH]c2c(c1)Cc1c(cc(O)cc1O)C2,-11.94692776114087,407,False,3.173469791433612,0.5201387144785052
c1ccc2c(c1OCC#C)Cc1c(cc(O)cc1OC)C2,-11.957491665919434,408,False,2.772705928124477,0.7497287234116186
c1c(Cl)cc2c(c1O)Cc1c(cc(OC)cc1OC)C2,-11.974372834915728,409,False,2.6086762349518775,0.7841847103857377
c1ccc2c(c1)[C@@H](O)c1c(cc(O)cc1O)C2,-11.98702247698023,410,False,2.9720004219906855,0.6466404732791694
s1c2c(cc1C)Cc1c(cc(OC)cc1OC)C2,-11.990603415631083,411,False,2.721331263095987,0.7010421537309784
Brc1cc2c(cc1OC)Cc1c(cc(O)cc1OC)C2C,-11.998465121313984,412,False,3.1291830308740742,0.8820111252462329
Fc1cc2c(cc1)Cc1c(cc(OC)cc1OC)O2,-12.02146513985042,413,False,2.3050489435245165,0.7050085843821727
c1c(C)cc2c(c1)Cc1c(cccc1OC)C2,-12.03464357674298,414,False,2.127695781212612,0.614437579305908
Fc1ccc2c(c1)Cc1c(cc(O)cc1OCC1CC1)C2,-12.059737242204504,415,False,2.567540543509093,0.7920834319135311
BrCc1ccc2c(c1)Cc1c(cc(OC)cc1O)C2,-12.07125689184454,416,False,2.5981643281399016,0.7283548246018164
c1ccc2c(c1)Cc1c(cc(OCCN3CCOCC3)cc1OCC)C2,-12.091395151678311,417,False,2.4037006183347884,0.6804073243929145
Brc1ccc2c(c1)Cc1c(cc(OCC=C)cc1)C2,-12.115260393228596,418,False,2.371366426042,0.6462979329498819
Brc1ccc2c(c1)CCc1c(cc(O)cc1)O2,-12.126102323087252,419,False,2.212646173677289,0.7932589173249636
c1ccc2c(c1)CCc1c(cc(O)cc1Cl)C2,-12.1299967246039,420,False,2.261571134430822,0.7487043788254765
Fc1cc2c(cc1)Cc1c(cc(O)c(Cl)c1O)C2,-12.131977918584552,421,False,2.7448071182996063,0.653413019289408
Brc1cc2c(cc1OC)c1c(cc(O)cc1O)o2,-12.1337757126621,422,False,2.475953579838068,0.7180843556091067
Brc1ccc(O)c2c1Cc1c(cc(O)cc1O)C2,-12.182578877836022,423,False,2.897012349068838,0.5980298786138283
c1ccc2c(c1)-c1c(cc(OC)cc1O)C2=O,-12.199077332014184,424,False,1.9621358126097872,0.6933631669826092
Clc1ccc2c(c1)Cc1c(c([N+](=O)[O-])c(OC)cc1OC)C2,-12.205249454804758,425,False,2.615268628309076,0.5444758260628804
N#Cc1ccc2c(c1)Cc1c(cc(OC)cc1OC)CC2,-12.224208301854247,426,False,2.3405005435090924,0.846994160369197
c1ccc2c(c1Cl)Cc1c(cc(OC)c(Br)c1OC)C2,-12.274290466922452,427,False,2.719257553633197,0.6693632081210533
c1ccc2c(c1C)oc1c(cc(O)cc1)c2=O,-12.289764048015089,428,False,2.035716581840557,0.5993720813727097
OCc1ccc2c(c1OC)Cc1c(cc(O)cc1OC)C2,-12.311894870367295,429,False,2.7251982488545945,0.7759642865815786
COc1c(OC)c2c(cc1OC)Cc1c(cc(O)cc1O)C2,-12.316471711913891,430,False,2.6803251226344234,0.7781877902788988
Brc1ccc2c(c1)Cc1c(c(Br)c(O)cc1OCC=C)C2,-12.352181915915708,431,False,2.9384360585025746,0.6180014064919082
COc1ccc2c(c1)Oc1c(cc(O)cc1OC)C2=O,-12.35869491570611,432,False,2.1621600261606684,0.7262165151453279
Cc1c2c(ccc1)Cc1c(cc(O)c(O)c1OC)C2,-12.360218721032652,433,True,2.6816701336551425,0.6581092633619906
Brc1cc(C(=O)O)c2c(c1)Cc1c(cc(O)cc1OC)C2,-12.364850467004215,434,False,2.705587652262407,0.74464455439974
n1ccc2c(c1)Cc1c(cc(O)cc1OCC)C2,-12.411001788715057,435,False,2.666659212974164,0.7497019073678455
c1ccc2c(c1)Cc1ccc(OC)c(O)c1C2,-12.429833536571692,436,False,2.2033664248546856,0.6909947691919938
[O-][N+](=O)c1cc2c(cc1)-c1c(cc(O)cc1OC)C2,-12.470025469350844,437,False,2.3437090306072452,0.565581129075292
Nc1ccc2c(c1)Cc1c(cc(O)cc1O)CC2,-12.47205088231432,438,False,2.4923484576661235,0.620237742707986
Clc1c2c(ccc1OC)Cc1c(cc(O)cc1O)C2,-12.474848703338026,439,False,2.682156055280686,0.7172067709277926
Brc1cc2c(cc1)Cc1ccc(O)cc1-2,-12.539683477677386,440,False,2.1119624569076727,0.6533803381166616
Cc1ccc2c(c1)Cc1c(cccc1Br)C2,-12.569220698409822,441,False,2.292111017154353,0.5740179335405473
c1ccc2c(c1)Cc1cc(O)cc(O)c1CC2,-12.569744856699486,442,False,2.2573240386694415,0.7248063937054618
c1ccc2c(n1)Cc1c(cc(O)c(Cl)c1OC)C2,-12.569804984170716,443,False,2.9685448377566193,0.7323467697993679
c1ccc2c(c1Cl)Cc1c(c(Cl)ccc1OC)C2,-12.598608639790172,444,False,2.4537556974851285,0.6370589433369143
Clc1ccc2c(c1)C(=O)c1c(cc(O)cc1OC)CC2=O,-12.647955205045108,445,False,2.3832444161881376,0.8792330250517162
c1ccc2c(c1)C(=O)c1c(cc(O)c(C)c1OC)C2,-12.648465737408143,446,False,2.361565344105069,0.7259947236067155
Nc1ccc2c(c1)Cc1c(c(OC)c(OC)c(OC)c1)C2,-12.651307043241571,447,False,2.453787818606875,0.7518299962011467
c1ccc2c(c1)OCc1c(cc(OC)cc1)C2,-12.655004343416325,448,False,1.9653693510713257,0.7431681037787647
Brc1ccc2c(c1)CCc1c(cc3c(c1OC)OCO3)C2=O,-12.67830843470074,449,False,2.5336376429010414,0.7798861416064485
c1ccc2c(c1)CCc1c(cc(O)cc1OCc1ccccc1)C2,-12.724478771257765,450,False,2.121617852744082,0.7612469176364403
c1ccc2c(c1)Cc1c(c(Cl)ccc1O)C2=O,-12.751876703005706,451,False,2.181825235686711,0.6595148992172941
c1ccc2c(c1OC)Cc1c(c(C)c(O)cc1OC)C2,-12.7910827639694,452,False,2.570025685501328,0.7767989350019158
Brc1c(Br)c2c(c(Br)c1O)Cc1c(cc(O)cc1OC)C2,-12.798019330805914,453,False,3.184595847152817,0.4895942905866247
c1ccc2c(c1)CCc1c(c(OC)c(O)cc1)C2,-12.801934192061507,454,False,2.1839450117907315,0.8296399425365328
Brc1cc2c([nH]1)Cc1c(cc(OC)cc1OC)C2,-12.802926155200794,455,False,3.043943932779245,0.7880957822074912
Brc1c2c(ccc1)Cc1c(cc(O)cc1OCc1ccccc1)C2,-12.820852677609082,456,False,2.4152892875065017,0.5267599494831092
CCc1cc2c(cc1)Cc1c(cc(O)cc1OCC)C2,-12.860892074200024,457,False,2.459842920897511,0.7815483967446432
Cc1c2c(ccc1C)Cc1c(ccc(O)c1OC)C2,-12.873305234441888,458,False,2.5693177388801054,0.7197475744876404
Brc1c(C)c2c(cc1OC)Cc1c(cc(O)cc1OC)C2,-12.90505937475109,459,False,2.8081828777265994,0.7607912846352969
Brc1cc2c(cc1)Cc1c(cc(O)c(C=O)c1)C2,-12.922306782799753,460,False,2.639649815132186,0.699033863955096
Brc1ccc2c(c1)Cc1c(cc(O)c(Br)c1OCC=C(C)C)C2,-12.925219493395389,461,False,2.978667417204603,0.5276708634094827
Brc1ccc2c(c1)c1c(cccc1)[nH]2,-12.955274610074412,462,False,1.7250385594257214,0.6146075241237683
Brc1ccc2c(c1)C(=O)c1c(cc3c(c1O)OCO3)C2,-12.989955698529345,463,False,2.6271603298043935,0.6871113934033451
c1ccc2c(c1)Cc1c(cc(O)cc1OC)C21CO1,-12.99465059369382,464,False,3.585506367414517,0.7952345827730104
FC(c1c2c(ccc1)Cc1c(cc(O)cc1)C2)(F)F,-12.995893745482064,465,False,2.4513824703750267,0.6524362814095408
FC(c1cc2c(cc1)Cc1c(cc(O)c(OC)c1OC)C2)(F)F,-13.009218644371188,466,False,2.639047465281525,0.7763013120140716
C1=CCc2c(cc(O)cc2)C1,-13.016116621329502,467,False,2.6526729324510754,0.5552168820129847
Brc1ccc2c(c1Cl)-c1c(cc(OC)cc1OC)C2,-13.035581710704832,468,False,2.47764052552742,0.6740765778774995
FC(F)(F)c1ccc2c(c1)Cc1c(ccc(OC)c1OC)C2,-13.036528909688442,469,False,2.3664214656356855,0.7055800868930121
Oc1ccc2c(c1)Cc1c(c(O)c(O)cc1OC)C2=O,-13.06107549737942,470,True,2.5491848863005284,0.5892730209776743
Brc1ccc2c(c1)Cc1c(cc(O)c(C)c1OC)O2,-13.097874319134348,471,False,2.6067937911297427,0.7310339782731102
COc1ccc2c(c1O)Cc1c(cc(O)cc1OCC)C2,-13.10909543086632,472,False,2.630119761240513,0.7768057635657901
Clc1ccc2c(c1F)Cc1c(cc(O)c(Cl)c1OC)C2,-13.110501398390994,473,False,2.988261529657171,0.723911173835722
c1ccc2c(c1)Cc1c(c(CO)c(O)cc1)C2,-13.110764664460165,474,False,2.4210703495014663,0.6684959114697621
Cc1ccc2c(c1)Cc1c(cc(O)cc1O)[C@@H]2O,-13.134022267766682,475,False,3.1039652661420423,0.6644281636232467
O1c2cc3c(cc2OC1)Cc1c(cc(O)cc1O)C3,-13.1482072738836,476,False,2.689578733734308,0.6477586064617433
Brc1ccc2c(c1)Cc1c(cc(OC)cc1[N+]([O-])=O)C2=O,-13.148451764865513,477,False,2.4180961403260675,0.5250328500031336
Cc1c2c(ccc1)Cc1c(cc(O)cc1OC)C2(C)C,-13.155877323622915,478,False,2.6523815296571716,0.8485472576224259
Brc1ccc2c(c1OC)Cc1c(cc(O)cc1OC)C2C,-13.197592605938098,479,False,3.282510086576992,0.8820111252462329
Brc1cc2c(cc1)Cc1c(cc(O)cc1OC)[C@@H]2CO,-13.22332739073397,480,False,3.1763804047723356,0.8862014017881867
Clc1c2c(ccc1)Cc1c(cc(O)cc1F)C2,-13.226419753680617,481,False,2.6141281203020945,0.6434944533524471
c1ccc2c(c1)C(N)c1c(cc(O)cc1OC)C2,-13.238513620312034,482,False,2.950716686956522,0.8054305451780173
CCc1ccc2c(c1)C(=O)c1c(cc(O)cc1O)C2,-13.240089594908596,483,False,2.352134284598538,0.7017046205247748
Brc1ccc2c(c1)Cc1c(cc(O)cc1OC(=O)CCCC)C2,-13.27148447487059,484,False,2.598993264098093,0.5290853443843669
Brc1ccc2c(c1)Cc1c(cc(OC)cc1OCC#N)C2,-13.275409243736137,485,False,2.619094389662939,0.7246992918308829
c1ccc2c(c1Br)Cc1c(c(OC)c(OC)cc1)C2=O,-13.30481970534349,486,False,2.326207278907921,0.7188076187028094
c1ccc2c(c1)Cc1c(c(F)c(O)cc1Br)C2,-13.3179100767683,487,False,2.7159896587636325,0.6683616046914488
Brc1ccc2c(c1)Cc1c(cc(C#C)cc1OC)C2,-13.328891628604538,488,False,2.728595097370672,0.6185399189166606
Brc1ccc2c(c1)Cc1c(cccc1C(=O)OC)C2,-13.330959010091547,489,False,2.2702284307040053,0.6393601169515375
Clc1ccc2c(c1[N+](=O)[O-])Cc1c(cc(O)cc1O)C2,-13.33450555013728,490,False,2.896796354831997,0.532680938743534
c1c(Cl)cc2c(c1Cl)Cc1c(cccc1O)C2,-13.33670978700006,491,False,2.5710060049174803,0.645639608865789
Brc1cc2c(cc1O)Cc1c(cc(OC)cc1OC)C2C,-13.351611070499755,492,False,3.1383143306088215,0.8820111252462328
c1ccc2c(c1)cco2,-13.35271850357097,493,False,1.8035049303024808,0.5174240042877333
O=C(OC)c1ccc2c(c1)Cc1c(cc(O)cc1O)C2=O,-13.357582859142468,494,False,2.3592117901934433,0.667826749077393
c1cc(Cl)c2c(c1Cl)Cc1c(cc(O)cc1O)C2=O,-13.371217327771248,495,False,2.6726894760688964,0.666645416932068
Brc1ccc2c(c1)Cc1c(cc(O)c(Br)c1OCC1CC1)C2,-13.375577085827215,496,False,2.842345441554002,0.6266725590451485
COc1ccc2c(c1)CCCCC2,-13.383318494235482,497,False,1.6078778066889878,0.5976510258547999
Brc1cccc2c1Oc1c(cc(O)cc1OC)C2,-13.384806369704163,498,False,2.5589321680733637,0.7417263492302828
c1ccc2c(c1)Oc1ccc(OC)cc1CC2,-13.43907422262967,499,False,1.8748875049174796,0.7394772173125799
c1ccccc1-c1cc2c(cc1)Cc1c(cccc1)C2,-13.467808276589295,500,False,1.8492357953914365,0.4565236615466927
Brc1cc(Br)c2c(c1)Cc1c(c(Br)c(O)cc1Br)C2,-13.47451506187383,501,False,3.2036069316901976,0.3961726750052544
Oc1ccc2c(c1)C(=O)c1c(cc(O)c(O)c1OC)C2=O,-13.49120739223332,502,True,2.448390988853222,0.5867333339382287
c1ccc2c(c1)Cc1c(cc(N(C)C)cc1)C2=O,-13.496214763480252,503,False,2.0409529825529997,0.6483273628409952
Brc1ccc2c(c1)Cc1c(c(OC)c(Cl)cc1)C2,-13.497190351838867,504,False,2.4301032087973446,0.6354344472554291
Cc1ccc2c(c1)Cc1c(cc(O)cc1OC)/C2=N\OC,-13.500721576942285,505,False,2.682289252765937,0.7354951755863771
c1cccc2c1CCc1c(cc(O)cc1)C2=O,-13.512976495007052,506,False,1.9521745881199912,0.7466667567687226
n1ccc2c(c1)Cc1c(cc(C)cc1OC)C2,-13.551084283070791,507,False,2.5473359695956574,0.6349964322953652
Oc1cc2c(cc1O)CCc1c(cc(O)cc1OC)C2=O,-13.583960894772645,508,True,2.5171104639334967,0.6991122979878267
[O-][N+](c1cc2c(cc1)Cc1c(cc(O)cc1)C2=O)=O,-13.585063950363208,509,False,2.2444138201573196,0.5345647497498287
c1cc(Cl)c2c(c1)Cc1c(cc(OCC)cc1OCC)C2,-13.587484218306288,510,False,2.438014389662939,0.6991991200076629
Fc1c(F)cc2c(c1)Cc1c(ccc(O)c1OC)C2,-13.608961436236214,511,False,2.580990307820599,0.7295385186866665
c1cc(O)ccc1-c1ccc2c(c1)Cc1c(cc(OC)cc1OC)C2=O,-13.638065943334851,512,False,2.222060050794221,0.6036193205347418
FC(c1cc(Cl)c2c(c1)Cc1c(cc(O)cc1OC)C2)(F)F,-13.648605331798834,513,False,2.7547133571867572,0.708877635554627
[O-][N+](=O)c1ccc2c(c1)Cc1c(ccc(OC)c1O)C2,-13.653715504482191,514,False,2.430822388798031,0.5742805432603822
Brc1ccc2c(c1)Cc1c(cc(O)cc1OC)[C@H]2OC(=O)C,-13.674792546067692,515,False,3.096423149417591,0.8267397294121828
Oc1cc(O)ccc1-c1ccc2c(c1)Cc1c(cc(O)cc1OC)C2,-13.694294997891632,516,False,2.580398581788778,0.5186056223523621
Oc1ccc2c(c1)Cc1c(c(OC)c(OC)c(OC)c1OC)C2=O,-13.711949266508668,517,False,2.5605181186753327,0.7923709076470631
c1ccc2c(c1Br)[C@@H](O)c1c(cc(O)cc1OC)C2,-13.73612848584348,518,False,3.1725369201042533,0.8482477245946628
c1ccc2c(c1)Cc1c(cc(O)cc1OC)C2=C(Br)Br,-13.746049853489836,519,False,2.7908495866002294,0.6400140419047855
COc1ccc2c(c1OC)Cc1ccc(O)cc1C2,-13.749807328631505,520,False,2.3189797127552865,0.7658752735069123
c1ccc2c(c1C)Cc1c(c(OC)c(OC)cc1OC)C2=O,-13.761687538332724,521,False,2.3964313017012593,0.7448552904596947
Cc1ccc2c(c1)Cc1c(cc(O)cc1O)[C@@H]2C,-13.767835932083813,522,False,3.0295338815266586,0.7399562757320359
O(c1cc2c(cc1OC)Cc1c(cc(O)cc1)C2)C,-13.774663867277129,523,False,2.177846379421954,0.7658752735069123
c1c(F)cc2c(c1)Cc1c(cc(O)c(OC)c1)C2,-13.77603669785519,524,False,2.2724471002000595,0.7126013934259678
c1ccc2c(c1OC)Cc1c(cccc1Br)C2,-13.785266237083787,525,False,2.3392876179473063,0.6587685191717947
CC(C)Oc1ccc2c(c1)Cc1c(cc(O)cc1)C2,-13.792828131477007,526,False,2.279364328139902,0.7556842948761202
Oc1ccc2c(c1)Cc1c(cc(O)c(CC)c1OC)C2=O,-13.797227030719,527,False,2.6398088724215594,0.7590852837645335
Brc1ccc(F)c2c1Cc1c(cc(O)cc1OC)C2,-13.80433924704721,528,False,2.780131962392442,0.7380988895185696
c1ccc2c(c1)[C@@H](O)c1c(cccc1)C2,-13.811601473877118,529,False,2.0619722796430793,0.6864568114656745
c1cc2c(cc1)Cc1c(ccc(O)c1O)C2=O,-13.819996644977692,530,True,2.2083983126097877,0.5777858855313788
Brc1ccc(Cc2ccc(O)c(O)c2)cc1,-13.838496058897816,531,True,1.7759300138098697,0.8264719252939557
CSc1cc2c(cc1OC)Cc1c(cc(OC)cc1OC)C2,-13.84936226126456,532,False,2.58589457306765,0.6817416477595079
c1ccc2c(c1)Cc1c(cc(O)cc1OC)/C2=C/c1ccccc1OC,-13.870065168604611,533,True,2.3354701048482767,0.5742416381844082
c1ccc2c(c1Br)Cc1c(cc(F)cc1O)C2,-13.880739995360884,534,False,2.700957927994402,0.6683616046914488
Brc1nc2c(cn1)Cc1c(cc(O)cc1OC)C2,-13.919618901144077,535,False,3.180814521014539,0.7016967204417948
COc1ccc2c(c1OC)Cc1c(c3c(cc1)OCO3)C2,-13.953726032073972,536,False,2.5900151210626863,0.7248014697146868
[O-][N+](c1cc2c(cc1)Cc1c(cc(O)c(C)c1OC)C2)=O,-13.99409467664455,537,False,2.651623461280977,0.5797242243021525
Oc1ccc2c(c1O)Cc1c(cc(Br)cc1OC)C2,-14.003288262524848,538,True,2.6968852279947644,0.6758267110492062
C(c1ccc2c(c1)Cc1c(cc3c(c1OC)OCO3)C2)#N,-14.014902898213222,539,False,2.7396284880235946,0.6870228048145783
Oc1ccc(-c2ccc(O)cc2)cc1OC,-14.016647440327349,540,False,1.612216167656026,0.8110673593606219
c1ccc2c(c1)Cc1c(c(C)c(C)cc1O)C2,-14.018424192800609,541,False,2.3930569664559407,0.6193018934669171
COc1c(OC)c2c(cc1OC)Cc1c(cc(OC)cc1OC)CC2,-14.02938437649891,542,False,2.437137609803015,0.8316254270843899
Brc1cc(Br)c2c(c1)Cc1c(c(O)cc(Br)c1O)C2,-14.04004883945619,543,False,3.0902734997375347,0.4810863257670554
Clc1cc2c(cc1Cl)Cc1c(cc(SC)cc1OC)C2,-14.076937191705412,544,False,2.6876561800068206,0.5975688756635593
Fc1cc2c(cc1)-c1c(c(O)ccc1OC)C2,-14.131023008202192,545,False,2.2006963895328653,0.6956180018790665
CC(=CCc1c2c(ccc1OC)Cc1c(cc(O)cc1OC)C2)C,-14.184839570326403,546,False,2.8279843539326137,0.7223904685211376
Clc1c2c(ccc1Cl)Cc1c(cc(F)cc1OC)C2,-14.187279397372292,547,False,2.5682283339454166,0.6357410637217249
Cc1c(OC)cc2c(c1O)Cc1c(cc(OC)cc1OC)C2,-14.197962494649689,548,False,2.611409864122445,0.8065767898853672
COc1cc(OC)c2c(c1)Cc1c(c(O)ccc1OC)C2=O,-14.202816502204769,549,False,2.3844804820291277,0.8050278277030454
Brc1ccc2c(c1)Cc1c(cc(OCCCCN(C)C)cc1)C2,-14.21712726974954,550,False,2.3078320806661416,0.5819377505446841
Nc1ccc2c(c1)C(=O)c1c(cccc1)C2=O,-14.253048036171592,551,True,1.823651197225173,0.5931316338727307
Brc1ccc2c(c1O)Cc1c(c(O)ccc1O)C2=O,-14.266238098899407,552,False,2.7425646239978914,0.5564500243208351
c1ccc2c(c1[N+](=O)[O-])-c1c(cc(OC)cc1OC)C2,-14.28153960599272,553,False,2.318552333852976,0.5418798315519149
COc1ccc2c(c1O)C(=O)c1c(cccc1OC)C2,-14.293900829144718,554,False,2.2475932679189103,0.7771663881917084
Brc1ccc2c(c1)Cc1c(c(O)ccc1OC)C2OC,-14.302324222990933,555,False,3.079961723453654,0.9072038616204522
Brc1ccc2c(n1)-c1c(cc(O)cc1O)C2,-14.352698694165724,556,False,2.8085269368867927,0.6215955830653784
Cc1c(OC)cc2c(c1OC)Cc1c(cc(O)cc1O)C2,-14.358048036352557,557,False,2.764238050140392,0.7602114489319585
FC(F)(F)c1cc2c(cc1OC)-c1c(cc(O)cc1OC)C2,-14.364372903497312,558,False,2.5447664341098353,0.7773526834081758
[O-][N+](c1cc2c(cc1)Cc1c(c(Cl)c(O)cc1OC)C2)=O,-14.36571308842477,559,False,2.682662718575406,0.5810835072490486
c1ccc2c(c1)Cc1c(cc(O)cc1/C=C/c1ccccc1)C2,-14.372666615002032,560,False,2.390990451706866,0.5129466325124005
Clc1ccc2c(c1)[C@@H](O)c1c(cc(OC)cc1OC)CC2,-14.391817933166765,561,False,2.7821099247283207,0.9221099083709168
c1ccc2c(c1)Cc1c(C=O)cc(OC)cc1C2=O,-14.39645247361787,562,False,2.330159199934773,0.6584187439229807
Clc1ccc2c(c1)Cc1c(cccc1SC)C2=O,-14.463973199869102,563,False,2.3271882766706486,0.6188857364460028
c1ccccc1NC(c1ccc2c(c1)Cc1c(cc(OC)cc1OC)C2)=O,-14.473530182463064,564,False,2.156951405625003,0.5854975508419971
Clc1ccc2c(c1)Cc1c(cc3c(c1OC)CCCCO3)C2,-14.5048885086767,565,False,2.716252203340604,0.6553592821299246
Clc1ccc2c(n1)Cc1c(cc(OC)c(O)c1OC)C2,-14.518620041264754,566,False,2.88415782835847,0.7376592701284201
Clc1cc2c(cc1)CCc1c(cc(O)cc1C)C2,-14.521956996084567,567,False,2.3686968739557166,0.7560710053197387
Oc1ccc2c(c1)Cc1c(cc3ccoc3c1OC)C2=O,-14.574518163667449,568,False,2.6778297742783224,0.5809919360106969
Brc1ccc2c(c1)Cc1c(cc3c(n1)OCO3)C2=O,-14.602159663499949,569,False,2.8593804120559856,0.6393734390469749
c1ccc2c(c1Cl)Cc1c(cc(O)cc1OC)C2C=C,-14.6124326049962,570,False,3.338016943233873,0.8352745788233038
c1(O)ccc2c(c1)Cc1c(cc(OC)cc1)C2=O,-14.643349269134347,571,False,2.049358412417254,0.7106119890478985
Fc1cc2c(cc1)Cc1c(c(C)c(O)cc1C)C2,-14.65151632030154,572,False,2.5595760413765305,0.6377515865844194
C[N+](C)(C)c1ccc2c(c1)Cc1c(cc(O)cc1OC)C2,-14.652857137404595,573,True,2.9985006496098876,0.732798929887418
Clc1c2c(ccc1)Cc1c(c(Cl)c(O)c(OC)c1OC)C2,-14.680594802734063,574,False,2.809238050140392,0.766936165605065
Brc1cc2c(cc1)CCc1c(c(Br)c(OC)cc1OC)C2=O,-14.688403982175371,575,False,2.485257783416266,0.7069928562544617
Brc1cc2c(cc1)Cc1c(cc(CC)cc1)C2,-14.74280200252622,576,False,2.203208183096443,0.617612959658251
c1ccc(Cl)cc1-c1ccc2c(c1)Cc1c(cc(O)cc1O)C2,-14.776318152547477,577,False,2.4014677450018063,0.5223144685115209
CC(Cc1ccc2c(c1)Cc1c(ccc(O)c1OC)C2)C,-14.817435335485357,578,False,2.4715719124791047,0.7835901226507023
Brc1ccc2c(c1)Cc1c(cc(OCCBr)cc1OC)C2=O,-14.822638729424284,579,False,2.501750156194202,0.5820466643190582
c1ccc2c(c1)Cc1c(c(OC)c(OC(=O)C)cc1OC)C2,-14.823399914843918,580,False,2.4683652926706277,0.5503060337467068
Brc1cc2c(cc1Br)Cc1c(cc(C)cc1OC)C2=O,-14.864469024786231,581,False,2.5383043268599685,0.5982642561021692
O=C(c1ccc2c(c1)-c1c(cc(OC)cc1OC)C2)O,-14.874542642487256,582,False,2.1225822789079203,0.7945844282767255
[N+](c1cc2c(cc1O)Cc1c(cc(O)cc1OC)C2)#[C-],-14.874550847329829,583,False,3.1576787074793495,0.6658394876226831
O=C(OC)c1ccc2c(c1)Cc1c(c(O)ccc1O)C2,-14.88615631451151,584,False,2.4089157953914384,0.5260378406566532
Brc1ccc2c(c1)/C(=C\c1cc(OC)c(O)cc1)CC2,-14.945894525400035,585,False,2.2327247022740284,0.8679068015438189
[O-][N+](COc1ccc2c(c1)Cc1c(cc(O)cc1OC)C2=O)=O,-14.976203117792934,586,False,2.8171152537430633,0.4497578323560968
Clc1cc2c(cc1Cl)OCc1c(cc(O)cc1)C2,-14.98295526273435,587,False,2.3629113535937236,0.7844553799845635
Brc1ccc2c(c1)Cc1c(c(OC)cc(OC)c1OCC)C2,-15.01295183350237,588,False,2.5055422157475498,0.6894632791255023
Brc1ccc2c(c1)Cc1c(c(Br)ccc1OCCC)C2=O,-15.03866141953199,589,False,2.44015287727702,0.5984146524739546
Fc1cc2c(cc1)Cc1cc(O)c(O)cc1OC2,-15.058182970341818,590,True,2.410392801557526,0.7025543856982698
Brc1ccc2c(c1OC)Oc1c(cc(O)cc1OC)CC2,-15.061702450703253,591,False,2.6370240637176963,0.8864480274452478
Fc1cc2c(cc1)Cc1c(cc(OC)cc1O[C@@H]1O[C@H](CO)[C@@H](O)[C@H](O)[C@H]1O)C2,-15.09264329182895,592,False,3.9036521229071264,0.4999432730039624
c1ccc2c(c1O)c1c(c(OC)c(OC)cc1)o2,-15.10656266587469,593,False,2.2317801318742685,0.7509629457126752
Cc1ccc2c(c1)Cc1c(cc(Cl)cc1OC)CC2,-15.181363452904748,594,False,2.2275463794219537,0.7500549639750624
Oc1cc2c(cc1)Cc1c(c(O)cc3c1OCO3)C2,-15.195071200251846,595,False,2.7814769155524885,0.6477586064617433
Oc1ccc2c(c1)CCc1c(cc(O)cc1OCCCCC)C2,-15.197629555446838,596,False,2.425967045701107,0.8067021222070216
c1ccc2c(c1)Cc1c3ccccc3ccc1OCC2,-15.211417367922564,597,False,1.9862734876991297,0.5830855509416392
COc1c(OC)c2c(cc1OC)Cc1c(c(Br)c(O)cc1OC)C2,-15.269495072223547,598,False,2.8406845522417647,0.7305811901026095
Brc1cc2c(cc1)Cc1c(cc(OCCN(C)C)cc1OCC#C)C2,-15.29917836613538,599,False,2.78640984939441,0.5863054214234207
COc1ccc2c(c1)Cc1c(cc(O)cc1OCCOCC)C2,-15.320585111653829,600,False,2.4972747380088,0.7091976072415703
c1ccc2c(c1)-c1c(nc(O)cc1)C2,-15.378041515076092,601,False,2.458496345542045,0.579998418320903
Oc1ccc2c(c1)C(CCC)c1c(cc(O)cc1O)C2,-15.400094702936258,602,False,3.2197633718053025,0.7804279358369864
c1ccc2c(c1C(=O)OC)Cc1c(cccc1)C2=O,-15.426766817618244,603,False,1.9855386871142608,0.6251545692386566
Cc1ccc2c(c1)CCc1c(cc(OC)cc1OC)C2=C,-15.437654754103278,604,False,2.3839116777985314,0.8215921612611653
Cc1cc2c(cc1O)-c1c(cccc1OC)C2,-15.459467935260022,605,False,2.241458889532863,0.6896281686693734
Oc1ccc2c(c1)OCc1c(c(O)cc(O)c1)C2,-15.466338942464516,606,False,2.626846195222683,0.6646217529987074
Brc1cc(Br)c2c(c1C)Cc1c(cc(Br)cc1OC)C2,-15.489345638990471,607,False,2.9583689422445847,0.4465698314987806
Oc1cc(O)c2c(c1)Cc1c(cc(OC)cc1C)C2,-15.521705842570212,608,False,2.6605456053532546,0.7035137898604198
Clc1cc2c(cc1)Cc1c(cc(O)c(CCN3CCOCC3)c1OC)C2,-15.567825357576012,609,False,2.709155643309815,0.7604681792199764
Brc1cccc2c1-c1ccc(OC)cc1CC2,-15.58057354083894,610,False,2.05076202925029,0.7633092897731617
Nc1ccc2c(c1)Cc1cccc(O)c1C2,-15.636890977505132,611,False,2.410059177689469,0.5610060541732695
FC(F)COc1cc2c(cc1)Cc1c(cc(OC)cc1OC)C2,-15.64440809108322,612,False,2.5479286487134782,0.7146791462899745
Brc1ccc2c(c1)Cc1c3ccccc3[nH]c1-2,-15.648160616933524,613,False,2.1349127356867097,0.489037662011772
O(C)c1ccc2c(c1)Cc1c(c(OC)ccc1O)C2,-15.64859599916349,614,False,2.3010386871142607,0.7658752735069123
c1ccc2c(c1)C(=O)Nc1c(cc(O)cc1O)C2=O,-15.65613471201968,615,False,2.227675648894619,0.5667728455459556
c1cc(Br)c2c(c1)Cc1c(c(OC)c(O)c(OC)c1)C2,-15.664333540739818,616,False,2.663000136050778,0.7766715737381248
Brc1ccc2c(c1)Oc1c(c(Br)ccc1)CC2,-15.677400567871018,617,False,2.382965168967715,0.6395767644236792
c1ccc2c(c1)Cc1c(ccc(OC)c1SC)C2=O,-15.6851696718592,618,False,2.3428643281399015,0.6660901590046705
COc1cc2c(c(O)c1OC)Cc1c(cccc1OC)C2,-15.709773560426129,619,False,2.4776384053083103,0.8039712503509528
Clc1c2c(ccc1-c1ccc(OC)cc1)Cc1c(cc(O)cc1OC)C2,-15.733400425091771,620,False,2.505754645388816,0.539576140565482
COc1ccc2c(c1)Cc1c(ccc([N+]([O-])=O)c1)C2,-15.738198433128671,621,False,2.1847694563450304,0.5219632343739578
c1cc(Br)c2c(c1)Cc1c(cc(O)c(Cl)c1)C2,-15.738593981478571,622,False,2.570452158763633,0.6561223107075806
Brc1cc2c(cc1OC)Cc1c(cc(CC=C)cc1OC)C2,-15.771211942259017,623,False,2.7053757145068555,0.6294964393587434
Brc1ccc2c(c1)Cc1c(cccc1)C2C=C,-15.775294790198018,624,False,2.9325633733250633,0.6677784694448293
C(c1ccc2c(c1)Cc1c(cc(O)cc1)C2)OC,-15.788320469101564,625,False,2.283440278062921,0.7457244698446729
Oc1ccc2c(c1O)Cc1c(cccc1O)CC2,-15.824747925537965,626,True,2.4749240232769836,0.6219136176642869
Brc1ccc2c(c1)Cc1c3cc(O)ccc3cc(OC)c1C2=O,-15.838546428859331,627,False,2.4636098321454316,0.5392750964434107
[O-][N+](c1ccc2c(c1)Cc1c(c(O)c(O)c(OC)c1OC)C2)=O,-15.853853112763916,628,True,2.8000013114353717,0.4370305135442815
c1cc(O)c2c(c1)Cc1c(cc(O)cc1OS(=O)(=O)O)C2,-15.86796206955708,629,False,2.8657088724215587,0.6233407139851052
COc1ccc2c(c1)Cc1c(ccc(OC)c1O)O2,-15.868021526846178,630,False,2.2210309948065685,0.7669014022495747
C1c2ccc3c(c2CCC1)Cc1c(cc(O)cc1OC)C3(C)C,-15.904766450174408,631,False,2.7761729090685083,0.8396590655473696
[O-][N+](c1cc2c(cc1)Cc1c(cc(O)c(F)c1)C2)=O,-15.938247626120685,632,False,2.5077546039018763,0.5394875759556199
c1c(Br)c2c(cc1O)Cc1c(c(Br)c(O)cc1OC)C2,-15.95660669903836,633,False,3.09831327790892,0.646395923726362
Brc1c(Br)ccc2c1Cc1c(cc(O)cc1OC)CC2,-16.112790976797783,634,False,2.7151333778090194,0.7604217704092116
CCc1c(O)cc2c(c1)Cc1c(cc(O)c(OC)c1OC)C2,-16.117598444171108,635,False,2.7679031806419907,0.7797747754523193
Fc1ccc2c(c1)oc1c(c2=O)ccc(OC)c1,-16.13632432815234,636,False,1.8814072811955356,0.6173276836926778
Brc1c(OC)cc2c(c1)C(=O)c1c(cc(O)cc1)C2=O,-16.14854655294954,637,True,2.207207543643186,0.7437022508845252
c1ccc2c(c1)Oc1c(cc(O)cc1OC(C)=O)C2=O,-16.173911302262496,638,False,2.249462498688141,0.4175406942124499
c1c(OC)cc2c(c1O)Cc1c(cc(O[C@@H]3O[C@H](CO)[C@@H](O)[C@H](O)[C@H]3O)cc1OC)C2,-16.210657365679168,639,False,4.059088798051307,0.3779700014545863
COc1ccc2c(c1OC)Cc1c(cc(OCC=C(C)C)cc1OC)C2=O,-16.24035807061773,640,False,2.623164115684176,0.610739361734636
Brc1ccc2c(c1)Cc1c(c(-c3cc(OC)ccc3OC)ccc1OC)C2,-16.276858532050824,641,False,2.370794093706154,0.4238603871160706
c1ccc2c(c1)Cc1c(cc(OC(=O)NC(C)C)cc1)C2,-16.28900837396273,642,False,2.2464228512014,0.7778788872401246
Brc1cc2c(cc1Br)Cc1c(c(Br)c(OC)cc1OC)C2C,-16.382655600814488,643,False,3.411205658875346,0.5101030264337297
c1ccc2c(c1N)Cc1c(cc(OC)cc1[N+](=O)[O-])C2,-16.40027314587124,644,False,2.6107432679189095,0.4408938401862577
c1ccc2c(c1)Cc1c(cc(OC)cc1)C2(C=O)C,-16.40605987440054,645,False,3.0063238093156706,0.7676265371057598
Nc1ccc2c(c1)Cc1c(cc(O)cc1O)C2N,-16.464690869112488,646,False,3.284314189218965,0.5282270868294103
O=C/C=C/c1c(O)cc2c(c1)Cc1c(cc(O)cc1OC)C2,-16.4894224973699,647,False,3.0329087169882465,0.5759220747819697
c1cc2ccc3c(c2cc1)Cc1c(cc4c(c1OC)OCO4)C3,-16.492312825539585,648,False,2.57135696754397,0.530323407475376
Brc1cc2c(cc1)Cc1c(cc(Cl)cc1OCCCCC)C2,-16.618499555902304,649,False,2.436635445098844,0.4818417963249319
Brc1cc2c(cc1)Cc1c(cc(O)cc1NCC1CC1)C2,-16.61900119145946,650,False,2.6763874665860143,0.7346899377192105
C1c2ccc3c(c2CC[N+]1(C)C)Cc1c(cc(O)cc1OC)C3,-16.658298673836157,651,False,3.2897437966424725,0.7001802260403802
Fc1ccc2c(c1)CC/C(=C\c1cc(OC)c(O)c(OC)c1)C2=O,-16.66041748375642,652,False,2.292960702956723,0.8717621429236122
Fc1ccc2c(c1)Cc1c(cc(OC(C)=O)c(O)c1OC)C2,-16.67877225087534,653,False,2.6340426510076895,0.5839122511795917
Cc1cc2c(cc1)C(=O)c1c(cc(O)cc1OC)C2=C,-16.68216326912085,654,False,2.44382320797885,0.7346390219582657
c1cc(O)ccc1-c1ccc2c(c1)Oc1c(cc(OC)cc1OC)C2,-16.704203267867825,655,False,2.24778777463818,0.5859883501964215
Brc1ccc2c(c1Br)-c1c(cc(OC)c(Cl)c1OC)C2,-16.70771236139268,656,False,2.7715818093774516,0.5507361324137783
Clc1ccc2c(c1)Cc1c(cc(OC)cc1OC(C)=O)C2(C)C,-16.780901522465584,657,False,2.5582342784683387,0.600303172244951
c1c(O)c2c(cc1O)Cc1c(c(Cl)ccc1OC)C2,-16.937594161115072,658,False,2.709869262827855,0.7172067709277926
c1c(C)cc2c(c1C)Cc1c(c(C)c(O)cc1OC)C2=O,-16.93922330837168,659,False,2.623445239865367,0.7431824366031591
[O-][N+](c1cc2c(cc1)Cc1c(cc(C(O)=O)cc1OC)C2)=O,-16.94288047129831,660,False,2.4324471907302634,0.5929939693485703
C(\c1ccc(C)cc1)=C/c1c(O)cc(OC)cc1OC,-16.98831803646766,661,False,2.0605737624244043,0.8565835998142859
COc1cc2c(cc1O)/C(=C/c1ccc(O)cc1OC)c1c(cc(O)cc1OC)C2,-17.028554365666423,662,True,2.730950955815114,0.4677626341910931
c1cc(C=C)ccc1-c1ccc2c(c1)Cc1c(cc(O)cc1O)C2,-17.058112232217837,663,False,2.5450983558294844,0.5521130957420445
Fc1cc2c(cc1C(F)(F)F)Cc1c(cc(O)cc1OC)C2O,-17.065327913423715,664,False,3.3500646801214806,0.7873772334449668
c1cc(F)c2c(c1O)Cc1c(cc(O)c(OC)c1O)C2,-17.072455814145485,665,False,2.896607543643187,0.6382270485500775
Clc1cc2c(cc1)Cc1c(cc(OCC(=O)OC)cc1)C2,-17.08529267401987,666,False,2.200779005047554,0.6957866220458082
Oc1ccc2c(c1)[C@H](c1ccc(O)cc1)c1c(cc(O)cc1OC)[C@@H]2O,-17.096660872553002,667,False,3.356318139307324,0.5687876155029156
FC(F)(c1cc2c(cc1)Cc1c(c(CO)c(O)cc1OC)C2)F,-17.10208197639855,668,False,2.764179333413395,0.7594241540678934
CN(c1cc2c(cc1)-c1c(cc(O)cc1)C2)C,-17.102957256612115,669,False,2.1607761972251716,0.6877822137674303
c1ccc2c(c1)Cc1c(cc(O)cc1CC[N+](C)(C)C)C2,-17.16849721501481,670,False,2.8349513127398627,0.7317895807208411
Brc1ccc2c(c1)Cc1c(cc(O)cc1OC)C2S(=O)(=O)N,-17.172266203256527,671,False,3.3806471973368835,0.8325282937124241
[O-][N+](=O)c1ccc2c(c1)Nc1c(cc(O)cc1O)C2,-17.178386088463412,672,False,2.675703225092006,0.2697226544278607
c1ccc2c(c1)Cc1c(cc(O)c(O)c1OCc1ccco1)C2,-17.186865120244107,673,True,2.616605444615626,0.5656063750193246
C1C=CC2C(=C1)Cc1c(cc(O)cc1OC)C2,-17.261808834304475,674,False,3.7618095271712177,0.748639279013455
Clc1ccc2c(c1)C(c1ccc(O)cc1)N(C)CC2,-17.267446140740063,675,False,2.5105212452131074,0.8577618072326028
c1ccc2c(c1)Cc1c(c(Cl)c3c(c1)OCO3)C2=O,-17.272585315164775,676,False,2.4979177547133293,0.6303503807288311
Clc1ccc2c(c1)c1c(cc(OC)cc1Cl)cc2,-17.280106059814003,677,False,1.9796932540462129,0.5476506340761343
c1ccc2c(c1Cl)Oc1c(ccnc1OC)C2,-17.311729406380977,678,False,2.649687303975565,0.6601313144568907
c1ccc2c(c1O)/C(=C/c1cc(O)c(O)c(OC)c1)CC2,-17.346947272757944,679,True,2.5237766060905784,0.7400100833618678
c1ccc2c(c1)Cc1c(c(CC=C(C)C)c(O)c(CC=C)c1OC)C2,-17.456172527127507,680,False,2.9946609065063132,0.6552392389882528
C1CC1c1ccc2c(c1)Cc1c(c(OC)c(OC)c(OC)c1)C2,-17.463627788713552,681,False,2.466445098417621,0.7263755735207025
Brc1ccccc1C/C=C/c1ccc(O)cc1OC,-17.510125682691978,682,False,2.2028643281399027,0.903828572983938
Brc1ccc2c(c1)Cc1c(cc(OC(CC)=O)cc1OC(=O)C(C)C)C2,-17.54109411901743,683,False,2.729410258694431,0.4512789729167758
COc1cc2c(cc1)Cc1c(nc(OC)cc1OC)C2=O,-17.557869318788562,684,False,2.4622222384243457,0.7383843408788189
C/C(=C\Cc1ccc2c(c1)Cc1c(cc(O)cc1)C2)CCC=C(C)C,-17.618803688812818,685,False,2.747784930651182,0.5578066483669577
c1cc(Cl)c2c(c1)/C(=C/c1ccc(O)cc1OC)CC2,-17.619369752973427,686,False,2.345694742759859,0.8780110125968671
c1ccc2c(c1/C=C/c1cc(OC)c(OC)c(OC)c1)Cc1c(cc(OC)cc1O)C2,-17.623241666122368,687,False,2.679402654651348,0.4420660614290969
c1ccccc1-c1ccc2c(c1)Cc1c(cc(O)cc1OC)/C2=N\C,-17.699698840823913,688,False,2.5361166207920274,0.5906011943602759
Cc1ccc2c(c1[O-])Cc1c(cc(O)cc1OC)C2,-17.729720324269138,689,False,3.0979769551355485,0.7254361363850931
Brc1ccc2c(c1)CC1=C(c3ccccc3CC1)C2=O,-17.741967707574076,690,False,2.4759574399537723,0.6923960787217571
c1ccc2c(c1)C(=O)c1c(c(O)ccc1OCC)CC2,-17.757744364286367,691,False,2.1676550666465,0.9098846103762366
C1CC1c1ccc2c(c1)CCc1c(cc(O)cc1O)C2=O,-17.76522690066895,692,False,2.4597792136525083,0.8422769583049906
COc1cc2c(cc1)Cc1c(cc(O)cc1OC)C(=C)C2,-17.769710374644546,693,False,2.6898318864034856,0.9148441824711698
Brc1ccc(Cc2cc(OC)c(OC)c(OC)c2OC)cc1,-17.77969951214118,694,False,2.013778086064436,0.7713240121467967
c1ccc2c(c1)Cc1c(cc(O)cc1OCCCc1cccc(O)c1)C2,-17.798347428892754,695,False,2.42890135181184,0.5191367677593753
c1ccc2c(c1OCc1ccc(Cl)cc1Cl)Cc1c(cc(O)cc1O)C2,-17.813049477804412,696,False,2.5534546453888165,0.4896034745018491
Brc1cc(C(=O)OCCCC)c2c(c1)Cc1c(cc(O)cc1OC)C2,-17.867333186655756,697,False,2.7018681592535643,0.4974865682351206
c1ccc2c(c1)C(c1cc(OC)c(O)cc1OC)OC2=O,-17.89168798480435,698,False,2.694599885614892,0.8787231937732494
Brc1ccc2c(c1)/C(=C/c1ccc(O)cc1)c1c(c(Br)ccc1O)C2,-17.994518986777194,699,True,2.6077437605536744,0.361310391110435
O1COc2c1cc1c(c2)Cc2c(cc3c(c2OC)O3)C1,-18.02881799964553,700,False,2.895131701519208,0.4974593673741193
c1ccc2c(c1)/C(=N/c1cc(O)ccc1)c1c(cc(O)cc1OC)C2=O,-18.0377373338911,701,True,2.51459185952603,0.5787648001155198
Oc1ccc2c(c1)Cc1c(cc(CC=C(C)C)cc1OC)C2C,-18.17231610060924,702,False,3.2343889977393463,0.811580814319545
Cc1cc2c(cc1)Cc1c(cc(OC)cc1CC=C)C2,-18.18880375333981,703,False,2.6020307751485223,0.643312084662739
Clc1ccc2c(c1Cl)Cc1c(c(O)c([N+]([O-])=O)cc1OC)C2,-18.189033471172152,704,False,2.8481587418021412,0.56279392725822
c1ccc2c(c1Br)oc1c(cc(C=O)cc1OC)c2=O,-18.18993691899975,705,False,2.455703432754074,0.5317534989090789
Clc1cc2c(cc1SC)CCc1c(cc(OC)cc1OC)C2,-18.20910323534919,706,False,2.566780181008097,0.7532948446560008
Clc1ccc2c(c1)Cc1c(cc(O)cc1OC)[C@H]2CC(O)=O,-18.213422698678656,707,False,3.0410657723684107,0.9076660314397902
C(\c1ccc(O)c(O)c1OC)=C/C,-18.326697124139343,708,True,2.4901197500088266,0.6853310912050172
Fc1ccc2c(c1)Cc1c(cc(F)cc1SCC)C2,-18.39606417520839,709,False,2.6911207383963127,0.617711686002729
c1cc2c(cc1)Cc1c(cc(O)cc1OC)/C2=N/CCCC,-18.4024069482314,710,False,2.632892587955988,0.7406570090375587
c1cc(O)c2c(c1)Cc1c(Cc3ccc(O)cc3OC)cc1OC2,-18.40632159281861,711,False,3.115423439441524,0.9060474304066838
Clc1ccc2c(c1)Cc1c(c(Br)c(OC)c(N)c1OC)C2,-18.407122900921152,712,False,2.87964335518018,0.6896113431780462
Nc1ccc2c(c1)c1ccccc1n2C,-18.451200025781887,713,False,1.8164340132583003,0.5505262481826014
FC(F)(Oc1cc2c(cc1)Cc1c(cc(O)cc1OC)C=C2)F,-18.467323847612448,714,False,2.731809965281528,0.7610736762924393
c1ccc2c(c1)Cc1c3ccc(O)cc3c(O)cc1OC2=O,-18.47946917574941,715,False,2.4849101703735705,0.4922132440102804
c1ccc2c(c1CCl)Cc1c(ccc3c1OCO3)C2,-18.51490131125027,716,False,2.7758986687992433,0.6297402172775757
CCc1ccc2c(c1)Cc1c(nc(O)nc1C)C2,-18.537997014713824,717,False,2.8916416703358063,0.7106821806046254
Brc1cc2c(cc1C(OCC)=O)-c1c(cc(O)cc1OC)C2,-18.571565591230183,718,False,2.484756144072003,0.7172273221490681
Oc1ccc2c(c1Br)Cc1c(cc(O)cc1OCCN(CC)CC)C2,-18.578613063788566,719,False,2.9013022251876315,0.6480790492444263
c1ccc2c(c1F)Cc1c(cc(OC)c(OC)c1OC)C2C#N,-18.632942183554803,720,False,3.21000029581627,0.8711209750571651
C1=Cc2c(cccc2)Cc2cc(O)ccc2O1,-18.63370453865093,721,False,2.4927998126097872,0.74321886491996
O=S(Cc1ccc2c(c1)Cc1c(cc(OC)cc1OC)C2=O)(=O)C,-18.63661170654173,722,False,2.39870063615785,0.7253704948548638
c1ccc2c(c1)Cc1c(ccc(Br)c1OC)C2C=O,-18.726927945645627,723,False,3.185918681110543,0.7897452357071273
Brc1ccc2c(c1)[C@@H](C1CCCCC1)c1c(cc(O)cc1O)C2,-18.72699743381236,724,False,3.0677820047323525,0.695308768571105
c1ccc2c(c1F)oc1c(oc(=O)cc1)c2=O,-18.752883003391677,725,False,2.5419636972251727,0.5562546371832412
c1ccccc1C(=O)c1ccc2c(c1O)C(=O)c1c(cc(O)cc1OC)C2,-18.785863256337308,726,False,2.4376978241861984,0.5466845503483588
c1cc2c(c3c1OCO3)Cc1c(cc(SC)cc1)C2,-18.80862297841807,727,False,2.6785082841838577,0.6290590061512955
o1nccc1-c1ccc2c(c1)Cc1c(cc3c(c1OC)OCO3)C2,-18.84671150258123,728,False,2.8982622731124454,0.5647477827303973
Brc1ccc2c(c1)cc1c(cc(OC)cc1OC)c2CCC=C(C)C,-18.85217129041848,729,False,2.476660466945873,0.3523296752180354
Brc1cc2c(cc1Br)/C(=C\c1cc(Br)c(O)c(Br)c1OC)C2=O,-18.86748000159112,730,False,2.981009748159938,0.440586296937993
n1ccc2c(c1CC1CC1)Cc1c(cc(OC)cc1OC)C2,-18.9234369074548,731,False,2.7511497308131307,0.7374272001439091
Brc1cc2c(cc1O)Cc1c(c(Br)c(O)cc1O)C(=O)C2,-18.93191777345204,732,False,3.1034209483673916,0.6154276207000626
c1ccc2c(c1)Cc1c(c(OCCCN(C)C)c(O)cc1OCC)C2=O,-18.96654029664265,733,False,2.58203834088621,0.6594145542923955
FC(F)(c1cc2c(cc1Cl)Cc1c(cc(O)cc1N)C2)F,-18.96711689995624,734,False,2.870460624480753,0.6126609156218326
Clc1cc2c(cc1)Sc1c(cccc1[N+]([O-])=O)C2,-18.9688542529574,735,False,2.598469724634448,0.4917799497970659
Brc1cc2c(cc1)Cc1c(cc(OC)cc1O)CCN2C,-18.970022279886397,736,False,2.485345315347423,0.8521545906795783
c1ccc2c(c1)Cc1c(c(Br)c(O)cc1OC)/C2=N\N,-18.98504150781926,737,False,2.9016756855013277,0.5314979848770945
c1c2c3c(c(O)cc2ccc1)Cc1c(cc(O)cc1O)C3=O,-18.990753415841056,738,False,2.589499039568892,0.4652025142783412
Oc1c(Br)c2c(cc1-c1ccc(O)cc1)Cc1c(cc(O)cc1OC)C2,-19.10091569190041,739,False,2.844383124869351,0.4442980188864735
Brc1ccc(CC)c(C=C)c1OC,-19.111399673158303,740,False,2.552898211547287,0.7840932756285368
C1/C(=C\C=C\C)Cc2c(cc(O)cc2OC)C1,-19.14952654234321,741,False,3.108931966455941,0.8434555579695577
Brc1cc(O)c2c(c1)Cc1c(cc(O)c(-c3ccc(O)c(O)c3)c1OC)C2,-19.22698121012627,742,True,2.950893346453407,0.3539752296025296
N=C(c1ccc2c(c1)oc1c(cc(O)cc1OC)c2=O)N1CCOCC1,-19.277805736237724,743,False,2.6315394686736404,0.4165024174806802
c1ccc2c(c1C)-c1c(cc(O)c(C(O)=O)c1)C2,-19.305459723208543,744,False,2.2710249644534546,0.687113744842951
Fc1ccc2c(c1)Cc1c(cc(OCC(=O)O)cc1OCCN1CCOCC1)C2,-19.30907088501345,745,False,2.580430306136611,0.6562152902825505
Brc1cc(C=O)c2c(c1)Cc1ccccc1OC2,-19.327240311555684,746,False,2.577476668595464,0.7501206192632852
Clc1ccc2c(c1)/C(=C/c1cc(O)ccc1)c1c(cc(O)cc1O)CC2,-19.334743551332863,747,True,2.541924915659086,0.559638932823406
Oc1cc2c(oc1=O)cc1c(cc(O)cc1OC)c2O,-19.33774571692652,748,False,2.645229361825004,0.4637045581175527
c1ccc2c(c1SCC)Cc1c(c(O)ccc1OC)C2=O,-19.380366903805932,749,False,2.5937560063513345,0.7500600575119154
c1ccc2c(c1OCC#C)Cc1c(c(OC)c(O)c(OC)c1)C2,-19.461941494150807,750,False,2.811499772973834,0.7528141142870651
c1(OC)c(O)cc2c(c1O)Cc1c(cc(O)cc1OC)CC2,-19.52343648048091,751,False,2.752788174336819,0.7941389853109824
c1ccc2c(c1Cc1c(c3c(cc1)OCO3)OCO2)C,-19.56780119451108,752,False,3.766552859156013,0.7370058577312729
Clc1cc2c(cc1)Cc1c(cc(O)cc1O)/C2=C/C1CC1,-19.60790330338468,753,True,2.858470999832429,0.6943539000213079
Brc1cccc2c1Cc1c(cc(O)cc1OC(=O)C=C)C2=O,-19.618215692353715,754,False,2.7772118817769194,0.4329217393290995
c1ccc2c(c1Cl)Cc1c(cc(O)cc1/C=N/c1ccccc1)C2,-19.6825299061388,755,False,2.74759104574826,0.496504435429773
c1ccc2c(c1S(N)(=O)=O)Cc1c(c(O)cc(O)c1OC)C2,-19.733168877212208,756,False,2.8642802802636815,0.6577954145851583
C(=C/c1ccc2c(c1C)Cc1c(cc(O)cc1OC)C2)\CO,-19.81786284605346,757,False,2.9841389899410995,0.7800429374871958
Clc1ccc(C2CCCc3c2cc(OC)cc3)cc1OC,-19.857263450674523,758,False,2.4510066913515285,0.8085932810947158
Brc1ccc2c(c1)cc1cc(O)c(C)c(O)c1c2,-20.016462746367324,759,False,2.3296994259919153,0.6013162263758266
C1COCCN1c1ccc2c(c1)Cc1c(cc(O)cc1C(=O)OC)C2,-20.06098619260496,760,True,2.5680666207920275,0.7271830807807448
C1c2ccccc2C=C(c2cc(O)cc(O)c2)C1,-20.0862471387776,761,False,2.397588502914992,0.796732116662923
Brc1ccc2c(c1)Cc1c(cc(OCC(=O)c3cccnc3)cc1OCCC)C2,-20.113222392895352,762,False,2.5932841522904546,0.3530684149477169
c1ccc2c(c1Br)Cc1c(cc(O)cc1OC(CN(C)C)=O)C2=O,-20.159950708185008,763,False,2.7614719648291786,0.5504769168960355
Brc1ccc2c(c1)CC=C(c1cc(Cl)ccc1OC)C2,-20.18286271411944,764,False,2.438364378387389,0.7152326489800898
O[C@H]1[C@@H](O)[C@H](O)[C@H](O)[C@@H](O)[C@@H]1Oc1cc2c(cc1)Cc1c(cc(O)cc1OC)C2,-20.211316006847937,765,False,4.1233137461563505,0.3421646300922959
Brc1ccc2c(c1)CC(O)(c1cc(OC)c(OC)cc1OC)C2=O,-20.222212196171316,766,False,3.0069575532310555,0.8651390282523972
Oc1cc2c(cc1OC)Cc1c(c(NC)c(O)cc1)C2,-20.225120608974063,767,False,2.681966894292536,0.6270308860914359
CN(Cc1cc2c(cc1)Cc1c(cc(O)cc1OC)[C@H]2O)C,-20.32215062321131,768,False,3.151678382708891,0.9138754677172592
c1ccc(O)cc1C1=Cc2c(cc(O)cc2O)OC1=O,-20.370492965397744,769,False,2.286827333852976,0.5910546660911951
Brc1ccc2c(c1)c1c(cccc1OCC(=O)O)C2=O,-20.43723035223229,770,False,2.079790245940888,0.7998733016549779
Brc1cc(C)c2c(c1)Cc1c(c(OCC=C)c(O)cc1OC)C2,-20.440706221954883,771,False,3.0313520325892167,0.681260874703449
Brc1ccc(/C=C\c2cc(Br)cc(OC)c2O)c(OC)c1OC,-20.456721232145128,772,False,2.4993485641826236,0.6516729819037647
OCCc1ccc2c(c1)Cc1c(cc(OC)c(F)c1)C2,-20.461698640964613,773,False,2.3753619492375915,0.7941570859294887
COc1ccc2c(c1)Cc1c(cc(OC(=O)N(CC)CC)cc1OC=C)C2,-20.61606282196703,774,False,2.877229403133569,0.5997073218425044
Brc1ccc2c(c1)Cc1c(cc(O)c(Br)c1OC1CCCC1)C2(F)F,-20.693129621597564,775,False,3.141914752660158,0.5554305038169945
Brc1c2c(cnc1)Cc1c(cc(O)c(Br)c1)C2,-20.715637462307427,776,False,3.04203196645594,0.6655320985267078
Brc1ccc2c(c1)Cc1c(cc(O)cc1O)/C2=C\c1cn(-c2ccccc2)nn1,-20.748360830691468,777,True,2.8398264599827634,0.4034050070618925
Brc1ccc2c(c1)Cc1c(cc(O)c(O)c1F)C2(O)C,-20.793514619373013,778,True,3.4631880970800264,0.6464246005560154
Clc1cc2c(cc1Cl)[C@@H](c1cc(Cl)c(O)cc1)CC2,-20.798310079197137,779,False,2.7422846704670985,0.7439255462000463
Brc1ccc2c(c1)Cc1cc(OC)c(O)cc1OC(=O)c1c(cccc1OC)C2,-20.821534035611776,780,False,3.0271186491009967,0.4407252046119487
C1c2ccccc2OCc2c1c(OC)ccc2OC,-20.92238977966588,781,False,2.1711057267413008,0.8255560658055161
Brc1cc(Cl)c2c(c1OC)oc1c(cc(OC)cc1O)c2=O,-20.950085242751925,782,False,2.717644895648295,0.6731046054047125
CN(CCN(c1ccc2c(c1)CCc1c(cc(O)cc1OC)C2)C)C,-21.107469502949694,783,True,2.61852420320961,0.9073083765813704
Cn1c2c(c(=O)cc(-c3ccccc3)o2)cc1,-21.14131526830357,784,False,2.367680710568971,0.6379422251850145
Brc1cc2c(cc1)Cc1c(cc(O)cc1OC)C2=C=C(CC=C)C,-21.160769561655684,785,False,3.304077120867171,0.4699066510454633
Cc1cc2c(cc1)Cc1c(cc(C)c(=O)s1)C2,-21.18370282292642,786,False,2.856623312609786,0.5913213547426759
c1c2[nH]ccc2cc2c1Oc1c(cc(O)cc1OC)C2,-21.195693724081167,787,False,2.6579197741712797,0.5539583768368761
Fc1cc(Cc2ccc(O)cc2)ccc1F,-21.20903673082944,788,False,1.6720469368867938,0.823108503320012
[O-][N+](Cc1ccc2c(c1)Cc1c(cc(OC)cc1OC)C2=[N+]=[N-])=O,-21.26728116970179,789,True,3.176711104793691,0.3182698926243256
Brc1ccc2c(c1)C(c1ccc(O)cc1O)c1ccccc1C2=C,-21.343844883774864,790,False,2.968587232375441,0.4639978909141423
c1ccc2c(c1Br)Cc1c(c(OS(C(C)C)(=O)=O)c(OC)cc1OC)C2,-21.379403400519024,791,False,2.9762418404929125,0.558847833915636
Brc1ccc2c(c1)Cc1c(cc(OC)cc1OC(=O)CCN1CCN(C(=O)C)CC1)C2,-21.519133835824405,792,False,2.635530801504496,0.4080490252582259
O=C(c1ccc2c(c1)Cc1cnc(O)cc1CC2)O,-21.547606070730183,793,False,2.574992533268107,0.818938667440261
O=C(Nc1ccc2c(c1)Cc1c(ccc(C)c1)C2)OC,-21.58102375432009,794,False,2.181265592962287,0.7302514530738033
c1(OC)c2c(ccc1OC)Cc1c(cc(OC)c(Cl)c1O)C2,-21.597339872357253,795,False,2.666889813681083,0.8012358147865661
Fc1c2ccccc2c2c(c1)Cc1c(cc(OC)cc1OC)O2,-21.633505483344837,796,False,2.4686593533934147,0.5372644972512115
Fc1ccc2c(c1)Sc1c(cc(O)cc1[S+](C)[O-])C2,-21.659061901531004,797,False,3.9857554977530194,0.7001297599266952
c1ccc2c(c1C(=O)c1ccc(C)cc1OC)OCO2,-21.709294530836782,798,False,2.0747400868894132,0.8042823336801705
c12ccccc1[C@](C)(O)Cc1c(cc(O)cc1OC)C2,-21.73882388212772,799,False,3.087228481695411,0.8374153319132965
Brc1ccc2c(c1)c1c(cc(C)c(O)c1OC)c(C)c2,-21.801293848904606,800,False,2.3669342569299,0.6297457100317808
Clc1ccc2c(c1C)Cc1c(occ(O)c1=O)C2,-21.83831101957629,801,False,3.2078446567611456,0.67773853893285
Brc1ccc2c(c1)CC=C(O)c1c(cc(OC)cc1O)C2,-21.84827417223096,802,False,2.72769290335264,0.8125694634084133
c1ccc2c(c1)Cc1c(cc(OCc3nn(-c4ccncc4)nn3)cc1OC)C2,-21.87278314623441,803,False,2.779054724741261,0.4626906712763953
Brc1cc(Br)c2c(c1OC)Cc1c(c4c(cc1OC)OCO4)CC2,-21.893907185422904,804,False,3.007960405799972,0.6601125292385759
c1cc2c(cc1)Cc1c(cc(OS(O)(=O)=O)cc1[N+]([O-])=O)C2,-21.919746154259244,805,False,2.664572285307816,0.450339822854182
O/N=C/c1c(O)ccc2c1Cc1c(ccc(O)c1OC)C2,-21.980516742796222,806,False,3.037375041553421,0.383453891988864
Brc1cc(CO)c(/C=C/c2cc(O)c(O)cc2)cc1O,-21.98627643859072,807,True,2.5990209702166123,0.5120622142912568
c1ccc2c(c1)Cc1c(c(OS(=O)(=O)NC)c(Cl)cc1OC)C2,-22.00330152057782,808,False,2.841990734512295,0.7828599732999497
Brc1cc2c(cc1NCC)Cc1c(cc(OCc3ccccc3)cc1OC)C2,-22.028828061315608,809,False,2.5070178010729176,0.4028486710738369
Oc1ccc2c(c1)Cc1c(c(Br)c([N+](=O)[O-])c(OC)c1OC)C2=O,-22.083987126455668,810,False,2.8332363542858765,0.5411670948834054
Oc1ccc2c(c1)Cc1c(c(Cc3ccccc3)c3ccccc3c1OC)C2=O,-22.12369380991811,811,False,2.395561075367379,0.4631642901372605
c1ccc2c(c1SC(=S)NC)Cc1c(cc(OC)cc1O)C2,-22.1817980645383,812,False,3.091261322447304,0.5556426537668407
Brc1cc2c(cc1)Cc1c(cc(O)cc1OCC)/C2=C/c1ccc(O)cc1OCCC,-22.21350217928,813,False,2.7545683889170824,0.3284030228070624
Brc1c2c(ccc1)/C(=C\c1ccc(O)cc1)OC(C)=C2,-22.233406003556865,814,False,2.74163401401492,0.7937751803175633
COc1ccc2c(c1)Cc1c(cc(OC)c(O[C@@H](C)CCC=C(C)C)c1OC)C2,-22.29079493855829,815,False,3.215516710389302,0.4563367047072227
Brc1ccc2c(c1)Cc1c(cc(O)cc1OC)C2CCCN(C(=O)C)CC,-22.376275535891978,816,False,3.2622019558343043,0.710370592297162
c1c2cc(O)cc(O)c2ccc1-c1cc(Br)c(O)cc1,-22.386738419065665,817,False,2.2259759602266023,0.6198489279620072
c1ccc2c(c1)/C(=C/c1ccc(OC)cc1OC1CCCCC1)c1c(cc(O)cc1OC)C2=O,-22.411890843569864,818,True,2.5965961630666587,0.3842831055869595
COc1ccc2c(c1)Cc1c(cc(OC)cc1OCc1ccc(S(=O)(=O)N3CCN(C)CC3)cc1)C2,-22.49661057078562,819,False,2.5433502386641997,0.3791937706299134
Brc1cc2c(cc1)C(C)[C@@H](CC=C(C)C)c1c(cc(O)cc1OC)C2,-22.571537377918503,820,False,3.619540197561058,0.6109082965508613
Clc1ccc2c(c1)Cc1c(cc(O)c(Br)c1OC)/C2=C/C#CC,-22.698184707533656,821,True,3.235338330666141,0.5813966803872943
c1ccc2c(c1C#N)/C(=C\c1ccc(O)c(O)c1)C(=O)N2,-22.773185665429807,822,True,2.4773004652822355,0.5514626160570505
c1ccc2c(c1)C1=C(C3CCCCC3)Cc3c(cc(O)cc3O1)C2,-22.794581334552305,823,False,3.802815323536531,0.7805714789496182
Brc1ccc(C(C)=O)c2c1OCc1c(cc(OC)cc1OC)C2,-22.815348460722817,824,False,2.7056840037430643,0.7542342671498896
c1ccc2c(c1[C@@H]1O[C@H](CO)[C@@H](O)[C@H](O)[C@H]1O)Cc1c(oc(=O)cc1C)C2,-22.8405326103057,825,False,4.1679156931384505,0.496638833444172
Brc1ccc2c(c1)[C@@H](CO)c1c(c(C(F)(F)F)c(O)cc1OC)C2,-22.946645815813497,826,False,3.4498471175129266,0.7902386075521226
Brc1cc2c(cc1)/C(=C\c1cc(OC)c(O)c(OC)c1)C(=O)/C2=C\c1ccc(OC)cc1,-22.95991189371341,827,True,2.506217127011322,0.4525035451797815
c1c(-c2coc3c2cccc3C#N)ccc(OC)c1,-23.00501080591781,828,False,2.12047663583221,0.6896749997582206
O1COc2c1cc1c(c2O)oc2c(c1C)Cc1c(cc(OC)cc1OC)c2,-23.03989440939722,829,False,3.310250237562298,0.8695375631108847
Oc1c2c(ccc1)O[C@H](c1cc(O)c(O)cc1)[C@H](O)C2=O,-23.213079912315152,830,True,3.212157134924647,0.5920558439617339
c1cc(-c2ccccc2)c2c(c1)Cc1c(cc(CC)cc1O)C2=O,-23.24514152329985,831,False,2.292000696966607,0.5791620435729141
Clc1cc2c(cc1)Cc1ccc(O)cc1OC(=O)C(C=C(C)C)=C2,-23.25310449737381,832,False,3.3373680218668973,0.5926351282705967
Clc1ccc2c(c1)CC1=C(C=C=CC=C1OCC)C2=O,-23.261872754294032,833,False,3.5007676172537865,0.7668472051370188
c1ccc2c(c1)Oc1c(c(C=C(C)C)ccc1)CC2,-23.303065016885768,834,False,2.4238383141538886,0.6916387385769803
COc1cc2c(cc1OC)C(C=C)c1c(cc3occc3c1OC)C2,-23.42939447401068,835,False,3.3179350221555897,0.6486992920271337
COc1cc(O)cc(/C=C/C(=O)c2ccccc2)c1OC,-23.45645504115339,836,False,2.0162962931831476,0.6757764398035883
Brc1cc2c(cc1/C=C/c1ccc(O)cc1F)cc[nH]2,-23.515323033673223,837,False,2.5885489937720045,0.6404535579877976
Oc1ccc2c(c1)Cc1ccc(O)cc1OC(C)=C2COC(=O)C,-23.60482269217124,838,False,2.788903068054312,0.8275733153742597
O=[N+](c1ccc2c(c1)Cc1c(OC)c(Br)c(O)cc1OC)C2=O,-23.661798315640056,839,False,4.021665905882378,0.8252804059159126
c12ccc3c(c1oc(=O)cc3-c1c(O)cc(O)cc1)OCO2,-23.769889541130425,840,False,3.971745560992672,0.6197638050625878
Cc1c2c(cc3c1Cc1c-3cc(OC)cc1OC)CN(C)C2,-23.884030044282557,841,False,2.7869764589237302,0.7217166198333186
Clc1cc2c(cc1)Cc1c(c3c(cc1OC)OC3(C)C)o2,-23.93941698485368,842,False,2.919175823822,0.6534094117591556
Brc1cc2c(cc1)C(c1cc(Br)c(O)c(Br)c1O)c1c(cc(OC)cc1)CC2,-23.982094627514076,843,False,3.143685763511016,0.3628178093982082
Fc1cc2c(c(Cl)c1)Cc1c(cc(OC)cc1OCCBr)C2,-24.017557456866143,844,False,2.802747674804623,0.6030990972483061
c1ccc2c(c1OC)C(=CCc1ccccc1)CCC2,-24.09237303248304,845,False,2.2418654694461964,0.7832542913393414
Brc1ccc2c(c1)Cc1c(cc(O)c(Br)c1O)[C@@H]2CCC=C=C,-24.140653679323123,846,False,3.8514276996624233,0.5994772426703432
Brc1c2ccccc2cc(Cc2ccc(N(C)C)cc2)c1,-24.22906343314389,847,True,1.935724389662937,0.6286517005242449
Clc1c2c(cc3c1SC(=S)S3)Cc1c(cc(OC)cc1OC)C2,-24.50762763213926,848,False,3.1887989445714666,0.4057271201790915
COc1ccc2c(c1)/C(=C\c1ccc(O)cc1)c1c(c(O)ccc1F)C2,-24.538938958255585,849,True,2.4728400923742644,0.5501046025285621
Clc1ccc2c(c1)Cc1c(cc(Cl)c(Cl)c1Sc1ccncc1)C2,-24.566614171408688,850,False,2.8537170849264726,0.3767856513445234
Cc1c(CC=C(C)C)c(OC)c(C)c(O)c1C,-24.612346903042635,851,False,2.54153336505734,0.8052251179064824
FC(c1ccc2c(c1)/C(=C/c1c(O)cc(OC)c(O)c1OC)C2=O)(F)F,-24.6243322699802,852,False,2.706052786166957,0.6371004067880252
Brc1ccc2c(c1)Cc1c(cc(O)c(OC)c1OCCN(C(C=C)=O)C)C2,-24.67299019040945,853,False,2.979194884914945,0.6042365691733274
c1cc(O)c2c(c1)Cc1cccc(O)c1OC(C)CC(C)C2,-24.71050070102549,854,False,3.742021118263861,0.7715085059229394
Fc1ccccc1C#Cc1cc(Br)cc(OC)c1OC,-24.71448337890683,855,False,2.300122114072757,0.772483239065826
Fc1ccc(Cc2ccc(F)c(Cl)c2F)cc1F,-24.760402042909448,856,False,2.122063463668523,0.5591268936307194
c1cc(S(=O)(=O)N2CC(=O)CC2)c2c(c1)Cc1c(cc(O)cc1OC)C2,-24.799264601871585,857,False,2.8652016707070747,0.7575950303502411
Brc1cc2c(cc1)Cc1c(cc(OC(C)=C)cc1OC1CCCCC1)C2,-24.80031061156558,858,False,2.8401753356175057,0.4507190182406172
C1CCc2c1c1c(c(=O)c(OC)cc1)c(OC)cc2,-24.91174130886874,859,False,2.2551591999347735,0.8283210361484324
Fc1ccc2c3c1Oc1c(cc(O)cc1OC)C3=C(C)OC2,-24.97992678658943,860,False,3.0569474266656655,0.7388383611628637
Oc1cc2c(cc1)-c1c(c(OC)ccc1OCc1ccccc1OC)C2,-24.988039413478305,861,False,2.2428301048482755,0.5743068277746476
Oc1ccc2c(c1)Cc1c(cc(O[C@H]3O[C@@H](C)[C@H](O)[C@H](O)[C@@H]3OC(=O)c3ccc(O)cc3)cc1OC)C2,-25.09614831719307,862,False,4.0349884688195345,0.3001778873674192
c1c2ccccc2c2c(c1F)C/C(=C\c1ccccc1O)C2=O,-25.174591602986965,863,False,2.479471940806002,0.6717429485022803
COc1c2c3c(cc1)Cc1c(cc(O)cc1OC)CO[C@@H]23,-25.19485173147541,864,False,3.3052543836592205,0.9208085413134894
Cc1ccc2c(c1C)C(=O)[C@]1(C)c3c(cc(O)cc3O1)C2,-25.20166696218223,865,False,3.4323899274258,0.8041461307304367
C12=C(OC(C)=O)C(OC1=O)Cc1c(cc(O)cc1O)C2,-25.3378004916558,866,False,4.3438508134051546,0.7414032241272027
Brc1cc2c(cc1)C(c1ccc(O)cc1OC)=C(/C=C\c1ccc(O)cc1OC)C2=O,-25.528491886017942,867,False,2.751414048429984,0.4992881175904313
c1ccc2c3c1Oc1c(ccc(N(C)C)c1)OC3=N2,-25.604755092877923,868,False,2.783833279188853,0.7802930965910333
Clc1ccc2c(c1Cl)c1c([nH]c3cnncc13)cc2,-25.646538783828888,869,False,2.72881621625179,0.5146223905544612
Fc1ccc2c(c1F)Oc1c(ccc(O)c1OC)CC2CO,-25.652940028878906,870,False,3.2964433259623576,0.8948084215578429
O=S(C)(c1c2cc(O)c(O)cc2c(O)cc1O)=O,-25.673158532472485,871,True,2.680168617481277,0.5759820903254508
Cc1cc2c(cc1)CC[N+]1(C)c3c(cc(OC)cc3OC)CC1C2,-25.681392796410364,872,True,3.804524450796427,0.7848271194469177
C(c1ccc2c(c1)Cc1c(cc(O)cc1OC)/C2=N\O)=[N+](CC)CC,-25.748687507365503,873,False,3.358771236176642,0.3323286760705064
c1cc(C#Cc2cc3cc4c(cc3o2)OCO4)ccc1Cl,-25.913502663325488,874,False,2.5395972184470583,0.5822664973863467
O(c1ccc2c(c1)C=CCc1c(ccc(O)c1)C2=O)C,-25.97829454200553,875,False,2.349668831828686,0.8617906565129142
Brc1ccc2c(c1)Cc1c(ccc(Cc3onc(C)c3C)c1OC)C2=O,-25.992417588269632,876,False,2.8487987202328906,0.4857585688965354
Brc1ccc(-c2oc3c(c2)C=C(OC)C(=O)C=CC3=O)o1,-25.99504783113173,877,False,2.797763829037123,0.7107584617707284
CC1=CCC2=C[C@@H]3[C@](C)(CCC[C@@]23C)C1=O,-26.10590207524001,878,False,5.408425672141816,0.5647178209245335
c1ccc2c(c1)cc(-c1cc(-c3cc(O)c(O)cc3C)ccc1)o2,-26.110181894598128,879,True,2.123284309006742,0.480978257711483
Brc1ccc2c(c1)O/C(=C\c1ccc(OC)c(O)c1)C(C(C)=O)=C2,-26.352754338698105,880,False,2.7255806799946107,0.8385821926985894
C1(c2ccc3c(c2)CC(C)CC3)=C(O)C(=O)C=C1,-26.48133943998484,881,False,3.0624741530198705,0.8179605401642349
c1ccc2c(c1CN)C(=O)c1c(=O)[nH]ccc1-2,-26.6633732441189,882,False,2.606414658763633,0.6506638938540714
C1CCc2cc3c(cc2OC1)-c1c(cc(OCCN(C)C)cc1OC)C3,-26.8756620128778,883,False,2.5948214894636603,0.6955549719791417
c1coc2c(c1)sc1c(cccc1OC)c2OC,-26.877706245053588,884,False,3.467555366820317,0.8125258661409502
Brc1ccc2c(c1Br)Cc1c(cc(Br)cc1OC)CC2OCC#C,-26.91103822430682,885,False,3.637066988571833,0.4804462582145105
Brc1ccc2c3c1Cc1c(c(O)ccc1OC)C3=CC(O)C2,-27.007153718353948,886,True,3.575688214706611,0.7001717645145333
FC(F)(c1cc(F)c2c(c1)C(=O)c1c(c(Br)c(O)c(Br)c1)C2)F,-27.105521625819733,887,False,2.9036456998338593,0.4742287951105768
Clc1ccc2c(c1)CCCc1c(cc(O)cc1F)/C2=N\OC,-27.19746042829321,888,False,2.692702017236386,0.8049512931649807
Brc1ccc2c(c1)Oc1c(ccc(OC(C)=O)c1)[C@H]2Br,-27.44196696477593,889,False,2.976305954222884,0.387045025148127
Cc1ccc2c(c1)[C@]1(O)c3c(cc(O)cc3O1)[nH]2,-27.485017760950768,890,False,3.4405175919338973,0.6621823633700403
Brc1ccc2c(c1)Cc1c(c(Br)c(OCCN3CCN(C)[C@@H]3CO)cc1O)C2,-27.55256095116215,891,False,3.653905162806948,0.5497842570685298
O1COc2ccc3c(c21)Cc1c(c2c(cc1OC)C=CC(=O)C=C2)OC3,-27.590336305281667,892,False,2.8954219995851176,0.6744289274231825
Brc1cc2c(cc1)Cc1c(=Cc3c(cc(O)c(F)c3)OC)oc1O2,-27.606929088514235,893,False,3.2303092745782527,0.818106205504281
C1(C)(C)OC(=O)c2c(OC)cc(O)cc2C(C)(C)C1,-27.61685547776119,894,False,2.853788328139901,0.7920980540428004
C1(=O)N(c2ncccn2)Cc2cc(F)c(O)cc21,-27.619718290713777,895,False,2.6002371454489293,0.8259747802616454
Brc1cc2c(cc1)c1c(cc3c(c1)sc(=O)n3CC)o2,-27.6974054960192,896,False,2.510286645593867,0.497811221594548
c1ccc2c(c1)Cc1c(c([C@H]3O[C@@H](C)[C@@H](O)[C@@H](O)[C@@H]3OC(C)(C)C)c(O)cc1O)C2,-27.71261061433384,897,False,4.253288897246875,0.514613649918635
FC(F)(F)c1ccc(/C=C/C2=C(O)C(C)=CC2=O)cc1OC,-27.72778853022844,898,False,2.8323390025583333,0.9152096005554784
c1ccc2c(c1)Cc1c(c(OCC)c(Cl)cc1OCCc1ccccc1OCCO)C2,-27.903542184573467,899,False,2.602265242063936,0.3886163615982548
Cc1cc2c(cc1)Cc1c(cc(OC)cc1/N=C/c1cc(F)c(O)c(F)c1)C2,-28.04629776149966,900,False,2.892789628401708,0.4951995943410625
CCc1ccc2c(c1)OCc1c(cc(O)c(-c3nccs3)c1OC)C2=O,-28.23616885689717,901,False,2.7649640008981713,0.7509399600622814
Brc1cccc2c1C(c1cccc(O)c1O)Cc1c(cccc1OC(=O)C)C2,-28.448414047173628,902,True,3.1839088629043193,0.3327601146089703
C1(Br)=C/C(=C\C)C(=O)C(O)=C1,-28.503913386020145,903,False,3.3220003362972292,0.6288050490238392
Clc1c2c(ccc1)o[n+]([O-])c2Cc1cc(O)cc(O)c1,-28.55927474218701,904,False,3.147825685501328,0.7114383704446259
c1cc(-c2ccccc2)c(OC)cc1/C=c1\c2c(cc(O)cc2)[nH]c1=O,-28.664304653561345,905,False,2.133862720232891,0.6854899907235492
c1ccc2c(c1)Cc1c(OCCCN(C)CC)nccc1C2,-28.78966652043951,906,False,2.5761485975713736,0.6526657218746127
CC(c1cc([N+]([O-])=O)c2c(c1O)C(=C)Cc1c(cc(O)cc1OC)C2=O)C,-28.99313554965377,907,False,3.093060577222637,0.6263021916331977
c1ccc2c(c1)C(C=C)(O)C(CC(=O)c1ccccc1)=CC2,-29.00128150880488,908,False,3.238127527007215,0.6863871459832446
Clc1cc2c(cc1)CC1(C(O)=O)C(=Cc3ccc(O)cc31)C2,-29.131492345877646,909,False,3.426415509991972,0.8461598177948171
Brc1c(O)c2c(cc1O)Cc1c(c(/C(=C\C)Br)c(O)cc1OC)C2,-29.2206048746565,910,False,3.5469438099071784,0.5173840047883409
N#C/C=C/c1c(F)cc2c(c1F)Cc1c(cc(OCCN)cc1OCC)C2,-29.23551667923566,911,False,3.2626498484776976,0.6715051698285999
Fc1cc(-c2cccc(-c3cnc(N)cc3)c2)ccc1,-29.278410558903715,912,False,1.8278094293436933,0.7552228067351313
COc1ccccc1-c1cc2c(cc1OC)Cc1c(cc3c(c1OC)CC[C@@H]3C(=O)OC)C2,-29.341999734223364,913,False,3.2991282407037312,0.4021063089622418
OC(=O)c1cc(/C=C/C=C/C(O)=O)c2c(c1OC)Cc1c(cc(O)cc1)C2,-29.39157559987328,914,False,3.034034884914945,0.4729726630230606
Brc1ccc2c(c1)C(=O)c1c(c4c(cc(O)cc4)c(OC)c1O)C2,-29.42453940011012,915,False,2.6197733321186067,0.5165904556153147
Clc1c2c(c(Cl)c1)c(OC)c1sccc12,-29.501648336401587,916,False,3.4847518001225986,0.7319486195694073
Clc1ccc2c(c1)Cc1c(n(C)c(=O)n(-c3cccnc3)c1=O)C2(Cl)Cl,-29.744941755787764,917,False,3.058858335617506,0.5812361279211756
Brc1ccc2c(c1)Oc1c(C(OC)=O)cc(C#CCC)cc1C2,-29.77105853701869,918,False,2.8412370510803413,0.4598096947462584
S1c2ccccc2-c2c1cnc1c2ccc(O)c1C#N,-29.796942960302545,919,False,2.658390065948467,0.5238752866545335
Brc1ccc2c(c1)Cc1c(c(NC[C@H](N(CC)CC)CCC)c(O)cc1OC)C2=O,-29.806340911622897,920,True,3.4617435540746033,0.4157884613876769
Clc1ccn2c1c1c3c(cc(OC)cc3)ccc1[nH]c2=O,-29.877217275963645,921,False,2.5091605435090933,0.5458336835813664
[nH]1nnnc1Sc1cc(-c2c(Cl)cccc2Cl)no1,-29.891852263001,922,False,3.2078226498182243,0.7985820408492785
Brc1cc2c(cc1)Cc1c(cc(O)cc1OCC(Cc1scc(Br)c1C)=O)C2,-30.04745973544496,923,False,3.1650277978272197,0.3514897759712395
c1ccc2c(c1N(C)CCN(C(N)=O)CCO2)C,-30.06297950447518,924,False,3.5353245419077286,0.7514176481916054
c1cc(/C(O)=N\C)c2c(c1OC)C(=O)CCC2,-30.069092056131964,925,False,2.674556270874927,0.6285996276124369
Brc1c2c(cc(OC)c1OC)oc(O)c(C(C)=O)c2=O,-30.236627037012568,926,False,2.7442644165815686,0.86205664165297
C1CCN2c3c(c(O)ccc3CC[C@H]1O)C=CC(C)(C)O2,-30.26023361220723,927,False,4.149527206860195,0.7706159599497647
c1cc(OC)ccc1-c1ccc2c(c1OC)Cc1c(cc(O[C@@H]3O[C@H](CO)[C@@H](O)[C@H](O)[C@H]3O)cc1)/C2=C/C=O,-30.32108719924875,928,True,4.141841241571528,0.2076481148665612
C1(C(=O)OC)=CC2=C(C1=O)CN(C)c1c(cc(O)cc1OC)C2=O,-30.48912843683456,929,False,3.1550827448184204,0.6391706352856291
Brc1ccc2c(c1)Cc1c(cc3c(c1OC)C=O)[C@@H]2CCCC=C3,-30.53093380091821,930,False,4.653650984136229,0.6401355756649442
[C@H]1(c2ccccc2)COc2c(cc[nH]2)C1=O,-30.54018925622336,931,False,3.206831906333157,0.7897557816435636
C#Cc1ccc2c(c1)CC1=C(CC(=O)C=C=CC1OC)C2=O,-30.59680945290169,932,False,4.377293425624726,0.5890416600761361
c1cccc2c1c1c(c(Br)c3c(c1)C(=O)NC=C3)o2,-31.25826704505795,933,False,2.4654346777902525,0.5288275584917476
O[C@]1(C)[C@H](O)[C@@H]2C(C1=O)Cc1c(ccc(O)c1O)C2=O,-31.27063976651289,934,True,4.244513740437246,0.4869889371350816
c1ccc2c(c1Br)Cc1c(c(NC)ccc1OC)C2(CC=C(C)C)C#N,-31.52463129093705,935,True,3.6716460219214806,0.669429952045971
Cc1ccc2c(c1)C(C(CCCCCCC)=O)C(O)=C(OC)C2,-31.52867525897273,936,False,3.2315700073547307,0.6879503365937465
COC(=O)CCc1ccc2c(c1)Cc1c(cc(OCCCc3ccco3)cc1OC)C2,-31.74557384181901,937,False,2.620137549756244,0.2847161768247431
c1ccnc2c1C(Nc1cc(O)c(Br)cc1)CCC2,-31.75804038407118,938,False,2.911999566891428,0.8779860979579323
Clc1cc2c(cc1Cl)Cc1c(cc(O)cc1NC(=O)NS(=O)(NCCC)=O)C2,-32.12121262094891,939,False,2.9613056465607652,0.4827782009564246
COc1c(OC)c(OC)c2c(c1C)Cc1c(cc3c(c1O)C=CC(=O)C=CC3=O)C2,-32.184778078979264,940,False,3.0864345517372644,0.5630963133010537
C(c1ccc2c(c1)C(=S)Nc1c(cc(OC)cc1OC)C2)(O)C,-32.29992115245966,941,False,3.1435690458162693,0.8448872925246755
Brc1cc2c(cc1)CCc1c(cc(O)c(-c3ccc(N4CCN(Cc5ccc(Cl)cc5)CC4)cc3)c1)C2,-32.32192227782346,942,False,2.467785406158159,0.2740563914743383
C(c1ccc(C)cc1)#Cc1c(C(=C)CO)scc1,-32.86404027245851,943,False,2.666185561738521,0.8136962585856642
c1c(Nc2ccc(NCCN(C)C)cc2)ncc(C#N)c1,-33.04645821725049,944,False,2.133890543509093,0.8519824891354298
Brc1cc2c(cc1OC)Cc1c(cc(O)cc1OC)/C2=N\N1Cc2cccnc2C(O)C1,-33.056266304859946,945,False,3.810527535208786,0.4492987599819616
N1=C(/Sc2ccccc2)S/C(=C\c2ccc(OC)c(O)c2O)C1=S,-33.09792170209778,946,True,2.978382577745675,0.4617712399438955
Brc1ccc2c(c1)[C@](O)(c1ccc(OCCC=C(C)C)cc1)CC[C@@H](O)C2,-33.2128665449236,947,False,3.435091221409376,0.3927536857335138
Brc1nc2c(s1)Cc1c(c3c(c(O)c1OC)OC(C#C)CC3)C2,-33.35000006132918,948,False,4.492494204839938,0.6450617511442256
c1c(C(=O)O)c2c(cc1Cl)Cc1c(ccc(O)c1OC)C2CN1CCOCC1,-33.59274520948436,949,False,3.32328004109322,0.8161415574241417
c1ccc(C2=CC(=O)c3c(cc(OC(C)=O)cc3OCC)C2=O)c(C(C)C)c1OC,-33.8348266095455,950,True,2.72760480196896,0.5132087683317464
C1[C@@H](C)C[C@@]2(CC1)Cc1c(cc(O)cc1O)O[C@H]2c1ccc(O)cc1O,-34.02126728685107,951,False,4.411055878196446,0.608654222897591
c1ccc2c(c1)Cc1c(cc(OC3CCCCN3C(=O)c3cc(Cl)c(Cl)cc3OC)cc1C)C2,-34.06352127228516,952,False,3.208187731938729,0.3107346408580798
c1ccc2c(c1)C(=O)c1c(cc(O)cc1/C=C/C(=O)Nc1ccccc1C(OC)=O)O2,-34.08032545719581,953,False,2.4266537036023994,0.2954420771933626
Brc1ccc2c(c1)[C@H]1C(=C/C(=O)c3c1oc(=O)cc3)C(C)(C)O2,-34.2981755131114,954,False,3.5512214496624237,0.7045180811260054
Clc1ccc(CO)cc1-c1ccc2c(c1)c1c([nH]2)C(=O)CC(C)C1=O,-34.54373993055201,955,False,3.10655562577732,0.7175858003839638
c1cc(O)c2c(c1Br)Cc1c(cc(O)c(-c3cccc4nc(CO)ccc34)c1OC)C2,-35.053794093574126,956,False,2.978646360945054,0.3374014897280218
CN1Cc2cccc3c2c2c(cc(O)cc21)cc(O)cc3OC,-35.26232200435413,957,False,3.6581835599560826,0.8405089848613286
Oc1cc2c(cc1)C(c1ccc(O)cc1Cl)CC(Cc1ccsc1)C2=O,-35.31670144382497,958,False,3.4939971727137547,0.6360571413922513
Oc1cc2c(cc1O)C/C(=C/C(c1c(/C=C/c3cc(O)cc(O)c3)cc(OC)cc1O)=O)C2=O,-35.354169155694535,959,True,3.1990660351398743,0.1666405707612384
Clc1ccc2c(c1)Cc1c(F)c(OC)c(F)c(OC)c1NC(=O)c1c-2cc2c(c1)Cc1c(cc(O)cc1OC)C2=O,-35.677069494159326,960,False,3.730226626466065,0.2610329219001184
CCc1ccc2c(c1)Cc1c(cc(O)c(C(=O)/C(=C/C(C)(O)C)C(O)=O)c1OC)C2,-35.819233615244855,961,False,3.2363304429946016,0.2489598634712112
n1c2c(ccc1OC)cc1c(c2OC)N=CNC1,-35.853584064170775,962,False,3.253208917116175,0.8762581027794414
Cc1cc2c(cc1O)OC1C/C(=C\c3ccc(O)cc3)CN(C)C1C2,-36.02384333839291,963,False,3.6908485964493702,0.8362187209527205
O(C)c1cc2c(cc1OC)C1C(Cc3c(OC(C)=O)cc(OC(C)=O)cc31)OC2,-36.206485728748135,964,False,3.5535986246373383,0.5781166862907746
c1ccc(C(=O)c2ccc(CCC)cc2)c2c1sc(OC)n2,-36.32536130500719,965,False,2.233028851692252,0.6517623434286605
[N+](C)(c1ccc2c(c1)OCc1c(cc(OS(c3ccc(C)cc3)(=O)=O)cc1OC)[C@@H]2O)(C)C,-36.37411095964541,966,True,3.4540758153876387,0.4493514639882208
Brc1ccc2c(c1)C=C1c3c(c(O)cc(OC)c3OC)/C(=C/c3ccccc3)C1C2(C)C,-36.46588590496504,967,False,3.5208078902383715,0.4239070857282236
Brc1cc2c3c(c1)Cc1c(cc(OC)cc1OC)OCCO[C@@H]2[C@H](O)CO3,-36.71336344192969,968,False,5.054731415425886,0.778497874843136
C1c2ccc(CCCc3cc(OC)c(OC)cc3)cc2C(=O)c2c1cc(O)cc2CC=C(C)C,-36.89306103426128,969,False,2.713918592423017,0.3194768664331748
Clc1ccc2c3c1Cc1c(cc(O)cc1O)C3C1=CC=C(C2C)C(=O)C=CC1=O,-37.46977553940091,970,False,4.679899849120974,0.4639022752749348
Brc1ccc2c(c1)-c1c(ccc(O)c1OC)/C2=N/Nc1nc(N)c(C(=O)OCCC)cn1,-37.74685775823403,971,True,2.907649434703629,0.26909920791216
COc1ccc2c(c1)C1=C(CC(C)(C)NC1=O)C2(CCOC)C,-38.056737419201,972,False,3.51579449224484,0.9287525477466548
c1ccc2c(c1C[C@@H]1C(O)C=C[C@H](O)[C@H]1O)C(c1ccc(O)cc1)=CC2=O,-38.344591208573576,973,False,4.039978761364007,0.623180440760031
O1C(OC)C2=C(C(=O)C(C)=C(C)C2=O)[C@@H](O)[C@H](O)C1OC,-38.46895088502805,974,True,4.3013433467156075,0.6604951019120707
c1c(Cl)ccc(C2=COc3ccccc3/C2=N/Nc2cc(O)ccc2)c1O,-38.82398625868521,975,False,2.585152589056955,0.4336538248328044
c1ccccc1Oc1cc2c(cc1OC)Cc1c(c(OC)c3c(c1C[N+]([O-])=O)OCO3)C2OC,-39.04270863931292,976,False,3.624571554301932,0.3676180729700107
O=C1NC(=S)N(Cc2cc(F)c(Oc3ccc(F)cc3)cc2)C(C)=C1O,-39.2756967243489,977,False,2.4433198740790463,0.6747061021689854
c1cc(-c2c3c(c4c(cc3)OCO4)csc1C/C=C(\C)CO)C2,-39.88017016520044,978,False,3.540898412205478,0.7352839178502834
Nc1ccc2c(c1)Cc1c(c3c(cc2OC)OC(C)(C)OC3OC)C(=O)CC1,-40.123097078336784,979,False,4.513131437980671,0.787851037097875
C1=C2C(=C/C1=O)C(=N/c1ccco1)CCCC2,-40.35196483412801,980,False,3.4167204279944015,0.7378007211648647
S=c1[nH]c(=O)[nH]c2c1/C(c1cc(OC)c(OC)cc1OC)=C2/OC(C)=O,-40.68723636982713,981,False,2.998491244609923,0.6093441676722041
Oc1c(OCC=C(C)C)cc2oc3c(c4c(=O)oc(-c5cc(OC)ccc5O)cc4cc3OC)c2c1OC,-40.8934590286226,982,False,3.183874573563166,0.2446835854429949
O=Cc1c(OC)cc2c(c1)CCC(c1cc(OC)ccc1O)OC(C)C2(C)C,-41.39294806608109,983,False,3.577492518730047,0.7811392901010574
C1C[C@@H]2[C@@]3(Cc4ccc(O)cc4C1=CC2=O)[C@@H](CN)CO3,-42.11319676678977,984,False,5.354659955109777,0.8227533145748844
c12c(ccc3c1OCO3)C[C@@]1(O)C(C)=C[C@H](C(=O)N1CC=C)C2,-42.484316329372206,985,False,4.864016620363193,0.845888366391629
COc1cc2c(cc1OC)[C@H](/C=C/c1cc3cc(OC)c(OC)cc3o1)OC[C@@H](O)[C@]2(O)C,-42.91865277706847,986,False,4.060834143758576,0.577595132613283
Brc1cc(=O)oc(C(CC)=O)c1OC(=O)/C(=C/c1cc(O)c(Cl)cc1O)CCC=C(C)C,-43.01969099790951,987,False,3.4299295420381544,0.1472333913766884
Brc1cc2c(cc1OC)Cn1c(c(=O)cc(C34CC5CC(CC(C3)C5)O4)cc1)=C2,-43.22996715409499,988,False,5.510819851642278,0.6318366711092152
O=C(c1ccc2c(c1)Cc1c(ccc(-c3ccc(CCCC)c(C(F)(F)F)c3)c1)C2=O)c1ccc(OC)cc1,-47.23738269416765,989,False,2.529076013767602,0.2005998166197562
O=C1C[C@@H](c2[nH]ccc2)[C@]2(C1)Cc1c3c(ccc1)C(=O)OC3(C)CC2,-47.351719230338944,990,False,4.814485448934717,0.8049266900137817
C=C1C[C@@]23COC(=O)C=C2[C@@](C)(C[C@@H]1C(C)(C)C)CCC[C@@]3(CCC=C(C)C)C,-48.39275883945084,991,False,5.666732108616073,0.365239902635795
Brc1ccc2c(c1)CC([C@@H]1[C@H](C[C@@H](/C=C/C=O)N1O)C)=CC2,-49.30693598121434,992,False,4.580976149149544,0.506498290475554
c1ccc2c(c1)c(=O)c1c(cc(N[C@@H]3[C@@H]4CO[C@]3(C(OC)C=C)C4=O)cc1)o2,-52.258485079030095,993,False,4.954795634124375,0.5441894276044111
N1[C@H]2CCC[C@@H]2[C@@H]([C@H]2[C@@]1(C)OC(COC(C)=O)=C/c1ccc(O)cc1O)C2,-52.93630933244685,994,False,4.642666761964362,0.5428399647401705
O=C1C=C2[C@](OC)(OC(c3cc(O)c(OC)cc3)=C1)CCCN2Cc1cc(OC)c(O)c(Br)c1,-53.300506758484175,995,False,3.6869499123302294,0.5675251711084673
C[C@@H]1Cc2c(cc(OC)cc2)CC[C@@]1(C(=C)C)C(=O)CCC(C)C(C)(C)C(=O)O,-54.234230552341714,996,False,4.077806927495806,0.463562032473499
Brc1ccc2c(c1)Cc1c(cc(O)cc1OC(CC(=O)N(NC(C)C)CCNC(=O)Cc1c(OC(C)=O)cccc1C)C)C2,-55.92687489606135,997,False,3.90363705854637,0.1089745581449044
C1C[C@H](O)C(Nc2ncc(-c3n(C(=O)OC)c(=O)n(C)c3C)cc2)=CC[C@@H]1S(=O)(=O)c1cc(Cl)c(O)cc1O,-67.30780630687977,998,False,4.352537196908931,0.3523126014778946
O[C@H]1[C@H](O)[C@@H](O)[C@H](OC(/C(C)=C/CO[C@@H]2CC[C@@H](C)[C@@H](O)[C@H]2O)=O)O[C@@H]1O[C@@H]1OC[C@H]2O[C@@](C)([C@H]2O)[C@@H](O)[C@H](O)[C@@]1(O)O,-72.66803650442489,999,False,6.976259657354981,0.0719859322691509
O[C@@H]1[C@H](O)[C@@H](O)[C@@H](O)[C@@H](CN2C(=O)N(c3ccccc3OC)CC(=O)N[C@H]3[C@@]24S(=O)(=O)[C@@]1(O)CC(=O)C3(C)C)O[C@H]4O,-83.9174298383863,1000,False,7.159277381711438,0.1702255262676779
