SMILES,Score,Compound_ID,PAINS,SA_score,QED
CN1C(=O)CN2C(C1)C1=CC=CC=C3CC4=CC=CC=C4C=C3OC=C12,-5.076166231388939,1,False,4.479415793245698,0.7252455157896356
N1C(=O)CN2C(C1)C1=CC=CC=C3CC4=CC=CC=C4C=C3OC=C12,-5.394056002405705,2,False,4.492454259512241,0.7951267982730746
CCN1C(=O)CN2C(C1)C1=CC=CC=C3CC4=CC=CC=C4C=C3OC=C12,-6.408946002586163,3,False,4.462525482449865,0.7712586586466825
CN1C(=O)CN2C(C1)C1=CC=CC=C3Cc4ccccc4C=C3OC=C12,-6.423525758449628,4,False,4.479415793245698,0.7252455157896356
N1C(=O)CN2C(C1)C1=CC=CC=C3Cc4ccccc4C=C3OC=C12,-6.895408869619132,5,False,4.492454259512241,0.7951267982730746
CN1CCN2C(C1)C1=CC=CC=C3CC4=CC=CC=C4C=C3OC=C12,-7.0139778504672,6,False,4.366338251196234,0.7240826720735601
N1(C)C(=O)CN2C(C1)C1=CC=CC=C3CC4=CC=CC=C4C=C3OC=C12,-7.139209985980415,7,False,4.479415793245698,0.7252455157896356
CCCN1C(=O)CN2C(C1)C1=CC=CC=C3CC4=CC=CC=C4C=C3OC=C12,-7.499328855054046,8,False,4.427880478246221,0.7916300837902025
CN1C(=O)CN2C(C1)C1=CC=CC=C3Cc4c(cccc4)C=C3OC=C12,-7.561887399255298,9,False,4.479415793245698,0.7252455157896356
CN1C(=O)CN2C(C1)C1=CC=CC=C3CC4=CC(=O)C=C4C=C3OC=C12,-7.62787501537322,10,False,4.965482400533146,0.6743667602255213
N1CCN2C(C1)C1=CC=CC=C3CC4=CC=CC=C4C=C3OC=C12,-7.684834388928721,11,False,4.436542791982581,0.7956156494723982
CN1C(=O)CN2C(C1)C1=CC=CC=C3C=CC=CC=C3OC=C12,-7.725954888919674,12,False,4.808276339611632,0.6889451716828756
c1ccc2c(c1)C1=CC=CC=C3CC4=CC=CC=C4C=C3OC=C12,-7.818899753052449,13,False,3.572368567217069,0.6211122490013311
CN1C(=O)CN2C(C1)C1=CC=CC=C3C=C(C)C(=O)C=C3OC=C12,-7.856171928659037,14,False,3.733425144923758,0.7477262187910532
C1(=O)CN2C(C1)C1=CC=CC=C3CC4=CC=CC=C4C=C3OC=C12,-7.859088799505571,15,False,4.519566139761563,0.733462097484691
CN1C(=O)CN2CC=C3CC4=CC=CC=C4C=C3OC=C12,-7.918857304561257,16,False,3.467466319045032,0.7294825720015365
CN1C(=O)CN2C(C1)C1=CC=CC=C3CC4=CC=CC(=O)C=C4C=C3OC=C12,-7.991387935355434,17,False,4.6781470198347135,0.7017127877433751
CN1C(=O)CN2C(C1)C1=CC(=O)C=C3CC4=CC=CC=C4C=C3OC=C12,-8.046823623117419,18,False,4.447039938994685,0.7213064037416484
CN1C(=O)CN2C(C1)C1=CC=CC=C3C=C4C=CC=CC=C4C=C3OC=C12,-8.054011435560838,19,False,4.875382736588131,0.7094536368265291
N1C(=O)CN2C(C1)C1=CC=CC=C3CC4=CC(=O)C=C4C=C3OC=C12,-8.254740628072057,20,False,4.992422393821472,0.7348956556727965
CN1C(=O)CN2C(C1)C1=CC=CC=C3CC4=C(Cl)C=CC=C4C=C3OC=C12,-8.263499475396216,21,False,4.617371748647153,0.6901317765378161
CN1C(=O)CN2C(C1)C1=CC=CC=C3Cc4ccoc4C=C3OC=C12,-8.29305487510102,22,False,4.939615439132325,0.7316245947704241
CN1C(=O)CN2C(C1)C1=CC=CC=C3CC4=CC=CC=C4C=C3OC(C)=C12,-8.38175794515702,23,False,4.460311985333544,0.712495239128369
CN1C(=O)C(C)N2C(C1)C1=CC=CC=C3CC4=CC=CC=C4C=C3OC=C12,-8.469300754019073,24,False,4.789430060002356,0.7125097924261014
C[N+]1(C)C(=O)CN2C(C1)C1=CC=CC=C3CC4=CC=CC=C4C=C3OC=C12,-8.515997816124582,25,False,4.883548080008099,0.6666411808216082
CC(C)N1C(=O)CN2C(C1)C1=CC=CC=C3CC4=CC=CC=C4C=C3OC=C12,-8.531083321089682,26,False,4.493353857441551,0.7517464862775286
c1cc2c(cc1)C1=CC=CC=C3CC4=CC=CC=C4C=C3OC=C12,-8.547040967299893,27,False,3.572368567217069,0.6211122490013311
CN1C(=S)N2C(C1)C1=CC=CC=C3CC4=CC=CC=C4C=C3OC=C12,-8.578845842079318,28,False,4.639658431756139,0.6642154414918544
CN1C(=O)CN2C(C1)C1=CC=CC=C3Cc4ccc(OC)cc4C=C3OC=C12,-8.716517621991457,29,False,4.483923088210783,0.7578487379508814
CN1C(=O)CN2C(C1)c1cccc3cc4ccccc4cc3OC=C12,-8.72916945177532,30,False,3.506568863789859,0.6239915414311161
N1C(=O)CN2C(C1)C1=CC(=O)C=C3CC4=CC=CC=C4C=C3OC=C12,-8.765843913424789,31,False,4.459776029227162,0.7854562011261733
c1cccc2c1C1=CC=CC=C3CC4=CC=CC=C4C=C3OC=C12,-8.854169183985562,32,False,3.572368567217069,0.6211122490013311
CN1C(=O)CN2C(C1)C1=CC=CC=C3CC4=CC(Cl)=CC=C4C=C3OC=C12,-8.932759142513547,33,False,4.552335653972597,0.6901317765378161
CN1C(=O)CN2C(C1)C1=CC=CC=C3Cc4c(cccc4OC)C=C3OC=C12,-8.936403898302174,34,False,4.548991464279158,0.7578487379508814
CN1C(=O)CN2C(C1)C1=CC=CC=C3Cc4cc(Cl)ccc4C=C3OC=C12,-8.959891988850373,35,False,4.552335653972597,0.6901317765378161
CN1C(=O)CN2C(C1)C1=CC=CC=C3Cc4cocc4C=C3OC=C12,-8.962215110301273,36,False,4.986100581387331,0.7316245947704241
CN1C(=O)CN2C(C1)C1=CC=Cc3cc4ccccc4cc3OC=C12,-9.02263591098746,37,False,3.506568863789859,0.6239915414311161
N1(C)CCN2C(C1)C1=CC=CC=C3CC4=CC=CC=C4C=C3OC=C12,-9.072022532061965,38,False,4.366338251196234,0.7240826720735601
CN1C(=O)CN2C(C1)C1=CC(Br)=C3CC4=CC=CC=C4C=C3OC=C12,-9.151488847311173,39,False,4.159579307096001,0.6744051056091389
N1(CC)C(=O)CN2C(C1)C1=CC=CC=C3CC4=CC=CC=C4C=C3OC=C12,-9.174301482002193,40,False,4.462525482449865,0.7712586586466825
CN1C(=O)CN2C(C1)C1=CC[C@H]3CC4=CC=CC=C4C=C3OC=C12,-9.26388973546274,41,False,4.2997505852502105,0.7363587777478816
CN1C(=O)CN2C(C1)C1=CC=CC=C3CC4=CC=CCC4=C3OC=C12,-9.37886490370876,42,False,4.974566545560144,0.6836310139355466
c1cc(OC)ccc1CN1C(=O)CN2C(C1)C1=CC=CC=C3CC4=CC=CC=C4C=C3OC=C12,-9.405706398349196,43,False,4.199161695800196,0.6856004637673551
N1C(=O)CN2C(C1)C1=CC=CC=C3CC4=C(Cl)C=CC=C4C=C3OC=C12,-9.40882264686843,44,False,4.631858303367156,0.767392603151741
FC(F)(F)CN1C(=O)CN2C(C1)C1=CC=CC=C3CC4=CC=CC=C4C=C3OC=C12,-9.410366616751505,45,False,4.540864253288894,0.7003641478703422
CN1C(=O)CCN2C(C1)C1=CC=CC=C3CC4=CC=CC=C4C=C3OC=C12,-9.410986284790866,46,False,4.446744372420652,0.712495239128369
c1cc(F)ccc1N1C(=O)CN2C(C1)C1=CC=CC=C3CC4=CC=CC=C4C=C3OC=C12,-9.413089717432824,47,False,4.253335642008794,0.6633812276429791
CN1C(=O)CN2C(C1)C1=CC=CC=C3Cc4ccc(O)cc4C=C3OC=C12,-9.41341373834986,48,False,4.609424411369046,0.7729886990812079
C1C(=O)CN2C(C1)C1=CC=CC=C3CC4=CC=CC=C4C=C3OC=C12,-9.418750459736543,49,False,4.464380247038229,0.7225986258209033
CN1C(=O)CN2C(C1)C1=CC=CC=C3CC4=CC=CC=C4C=C3SC=C12,-9.432726154162095,50,False,4.50110324263841,0.704192320375595
N1C(=O)CN2C(C1)C1=CC=CC=C3CC(C)=CC=C3OC=C12,-9.468339837199892,51,False,4.84402397017932,0.7452522128306729
CN1C(=O)CN2C(C1)C1=CC=CC=C3Cc4c(O)cccc4C=C3OC=C12,-9.544891889838269,52,False,4.652903109593899,0.7729886990812079
O=C(C)N1C(=O)CN2C(C1)C1=CC=CC=C3CC4=CC=CC=C4C=C3OC=C12,-9.54852158674477,53,False,4.551148729236422,0.7026700977325775
c1cc(Cl)ccc1CN1C(=O)CN2C(C1)C1=CC=CC=C3CC4=CC=CC=C4C=C3OC=C12,-9.704338753537796,54,False,4.229184538545322,0.6213921091330831
N1C(=O)CN2C(C1)C1=CC=CC=C3CC4=CC=CC=C4C=C3OCC12,-9.776969635582644,55,False,4.675484568308674,0.7919186155788809
CN1C(=O)CN2C(C1)C1=CC=CC=C3CC4=C(Br)C=CC=C4C=C3OC=C12,-9.780047888085406,56,False,4.640892458706325,0.6369996542173124
CN1C(=O)CN2C(C1)C1=C(Br)C=CC=C3CC4=CC=CC=C4C=C3OC=C12,-9.803362356834342,57,False,4.579101334445969,0.6376399083766779
CN1C(=O)CN2C(C1)C1=CC=CC=C3CCC4=CC=CC=C4C=C3OC=C12,-9.81271963638575,58,False,4.415273291602736,0.7124952391283691
N1C(=O)CN2C(C1)C1=CC=CC=C3Cc4ccc(OC)cc4C=C3OC=C12,-9.815554638407775,59,False,4.492319250706924,0.8366674432728546
CN1C(=O)CN2C(C1)C1=CC=CCc3cc4ccccc4cc3OC=C12,-9.843441365520462,60,False,4.138272068549341,0.7353991689375103
CN1C(=O)CN2C(C1)C1=CC=CC=C3CC(C)=C(C)C(=O)C=C3OC=C12,-9.885918560481542,61,False,4.782571142366656,0.6738580913852323
N1C(=O)CN2C(C1)C1=CC=CC=C3Cc4c(OC)cccc4C=C3OC=C12,-9.890739650203614,62,False,4.559034927435259,0.8366674432728547
N1C(=O)CN2C(C1)C1=CC[C@H]3CC4=CC=CC=C4C=C3OC=C12,-9.92864511696098,63,False,4.31867123878477,0.7988083583951933
CN1C(=O)CN2C(C1)C1=CC=CC=C3CC4=C(C)C(=O)C=C4C=C3OC=C12,-9.930057614212288,64,False,4.933503532248167,0.6661583235202952
N1C(=O)CN2C(C1)C1CC=CC=C3CC4=CC=CC=C4C=C3OC=C12,-9.932197459114832,65,False,4.7251585807826855,0.7942278011675259
CN1C(=O)CN2C(C1)C1=CC=CC=C3CC4=CC=CC=C4C=C3OC[C@@H]12,-9.941674600442653,66,False,4.677359965703362,0.7237500136065067
N1C(=O)CN2C(C1)C1=CC=CC=C3CC4=CC=CC=C4C=C3SC=C12,-9.943017882666028,67,False,4.514727856185838,0.781438187543476
N1C(=O)CN2[C@@H](C1)C1=CC=CC=C3CC4=CC=CC=C4C=C3OC=C12,-9.94477932517475,68,False,4.492454259512241,0.7951267982730746
N1C(=O)CN2C(C1)C1=CC=CC=C3CC4=CC=C(Cl)C=C4C=C3OC=C12,-9.959731077482502,69,False,4.551009517942054,0.767392603151741
CN1C(=O)CN2C(C1)C1=CC=CC=C3Cc4ccncc4C=C3OC=C12,-9.977904600569689,70,False,4.71515384992586,0.7244255556948841
N1C(=O)CN2C(C1)C1=CC=CC=C3C4=CC=CC=C4C=C3OC=C12,-9.984840370161692,71,False,3.5344746988081504,0.6883578521077816
C(N1C(=O)CN2C(C1)C1=CC=CC=C3CC4=CC=CC=C4C=C3OC=C12)c1ccccc1,-9.987931145598864,72,False,4.188630394356112,0.7124491740125614
[O-][N+](=O)c1ccc2c(c1)C1=CC=CC=C3CC4=CC=CC=C4C=C3OC=C12,-10.00608288824938,73,False,3.7093898896220345,0.5063832121868527
N1C(=O)CN2C(C1)C1=CC=CC=C3CC4=C(Cl)C(=O)C=C4C=C3OC=C12,-10.09989879002569,74,True,5.0005648620716086,0.7147764324175588
CN1C(=O)CN2[C@H](C1)C1=CC=CC=C3CC4=CC=CC=C4C=C3OC=C12,-10.113852100519594,75,False,4.479415793245698,0.7252455157896356
CN1C(=O)C(C)N2C(C1)C1=CC=CC=C3Cc4ccccc4C=C3OC=C12,-10.12221890918137,76,False,4.789430060002356,0.7125097924261014
CN1C(=O)CN2C(C1)C1=CC=CC=C3CC4=CC=CC(OC)=C4C=C3OC=C12,-10.133163821912618,77,False,4.54669915658685,0.7578487379508814
CN1C(=O)CN2C(C1)C1=CC=CC=C3CC4=CC=CC[C@H]4C=C3OC=C12,-10.143624747186564,78,False,5.2494210993066,0.6751578158060693
N1C(=O)CN2C(C1)C1=CC=CC=C3Cc4cc(OC)c(OC)cc4C=C3OC=C12,-10.158986827547778,79,False,4.4809771073159865,0.8415073139288733
N1C(=O)CN2C(C1)C1=CC=CC=C3Cc4c(cccc4OC)C=C3OC=C12,-10.18835494324594,80,False,4.559034927435259,0.8366674432728546
O=CN1C(=O)CN2C(C1)C1=CC=CC=C3CC4=CC=CC=C4C=C3OC=C12,-10.198223479907028,81,False,4.717857322761451,0.7242349251985216
O=S1(=O)CN2C(C1)C1=CC=CC=C3CC4=CC=CC=C4C=C3OC=C12,-10.230039867092271,82,False,4.706647262103874,0.7209981215455296
CN1CC(=O)N2C(C1)C1=CC=CC=C3CC4=CC=CC=C4C=C3OC=C12,-10.241771544031508,83,False,4.469371866120191,0.7252455157896356
C1CN2C(C1)C1=CC=CC=C3Cc4ccccc4C=C3OC=C12,-10.295775782686178,84,False,4.3007138077891405,0.7064622831128318
N1C(=O)CN2C(C1)C1=CCC=C3CC4=CC=CC=C4C=C3OC=C12,-10.298972582393615,85,False,4.55681424377023,0.7990478283870337
CN1C(=O)CN2C(C1)C1=CC=CC=C3CC4=CC=C(O)C=C4C=C3OC=C12,-10.376597761474857,86,False,4.609424411369046,0.7729886990812079
CN1C(=O)CN2C(C1)C1=CC=CC=C3CC4=CC=CC=C4C=C3C=C12,-10.389622063521545,87,False,4.358171814264042,0.7305827361279368
CN1C(=O)CN2C(C1)C1=CC=CC=C3CC(=O)C=C3OC=C12,-10.413772434367305,88,False,4.760929499025474,0.6755269207017063
CN1C(=O)CN2C(C1)C1=CC=CC(=O)C=C3CC4=CC=CC=C4C=C3OC=C12,-10.520764918081127,89,False,4.4889282164159106,0.7024767265366478
Fc1ccccc1N1C(=O)CN2C(C1)C1=CC=CC=C3CC4=CC=CC=C4C=C3OC=C12,-10.523417414930805,90,False,4.284585232843492,0.6633812276429791
CN1C(=O)CN2C(C1)CC1=CC=CC=C3CC4=CC=CC=C4C=C3OC=C12,-10.566481169589691,91,False,4.472768130940614,0.712495239128369
CN1C(=O)CN2C(C1)C1=CC=CC=C3Cc4ccc(C)cc4C=C3OC=C12,-10.590242818698258,92,False,4.533604293025851,0.713174137501719
CN1C(=S)CN2C(C1)C1=CC=CC=C3Cc4ccccc4C=C3OC=C12,-10.631863417131171,93,False,4.708121461261892,0.6534620323250502
CN1C(=O)CN2C(C1)C1=CC=CC=C3CC4=CC=CC=C4C=C3O/C=C12,-10.65468588547084,94,False,4.479415793245698,0.7252455157896356
N1C(=O)CN2C(C1)C1=CC=CC=C3CC4=C(C)C=CC=C4C=C3OC=C12,-10.70421187291504,95,False,4.600924902557439,0.7866570669220471
N1C(=O)CN2C(C1C)C1=CC=CC=C3CC4=CC=CC=C4C=C3OC=C12,-10.718266758995014,96,False,4.83243142319324,0.7864165109924408
CN1C(=O)CN2C(C1)c1ccoc1C2=O,-10.752705910277667,97,False,3.548152673239758,0.6109939165558508
CN1C(=O)CN2C(C1)C1=CC=CC=C3CC4=CC(=O)C(C)=C4C=C3OC=C12,-10.76368545335653,98,False,4.940383452328088,0.6661583235202952
N1C(=O)CN2C(C1)C1=CC=CC=C3CC4=CC=CC[C@H]4C=C3OC=C12,-10.785694926606084,99,False,5.27668082610493,0.7415647440496695
CN1C(=O)CN2C(C1)C1=CC=CC=C3C=C(C#N)C=C3OC=C12,-10.830204164449256,100,False,3.7887864742531105,0.7506084933587939
c1ccccc1N1C(=O)CN2C(C1)C1=CC=CC=C3C=C=CC=C3OC=C12,-10.958802408902612,101,False,4.7978030652152,0.7225563123973242
CN1C(=O)CN2C(C1)C1=CC=C3C=C4C=CC=CC=C4C=C3OC=C12,-10.980639365021505,102,False,3.1021627370222387,0.6239915414311161
CN1C(=O)CN2C(C1)C1=CC=CC=C3CC4=CC=CC=C4C=C3OC(=C)C12,-11.00268635313843,103,False,4.859701065919517,0.7145861237459092
N1C(=O)CN2C(C1)C1=CC=CC=C3CC4=C[C@@H](O)C=C4C=C3OC=C12,-11.061059753636073,104,False,5.404375096033448,0.7063117959157498
CN1C(=O)CN2C(C1)C1=CC=CC=C3CC4=CC=CC=C4C=C3OC(=O)C21,-11.11956007414848,105,False,4.718363787813007,0.6649316188678358
CN1C(=O)CN2CC(C1)C1=CC=CC=C3CC4=CC=CC=C4C=C3OC=C12,-11.200519611011272,106,False,5.146407687134733,0.7135989817008902
C1(=O)CN2C(CO1)C1=CC=CC=C3CC4=CC=CC=C4C=C3OC=C12,-11.216152547096954,107,False,4.554853635811616,0.6849294202998252
c1(=O)[nH]c2c(s1)C1=CC=CC=C3CC4=CC=CC=C4C=C3OC=C12,-11.25624584801102,108,False,4.1076015303806654,0.7825523952167425
N1C(=O)CN2C(C1)C1=CC=CC=C3Cc4ccccc4C=C3OC(=O)C12,-11.333947095903568,109,False,4.715777577039395,0.7271488553203537
N1C(=O)CN2C(C1)C1=CC=CC=C3Cc4ccccc4C=C3SC=C12,-11.381553116865687,110,False,4.514727856185838,0.781438187543476
CN1C(=O)CN2C(C1)C1=CC=CC=C3CC4=CC=CC=C4C=C3OC(OCC)=C12,-11.385011012680494,111,False,4.510508975447855,0.7789907037576885
CCCN1C(=O)CN2C(C1)C1=CC=CC=C3C=CC=CC=C3OC=C12,-11.396650024515113,112,False,4.707045576118627,0.7772781669262762
N1C(=O)CN2C(C1)C1=C(C)C(=O)C=C3CC4=CC=CC=C4C=C3OC=C12,-11.451099077792604,113,False,4.471608554379301,0.7814227141831377
CN1C(=O)CN2C(C1)C1=CC=CC=C3[C@@H](O)C4=CC=CC=C4C=C3OC=C12,-11.452489359769984,114,False,4.849048403197623,0.7724699679562058
C(N1C(=O)CN2C(C1)C1=CC=CC=C3CC4=CC=CC=C4C=C3OC=C12)CCC,-11.454448306656571,115,False,4.388177488699309,0.7808889971733105
c1cc2c(cc1)C1=CC(=O)C=C3CC4=CC=CC=C4C=C3OC=C12,-11.46321888131223,116,False,3.5161874458736246,0.7134632154788003
C1(=O)CN2C(C=O)C=CC=C3CC4=CC=CC=C4C=C3OC=C12,-11.475688316517337,117,False,4.62079321676433,0.7475088944339261
N1=C(N)CN2C(C1)C1=CC=CC=C3CC4=CC=CC=C4C=C3OC=C12,-11.505042489494372,118,False,4.737615382173363,0.7960988644180527
CN1C(=O)CN2C(C1)C1=CC=CC=C3Cc4c(ccc(Cl)c4)C=C3OC=C12,-11.551357128422763,119,False,4.552335653972597,0.690131776537816
CN1C(=O)CN2C(C1)C1=CC=CC=C3Cc4ccc([N+]([O-])=O)cc4C=C3OC=C12,-11.606613841586764,120,False,4.572738162525838,0.5452992781466809
c1ccccc1CN1C(=O)CN2C(C1)C1=CC=CC=C3CC(C)=CC=C3OC=C12,-11.624434040357356,121,False,4.365479570147274,0.7651030638481966
CN1C(=O)CN2C(C1)C1=CCN=C3CC4=CC=CC=C4C=C3OC=C12,-11.63662806932554,122,False,4.632073394875212,0.7292232520290706
N1C(=O)C=C2CC=C3CC4=CC=CC=C4C=C3OC=C12,-11.777701324841471,123,False,3.663691805821686,0.7813078712201154
CN1C(=O)CN2C(C1)C1=CC=CC=C3C=C[C@H](O)C=C3OC=C12,-11.786041896637483,124,False,5.208422623155383,0.7312581068533599
CN1C(=O)CN2C(C1)C1=CC=CC=C3C=C4C=C(Cl)C=C4C=C3OC=C12,-11.833049483200751,125,False,3.668594400533148,0.5799736626508472
CN1C(=O)CN2C(C1)C1=CC=CC=C3CC4=CC=CC=C4C=C3O[C@@H](C)[C@@H]12,-11.927235427850988,126,False,4.911778961578346,0.7131633217157776
COc1c(OC)c(OC)c2c(c1)C1=CC=CC=C3CC4=CC=CC=C4C=C3OC=C12,-11.928985314327406,127,False,3.7590168914559583,0.6782765424321107
CN1C(=O)CN2C(C1)C1=CC=CC=C3CCOC=C3OC=C12,-11.943092407062082,128,False,4.745761710563935,0.6822858511434793
COc1ccccc1N1C(=O)CN2C(C1)C1=CC=CC=C3CC4=CC=CC=C4C=C3OC=C12,-11.97163151390862,129,False,4.244672246713442,0.6899567067954765
CN1C(=O)CN2C(C1)C1=CC=Cc3cc4ccc(OC)cc4cc3OC=C12,-12.024628531544309,130,False,3.578011985333543,0.6567175778852467
CN1C(=O)C(C)N2C(C1)C1=CC=CC=C3C=C4CC=CC=C4C=C3OC=C12,-12.043204950256056,131,False,5.210992190179871,0.7066255014177016
OC(=O)CCN1C(=O)CN2C(C1)C1=CC=CC=C3CC4=CC=CC=C4C=C3OC=C12,-12.079965708791889,132,False,4.4215395910225315,0.8420389095476627
N1C(=O)CN2C(C1)C1=CC=CC=C3Cc4cc(OC)cc(OC)c4C=C3OC=C12,-12.121494356866606,133,False,4.567334250173129,0.8415073139288733
CN1C(=O)CN2C=C1C1=CC=CC=C3CC4=CC=CC=C4C=C3OC=C12,-12.142832746176296,134,False,4.84908142319324,0.7347787799457517
CN1C(=O)CN2C(C1)C1=CC=CC=C3c4ccccc4C(=O)C=C3OC=C12,-12.145902159565622,135,False,3.627338020836502,0.6183741275984296
N1CCN2C(C1)C1=CC=CC=C3Cc4c(cccc4)C=C3OC=C12,-12.17275674267148,136,False,4.436542791982581,0.7956156494723982
N1C(=O)CN2C(C1)C1=CC=CC=C3CC4=CC[C@H](Br)C4C=C3OC=C12,-12.204407431281652,137,False,5.58764369445632,0.5030263897259651
N1C(=O)CN2C(C1)C1=CC=CC=C3CC(C(C)C)=CC=C3OC=C12,-12.27068531965051,138,False,4.887978745159838,0.806879242658753
C(C)(C)N1C(=O)CN2C(C1)C1=CC=CC=C3CC4=CC=CC=C4C=C3OC=C12,-12.28274272877752,139,False,4.493353857441551,0.7517464862775286
[S+]1([O-])C(=O)CN2C(C1)C1=CC=CC=C3CC4=CC=CC=C4C=C3OC=C12,-12.331155265688722,140,False,5.330249844245872,0.6653617386620015
CN1C(=S)CN2C(C1)C1=CC=CC=C3CC4=CC=CC(=O)C=C4C=C3OC=C12,-12.390763100302152,141,False,4.892735054022748,0.637749468899788
CN1C(=O)CN2C(C1)C1=Cc3cc4cc(OC)ccc4cc3C=C12,-12.46231289418212,142,False,3.1057867110297774,0.6452537256621712
CN1C(=O)CN2C(C1)c1cccc3cc4ccc(=O)n(C)c4cc3OC=C12,-12.462866167645204,143,False,3.7799462894909257,0.6177866125221855
CN1C(=O)CN2C(C1)C1=CC=CC=C3C[C@@H](OC)OC=C3OC=C12,-12.55015371826086,144,False,5.1384295185680395,0.7326331739470682
N1C(=O)CN2C(C1)C1=CC=CC=C3Cc4nccnc4C=C3OC=C12,-12.578615987164085,145,False,4.882339498597481,0.779173946626198
N1(CCO)C(=O)CN2C(C1)C1=CC=CC=C3Cc4ccccc4C=C3OC=C12,-12.589618377420264,146,False,4.478462842223706,0.8637142917734812
O1C(=O)CN2C(C1)C1=CC=CC=C3C=C(OC)C(=O)C=C3OC=C12,-12.611110681507853,147,False,3.742984096330407,0.7494803859175752
CN1C(=O)CN2C(C1)[C@@H]1[C@H](OC)C=C3CC4=CC=CC=C4C=C3OC=C12,-12.699916682380731,148,False,4.554098400533148,0.7785043720232504
CN1C(=O)CN2C(C1)C1=CC=CC=C3CC(C)=C(Cl)C(=O)C=C3OC=C12,-12.706961655239922,149,True,4.844446379458332,0.6576165137783418
O1C(=O)CN2C(C1)C1=CC=CC=C3CC4=CC(Cl)=CC=C4C=C3OC=C12,-12.75523156080544,150,False,4.625868019966346,0.6561522220331311
N1(CCC)C(=O)CN2C(C1)C1=CC=CC=C3Cc4ccccc4C=C3OC=C12,-12.758666424557305,151,False,4.427880478246221,0.7916300837902025
CN1C(=O)CN2C(C1)C1=CC=CC=C3CC(C)=C(C)C(OC)=C3OC=C12,-12.825222366162066,152,False,4.830677991681725,0.7274791253353703
N1C(=O)CN2C(C1)C1=CC=CC=C3CC4=CCCC4=C3OC=C12,-12.862411180562049,153,False,4.979559036984497,0.747310292063435
CN1C(=O)CN2C(C1)C1=CC=CC=C3CC4=CC=CC=C4C=C3N(C)C12,-12.90167917523651,154,False,4.7024635284563985,0.7225128247589118
CN1C(=O)CN2C(C1)C1=CC=CC=C3Cc4c(ccc(=O)o4)C=C3OC=C12,-12.91983911445098,155,False,4.861672932079106,0.7061734843311418
CN1C(=O)CN2C(C1)C1CC=CC=C3C=C4CC=CC=C4C=C3OC=C12,-12.927765161803125,156,False,5.136376362464494,0.710189581888559
C1=CC=CC=C2C=C3C=CC=CC=C3OC=C12,-12.992422301875196,157,False,1.721507305822456,0.5387169235373178
CN1C(=O)CN2C(C1)C1=CC=CC=C3C=C(C(=O)C)C(=O)C=C3OC=C12,-13.058479374070984,158,False,3.769503070712284,0.7388200135231934
C[C@@H](CO)N1C(=O)CN2C(C1)C1=CC=CC=C3CC4=CC=CC=C4C=C3OC=C12,-13.07176369966328,159,False,4.7517183011733035,0.8465987574143882
COc1c(OC)c2c(cc1OC)C1=CC=C3CC4=CC=CC=C4C=C3OC=C12,-13.094495327001027,160,False,3.2639955788506967,0.7594218916513125
CN1C(=O)CN2C(C1)c1cc(OC)c(O)cc1C=C2,-13.121260016521788,161,False,3.564618197317606,0.8240797138624494
CN1C(=O)CN2C(C1)C1=CC=CC=C3CC(=O)C=C(OC)C3=C1OC=C2,-13.157313274248764,162,False,4.514749608200066,0.7203599786863562
O1C(=O)CN2C(C1)C1=CC=CC=C3Cc4cc(F)ccc4C=C3OC=C12,-13.169050254977265,163,False,4.635070246686992,0.6742702204268319
CN1C(=O)CN2C(C1)C1=CC=CC=C3CC=C(C#N)C=C3OC=C12,-13.179401882691336,164,False,5.028294464223385,0.6864457117827282
CN1C(=O)CN2C(C1)C1=CC=CC=C3C(C)=C=CC=C3OC=C12,-13.229478906272576,165,False,5.282079481246117,0.6444376534869474
N1C(=O)CN2C(C1)C1=C/C(=C\Br)C=C3CC4=CC=CC=C4C=C3OC=C12,-13.24579411233367,166,False,4.627070449116142,0.6198974286818849
CN1C(=O)CN2C(C1)C1=C=C3CC4=CC=CC=C4C=C3OC=C12,-13.34608477512667,167,False,4.408062361688829,0.6879302123014481
CN1C(=O)CN2C(C1)C1=CC=CC=C3C4=CC=CC=C4C=C3OC(C)=C12,-13.370574110216708,168,False,3.543305169763917,0.6098871332663215
N1=C(O)CN2C(C1)C1=CC=CC=C3C=CC=CC=C3OC=C12,-13.37093102014478,169,False,5.153432220918965,0.7463845102751012
N1C(=O)[C@H](N)N2C(C1)C1=CC=CC=C3CC4=CC=CC=C4C=C3OC=C12,-13.40226252519642,170,False,4.933584864488788,0.7543217257914745
C=CCN1C(=O)CN2C(C1)C1=CC[C@H]3CC4=CC=CC=C4C=C3OC=C12,-13.443357486008608,171,False,4.36625001219291,0.7716698193859801
N1C(=O)CN2C(C1)C1=CC=C3CC4=CCCC=C4C=C3OC=C12,-13.445937071272056,172,False,4.5400507624452295,0.747310292063435
CN1C(=O)CN2C(C1)C1=CC=CC=C3C[C@@H]4[C@H](O)[C@@H](O)C=C4C=C3OC=C12,-13.469934441462115,173,False,5.586651436363496,0.6689280585571155
C1(=O)CN2C(C1)C1=CC=CC=C3CC4=C/C=CC=C4C=C3OC=C12,-13.515165346933372,174,False,4.519566139761563,0.733462097484691
CN1C(=O)/C(=C\c2ccc(O)cc2)N2C(C1)C1=CC=CC=C3CC4=CC=CC=C4C=C3OC=C12,-13.51971540337685,175,False,4.478917304191803,0.6390512715698093
CN1C(=O)CN2C(C1)C1=CC=CC=C3CC4=CC=CC=C4C=C3OC(CCC=C)=C12,-13.556701516150513,176,False,4.630139060518553,0.7096455271178845
CN1C(=S)N2C(C1)C1=CC=CC=C3C=C(OC)C=C3OC=C12,-13.579494666788378,177,False,3.8451932352892104,0.7503792304364244
N1C(=O)CN2C(C1)C1=CC=CC=C3C(C4=CC=CC=C4C=C3OC)=C12,-13.583030225883704,178,False,3.806643664314125,0.8497345897408761
N1CCN2C(C1)C1=CC=CC=C3CC4=CC=CC=C4C(=O)C3OC=C12,-13.596411534628714,179,False,4.64330161612572,0.7918961660560426
N1C(=O)CN2C(C1)C1=CC=CC=C3C=C(Cl)C=C(OC)C=C3OC=C12,-13.617960214782329,180,False,4.930841993399975,0.7844081341275686
N1C(=O)CN2C(C1)C1=CC=CC=C3C=C/C(=C\c4ccccc4)C=C3OC=C12,-13.702630820813283,181,False,4.513963640162176,0.8350764631634289
CN1C(=O)CN2C(C1)C1=CC=CC=C3CC(=O)c4c(O)cccc4C=C3OC=C12,-13.77276230829014,182,False,4.651742981802945,0.7401570149499651
N1C(=O)CN2C(C1)C1=CC=C3C(=O)c4ccccc4C=C3OC=C12,-13.782136845009532,183,False,4.00854246831597,0.7918243228846086
CN1C(=O)CN2C(C1)C1=CC=CC=C3CC4=CCC(Br)=CC=C4C=C3OC=C12,-13.831672149437525,184,False,5.18361368650138,0.5684404358959904
N1C(=O)CN2C(C1)c1ccc3oc4ccccc4c3c1-2,-13.862143499674405,185,False,3.222503351317316,0.6784771327080219
CN1C(=O)CN2C(C1)C1=C(C)[C@H]3CC4=CC=CC=C4C=C3OC=C12,-13.933365973862252,186,False,4.309155879086809,0.7363587777478816
N1C(=O)CN2C(C1)C1=CC=C[C@@H]3c4ccccc4C=C3OC=C12,-13.963652999096666,187,False,4.8012227259937195,0.7994315972510134
c1ccccc1CN1C(=O)CN2C(C1)C1=CC=CC=C3CC4=CC=C(OC)C=C4C=C3OC=C12,-13.96494625759084,188,False,4.230239388107888,0.685600463767355
CN1C(=O)CN2C(C1)C1=CC=CC=C3Cc4ccc(Cl)cc4CC3OC=C12,-13.983686958174118,189,False,4.752812308523066,0.6923252799361458
O1C(=O)CN2C(C1)C1=CC=CC=C3CC(OC)=CC=C3OC=C12,-14.002818572393153,190,False,4.947814571528968,0.695653188189399
N1C(=O)CN2C(C1=O)C1=CC=CC=C3C=C4C=CC=C4C=C3OC=C12,-14.08347692133998,191,False,3.509429137762462,0.642942600957526
N1C(=O)CN2C(C1)C1=CC=CC=C3CC4=C[C@@H](C)CC=C4C=C3OC=C12,-14.128513604358886,192,False,5.290423933314697,0.731953575588284
S1C(=O)CN2C(C1)C1=CC[C@H]3CC4=CC=CC=C4C=C3OC=C12,-14.136206411232706,193,False,4.51410970032323,0.7322270154640008
CN1C(=O)CN2C(C1)C1=CC=CC=C3CCC(C)=CC3=C1OC=C2,-14.147088377387275,194,False,4.4899024300933235,0.6870714558952002
C(#N)CN1C(=O)CN2C(C1)C1=CC=CC=C3CC4=CC(=O)C=C4C=C3OC=C12,-14.217207334028672,195,False,5.069620524108218,0.6597439102619062
N1C(=O)CN2C(C1)C1=CC=CC=C3Cc4cc(OC)ccc4C=C3OC12,-14.218576785075127,196,False,4.727508548699313,0.8451393310013373
c1ccc2c(c1)C1=CC=CC=C3Cc4c(cccc4O)C=C3OC=C12,-14.232264398140671,197,False,3.7647168850585784,0.717867677849881
c1cc2c(cc1)c1cccc3cc4ccccc4cc3c1n2,-14.243136186618417,198,False,1.8746268536902535,0.3569362921197382
C=CCN1C(=O)CN2C(C1)C1=CC(C)=C3CC4=CC=CC=C4C=C3OC=C12,-14.247042694951231,199,False,4.137124299029569,0.7597923816065197
CN1C(=O)C(C)N2C(C1)C1=CC=CC=C3Cc4ccccc4CC3OC=C12,-14.327450877945935,200,False,4.921162393531008,0.7130861039207087
N1C(=O)CN2C(C1)C1=C(Cl)C=C[C@H]3CC4=CC=CC=C4C=C3OC=C12,-14.331026758137114,201,False,4.897554653462319,0.7802419957350293
C1COCCN1CCN1C(=O)CN2C(C1)C1=CC=C3CC4=CC=CC=C4C=C3OC=C12,-14.34310763898975,202,False,3.9013046006087135,0.7544297846298538
n1c(N)ncc2c1C1=CC=CC=C3CC4=CC=CC=C4C=C3OC=C12,-14.34992526819407,203,False,3.959899005640701,0.7976389566730334
CN(C)Cc1cc2c(cc1OC)C1=CC=CC=C3CC4=CC=CC=C4C=C3OC=C12,-14.502260160103106,204,False,3.779192488272935,0.6747311299048762
N1C(=O)CN2C(C1)C1=CC=CC=C3C=C(C(C)C)C=C=C3OC=C12,-14.516056799366195,205,False,5.321086437467532,0.7554562252272157
CN1C(=O)CN2C(C1)C1=CCC=C3CC4=CC=CCC4=C3OC=C12,-14.544918450454148,206,False,5.068766198575988,0.6879363774742292
c1cc(OC)ccc1CN1C(=O)CN2C(C1)C1=CC=CC=C3CC4=CC=CC=C4C=C3OC(C)=C12,-14.61761861715064,207,False,4.203779933134832,0.6419730823028039
c1n(Cc2ccccc2)c2c(n1)C1=CC=CC=C3CC4=CC=CC=C4C=C3OC=C12,-14.68009167930002,208,False,3.6982094113498576,0.556422563688177
CCN1C(=O)CN2C(C1)C1=CC=CC=C3CC4=CC=CC(F)=C4C=C3OC=C12,-14.689287439336113,209,False,4.61018633607403,0.7515376847892364
N1(C)C(=O)CN2C(C1)C1=CC=CC=C3CC4=CC=CC=CC4=C3OC=C12,-14.702082126357707,210,False,4.928940287172823,0.6767900152253132
FC(F)(F)CN1C(=O)CN2C(C1)C1=CC=CC=C3C=C(C)C=CC=C3OC=C12,-14.70799224536438,211,False,4.830494699159608,0.6859176486901323
C1(=O)CN2C3=CC=CC=C4C=CC=CC=C4C=C3OC=C12,-14.725606411226636,212,False,2.900838006488005,0.7362176092186998
CCN1C(=O)CN2C(C1)C1(C)C=CC=C3CC4=CC=CC=C4C=C3OC=C12,-14.730505434592487,213,False,4.827695148759753,0.768548077357531
c1cnccc1CN1C(=O)CN2C(C1)C1=CC=CC=C3C=C4C=C4C=C3OC=C12,-14.74694956490572,214,False,4.586397360318798,0.6741709759003217
N1C(=O)CN2C(C1)C1=C(Cl)C=CC=C3C=C4C(=O)C=CC=C4C=C3OC=C12,-14.75824309852466,215,False,3.832000151014016,0.6473404347258914
CN1C(=O)CN2C(C1)C1=CC=CC=C3C[C@]4(O)C(OC)=CC=C4C=C3OC=C12,-14.769872169737951,216,False,5.397654468270785,0.7553605121711535
CN1C(=O)CN2C(C1)C1=CC=CC=C3CC4=CC[C@@H](Br)C4=C=C3OC=C12,-14.77110748811539,217,False,5.707217989994859,0.4530440394525344
CN1C(=O)CN2C(C1)C1=CC=CC=C3CC(C)=C(C(C)=O)C(=O)C=C3OC=C12,-14.778640210673656,218,False,4.805363390643392,0.654584989287745
CN1C(=S)CN2C(C1)C1=CC=CC=C3CC4=CC=CC=C4C=C3OC(OC)=C12,-14.860105501087672,219,False,4.77570086598856,0.6796224488446774
CN1C(=O)CN2C(C1)C1=CC=C[C@H]3Cc4cc(Cl)ccc4C=C3OC=C12,-14.87253781469191,220,False,4.877142913071783,0.7054616509135132
CN1C(=O)CN2C(C1)C1=CC=CC=C3CC4=CC[C@@H](Cl)[C@H]4C=C3OC=C12,-14.884308089509446,221,False,5.552888856067891,0.4857322219206616
CN1CCN2C(C1)C1=CC=CC=C3Cc4c(cccc4Cl)C=C3OC=C12,-14.89864690526781,222,False,4.509061137375252,0.6875211996303663
CN1C(=O)CN2C(C1)C1=CC=CC=C3CC4=CC=CC=C4C(F)(F)C=C3OC=C12,-14.935281816270631,223,False,4.726450488753827,0.6734536046091177
CN1C(=O)CN2C(C1)C1=CC=CC=C3Cc4c(O)cc(Br)cc4C=C3OC=C12,-14.995147051055213,224,False,4.784555417270611,0.6728540244931864
CN1C(=O)CN2C(C1)C1=CC=CC=C3[C@H](O)C=C(C)C=C3OC=C12,-15.0284733810404,225,False,5.161768019453344,0.7357545369496294
ClCCN1C(=O)CN2C(C1)C1=CC=Cc3cc4ccccc4cc3OC=C12,-15.051957780669907,226,False,3.6418884814761543,0.6087708459803048
CN1C(=O)CN2C(C1)C1=CC=CC=C3CC4=CC=C(OC)C=C4C=C3SC=C12,-15.084914278726515,227,False,4.5042718061595,0.7312899751449601
CN1C(=O)CN2[C@H](C1)C1=CC=CC=C3Cc4ccncc4C=C3OC=C12,-15.095815122300351,228,False,4.71515384992586,0.7244255556948841
N1C(=O)CN2C(CC1)C1=CC=CC=C3Cc4ccoc4C=C3OC=C12,-15.0980350206828,229,False,4.92543658799457,0.7924628116307909
CN1C(=O)[C@H](COC(=O)C)N2C(C1)C1=CC=CC=C3CC4=CC=CC=C4C=C3OC=C12,-15.107744546927291,230,False,4.822660404652179,0.694152289716567
CN1C(=O)CN2C(C1=O)C1=CC=CC(C)=C3CC4=CC=CC=C4C=C3OC=C12,-15.117188082513977,231,False,4.538225417270611,0.6573200228200692
CCN1C(=O)CN2C(C1)C1=CC=CC=C3C=C(C(C)C)OC=C3OC=C12,-15.117394000626518,232,False,4.948787606354354,0.7652057623882962
N1C(=O)N2C(C1)C1=CC=CC=C3CC4=CC=CC=C4CC=C3OC=C12,-15.154094529236318,233,False,4.532297502755485,0.7924262972957168
c1cc(Br)ccc1N1C(=O)CN2C(C1)C1=CC=CC=C3C=CC=C3OC=C12,-15.181633525324372,234,False,3.4029932526543423,0.543559879557401
N1C(=O)CC2N(C1)C1=CC=CC=C3CC4=CC=CC=C4C=C3OC=C12,-15.226862916606478,235,False,4.555139914397897,0.7949327221420989
CN1C(=O)CN2C(C1)C1=CC=CC=C3CC4=C(CC(=O)OC)CC=C4C=C3OC=C12,-15.256954047588836,236,False,4.9765769545411285,0.6626846104018675
CN1C(=O)CN2C(C1)C1=CC(=O)C=C3CC4=CC=CC=C4C=C3OC(OCC)=C12,-15.293759826025235,237,False,4.480537791812214,0.776217832683211
CN1C(=O)CN2C(C1)C1=C(CCC)CC3=CC=CC=C3OC=C12,-15.345934355609655,238,False,3.6947778089281575,0.8418411916514081
C(O)(=O)CCN1C(=O)CN2C(C1)C1=CC=CC=C3CC4=CC=CC=C4C=C3OC=C12,-15.355450066141202,239,False,4.4215395910225315,0.8420389095476628
N1C(=O)CN2C(C1)[C@@H]1CC=C=C3CC4=CC=CC=C4C=C3OC=C12,-15.357766179702594,240,False,5.243249594878747,0.7467829949902279
C1(=O)N2CC=CC=C3Cc4cc(OC)ccc4C=C3OC=C12,-15.362845598128388,241,False,3.843303591567654,0.7473607157565781
CN1C(=O)C(C)N2C(C1)C1=CC=CC=C3C(C(C)C)=CC=C3OC=C12,-15.38315737964878,242,False,4.030616044400148,0.7765151915985046
CN1C(=O)CN2C(C1)C1=CC=CC=C3C[C@H]4/C(=C\c5ccccc5)C(=O)C=C4C=C3OC=C12,-15.399965109492785,243,False,4.984510565160088,0.6265016078880048
CN1C(=O)CN2C(C1)c1ccc3cc(O)ccc3c1C2=O,-15.43366693231475,244,False,3.1033712024336655,0.7965461270392178
CN1C(=O)CN2C(C1)C1=C=CC=C3CC(=C)C=CC=C3OC=C12,-15.438425313506755,245,False,5.3975543064209415,0.6444376534869474
C(N1C2=C(CC1)C1=CC=CC=C3CC4=CC=CC=C4C=C3OC=C12)C,-15.438870957746984,246,False,4.048299213540908,0.7272380704547506
CN1C(=O)CN2C(C1)[C@]1(OC)C=C3CC4=CC=CC=C4C=C3OC=C12,-15.441540181273028,247,False,4.495794127326945,0.7858033130630315
CN1C(=O)CN2C(C1)C1=CC=CC=C3C=C(CCN(CC)CC)C=C3OC=C12,-15.441772202073494,248,False,3.7582127249629185,0.793720943538955
CN1C(=O)CN2C(C1)C1=CC=CC=C3CC4=C(OCC(C)(C)O4)C=C3OC=C12,-15.454631994544812,249,False,5.085581186501381,0.646857578646908
c12c(cccc1)C1=CC=CC=C3CC4=CC=CC=C4C=C3OC(C)=C12,-15.506369461400084,250,False,3.564512727054421,0.5843526682823428
CN1C(=O)CN2C(C1)c1cccc3c1c(=O)cc3OC=C2,-15.516019932262353,251,False,5.349075922120759,0.7240403784413585
C(CN1C(=O)CCN2C(C1)C1=CC=CC=C3CC4=CC=CC=C4C=C3OC=C12)C,-15.554488298890648,252,False,4.391630882364467,0.7640482203443902
[O-][N+](=O)N1C(=O)C(C)N2C(C1)C1=CC=CC=C3CC4=CC=CC=C4C=C3OC=C12,-15.562594930234468,253,False,5.055865077288755,0.5452446523243049
CN1C(=O)CN2C(C1)C1=CC=CC=C3c4c(cccc4)CC[C@H]3OC=C12,-15.569910424077548,254,False,4.607777577039393,0.7241216480620076
CN1C(=O)CN2[C@H](C1)C1=CC=CC=C3CC=CC=C3OC=C12,-15.620560684459647,255,False,4.799078056717782,0.6868794163409009
N1C(=O)Cc2c(C1=O)C1=CC=CC=C3CC4=CC=CC=C4C=C3OC=C12,-15.63964206982962,256,False,4.0421109004639915,0.737086674751455
CN1C(=O)CN2C(C1)C1=CCCC3CC4=CC=CC=C4C=C3NC=C12,-15.65666900010548,257,False,4.682590269900676,0.792342599396428
CN1C(=O)CN2C(C1)C1=CC=CC=C3CC4=CC=CC(Br)=C[C@H]4C=C3OC=C12,-15.710409302377244,258,False,5.4046921819459985,0.5723114626796056
CN1C(=O)CN2C(C1)c1cc(C)ccc1C=C2OC=O,-15.724087918400995,259,False,3.7308916685085975,0.761360619614835
C(/C=C\C)N1C(=O)CN2C(C1)C1=CC=CC=C3CC4=CC=CC=C4C=C3OC=C12,-15.759857942488452,260,False,4.618220746617862,0.7236875904106406
N1=C(OC)CN2C(C1)c1cccc3cc4ccccc4cc3OC=C12,-15.778487865763964,261,False,3.7775230744810546,0.602993589001865
c1(=O)[nH]ccc2ccccc12,-15.797792776080712,262,False,1.764446490143385,0.5986881320129136
CN1C(=O)CN2C(C1)C1=CC=CC=C3C=C4C(CC(=O)C=C4)=C3OC=C12,-15.812046623250382,263,False,4.10198086207161,0.7358683339139986
O=C(CCN1C(=O)CN2C(C1)C1=CC=CC=C3C=C4C=CC=C4C=C3OC=C12)OC,-15.840017819136849,264,False,3.5841098827997193,0.6204304435458915
N1(CC#C)CN2C(C1)C1=CC=CC=C3CC4=CC=CC=C4C=C3OC=C12,-15.86367109609273,265,False,4.710513353580101,0.7284269767402511
c1c2n(C)ncc2cc2c1C1=CC=CC=C3CC4=CC=CC=C4C=C3OC=C12,-15.877947798951991,266,False,3.909362330132532,0.5337479899783144
CN1C(=O)N2C(C1)C1=CC=CC=C3CC(O)=CC=C3OC=C12,-15.88335534776708,267,False,5.007404224300199,0.7475670587487235
CCc1ccn2c1C1=CC=CC=C3CC4=CC=CC=C4C=C3OC=C12,-15.88777777980431,268,False,3.505528111669806,0.4336533349418182
C1CN2C(=CNC1)C1=CC=CC=C3CC4=CC=CC=C4C=C3OC=C12,-15.88939511688659,269,False,3.812283537865232,0.5379099390825512
c1(Br)c[nH]c2ccccc21,-15.931141263225356,270,False,2.0438417804686164,0.6661413067399448
C[N+]1(C)C=Cc2c(C1)C1=CC=CC=C3CC4=CC=CC=C4C=C3OC=C12,-15.9336185687431,271,False,4.506906244593544,0.6153227872588121
N1(C(=O)C(F)(F)F)C(=O)CN2C(C1)C1=CC=CC=C3CC4=CC=CC=C4C=C3OC=C12,-15.976140736905606,272,False,4.637869985301255,0.6376155847513113
N1C(=O)CN2c3cc4ccccc4cc3C12,-15.98159684019629,273,False,3.1097615299010783,0.7185776063374335
COc1cc2c(cc1OC)C1=CC=CC=C3C=C(OC)OC=C3OC=C12,-15.983914971002491,274,False,3.1126390219214795,0.4960072825352808
CN1C2=C(CC1)C1=C(Cl)C=CC=C3CC4=CC=CC=C4C=C3OC=C12,-16.002159783560273,275,False,4.197099512575454,0.6488193451078964
CN1C(=O)CN2C(C1)C1=C=CC=C3Cc4cc(OC)c(O)cc4C=C3OC=C12,-16.024499525206934,276,False,4.952971378809073,0.7626108289057818
CN1C(=O)CN2C(C1)c1ccc(OC)c3cc4cccccc4cc3oc12,-16.036615633578563,277,False,3.1312065475502795,0.6567175778852467
c1c(S(O)(=O)=O)cccc1,-16.054000891017694,278,False,1.4549924435985897,0.6184655094191569
N1(C)CC=CC=C2C=C3OC=C3C=C12,-16.0555626355781,279,False,3.9262224243412938,0.5867187489205914
CN1C(=O)CN2C(C1)C1=CC=CC=C3CC4=CC=CCC4=C3OC[C@H]21,-16.13623657690188,280,False,5.140660870532921,0.6822918580002522
C1(=O)c2ccccc2C(=O)N1C1=CC=C2C=C2OC=C2OC=C12,-16.146205701164163,281,False,3.000850880632572,0.4988911177353191
O1C(=O)C(C)N2C(C1)C1=CC=CC=C3C=C4C(=O)C=CC=C4C=C3OC=C12,-16.15166068495455,282,False,4.0682744387005805,0.5702917509971245
CN1C(=O)CN2C(C1)C1=CC=C[C@H]3Oc4ccncc4C=C3OC=C12,-16.155069002440555,283,False,5.084288057045039,0.7221959892349161
CN1C(=O)CN2C(C1)[C@@H]1CC=CC=C3C=C4[C@H](OC)C=CC=C4C=C3OC=C12,-16.185659089598644,284,False,5.428831287335268,0.7442910657989302
CN1C(=O)CN2C(C1)C1=C/C(=C\Cl)C=C3C=C4CC=CC=C4C=C3OC=C12,-16.24791375368683,285,False,4.780930328528809,0.7069897285466461
O1CCN2C(C1CC)C1=CC=CC=C3CC4=CC=CC=C4C=C3OC=C12,-16.254062247251568,286,False,4.7490115404444095,0.7548977588367084
N1C(=O)CN2[C@@H](C1)C1=CC=CC=C3CC4=CC=CC=CC4C=C3OC=C12,-16.27808389234997,287,False,5.34835040158327,0.7343668463068955
CN1C(=O)CN2C(C1)c1ccc(OC)c3cc4ccncc4cc3nc12,-16.284490482723427,288,False,3.868886406536866,0.7953083781394847
CN1C(=O)C2=CC=C3C=CC(=O)C=C3OC=C12,-16.290742952667713,289,False,2.6840367741482485,0.5851070181899045
CN1C(=O)CN2C(C1)c1ccnc3cc4ccc(Cl)cc4cc3OC=C12,-16.306992213196523,290,False,3.7774639389946856,0.6016985921951878
CCN1C(=O)CN2C(C1)[C@@H]1CC=CC=C3C=CC=CC=C3OC=C12,-16.333223210051074,291,False,4.991429260565174,0.7440438155693249
N1C(=O)N2C(C1)c1cc(OC)c(OC)cc1C=C2OC,-16.383635051635792,292,False,3.44520348169541,0.9130133946196488
CN1C(=O)CN2C(C1)C1=CC=CC(=O)C(OCC)=C3CC4=CC=CC=C4C=C3OC=C12,-16.501679730688934,293,False,4.525932317351227,0.742040623936659
CCN1C(=O)CN2C(C1)C1=CC=CC=C3C=C4C=CC=CC=CC=C4C=C3OC=C12,-16.52558938459697,294,False,3.4293826221293555,0.5404504497562278
N1(C)C(=O)CN2C(C1)C1=CC=CC=C3CC(CC)=CC(=O)C=C3OC=C12,-16.533784114290086,295,False,4.819464529431276,0.7294348918257839
O1[C@H](CO)C2=CC=CC=C3CC4=CC=CC=C4C=C3OC=C12,-16.544974870463193,296,False,4.473618019735534,0.8632253041116565
c1c2c(ccc1)C1=CC=CC=C3CC4=CC[C@H](O)C4C=C3OC=C12,-16.560942937518178,297,False,4.832050028248194,0.7128410678129039
CN1C(=O)CN2C(C1)c1cc(Br)ccc1C=C2C,-16.56183499240983,298,False,3.4613954199881967,0.7355018081729952
CN1C(=O)CN2C(C1)C1=CC=CC=C3CC4=CC=CCC4C=C3OC=C21,-16.620270462153726,299,False,5.2494210993066,0.6751578158060693
CN1C(=O)CN2C(C1)C1=CC=CC=C3C4=CC(Br)=C(Br)C(=O)C=C4C=C3OC=C12,-16.626988176771007,300,False,4.0874277237727,0.4278816896154771
N1(C(OC(C)(C)C)=O)CN2C(C1)C1=CC=CC=C3CC4=CC=CC=C4C=C3OC=C12,-16.676379430786938,301,False,4.4923914447021325,0.627683594913599
CN1C(=O)CN2C(C1)C1=CC=CC=C3CC4=CC=Cc5cocc5[C@]4(O)C3OC=C12,-16.687818609803813,302,False,5.6790522110135075,0.7227948426931312
CCN(CC)C1=C(C)C2=CC=CC=C3CC4=CC=CC=C4C=C3OC=C12,-16.694327691620856,303,False,3.976395329613789,0.7146675025387835
N1C(=O)CN2C(C1)C1=CC=CC(C)=C3C(=O)C=C(C)C=C3OC=C12,-16.722345356341975,304,False,3.93483985080611,0.8092460409295675
CN1C(=O)C2=C(C1)C1=CC=CC=C3CC4=C(C(=O)OC)C=C4C=C3OC=C12,-16.744998206762872,305,False,4.574481580209929,0.675820182403765
CN1C(=O)CNC2=C1C1=CC=CC(C)=C3CC4=CC=CC=C4C=C3OC=C12,-16.7546887563076,306,False,4.227695896662705,0.772478167284621
CN1C(=O)CN2C(C1)C(=O)c1c3ccccc3ccc1O2,-16.754943108968334,307,False,3.3647789990438364,0.7340353843705534
CN1C(=N)CN2C(C1)C1=CC=C(Br)C=C3CC4=CC=CC=C4C=C3OC=C12,-16.803086319226168,308,False,4.905114352197449,0.681710952220175
N1C(=O)CN2C(C1)C1=CC=C(Br)C=C3C=C(Br)C(=O)C(Br)=C3OC=C12,-16.80310062702847,309,False,4.085848586806568,0.555823370248272
CN1C(=O)CN2C(C1)C1=CC=CC=C3Cc4ccccc4C(=C3OC)[C@@]12O,-16.81751031473506,310,False,5.336476303569472,0.8287343619273092
CN1C(=O)CN2C(C1)C1=CC=C3CC(=C)C(=O)C=C3OC=C12,-16.817559709175868,311,False,4.461352978974602,0.6319286566541907
CN1C(=O)CN2C(C1)C1=CC=CC=C3C=C4CC(C)(O)C=C4C=C3OC=C12,-16.817896193511856,312,False,5.3018602605710194,0.7272453779102072
CN1C(=O)CN2C(C1)c1ccc3c(cccc3)c1OC=C2C,-16.855519153677974,313,False,3.304114340194028,0.7487435099993399
CN1C(=O)CN2C(C1)c1cccc3c1-c1ccccc1C2=C3,-16.9056847564989,314,False,3.6543957615641096,0.5924188515997671
CN1C(=O)CN2C(C1)C1=CC=CC=C3C(=O)C=C3OC(C)=C12,-16.915113818729893,315,False,4.697871186370387,0.6755269207017063
C(N1C(=O)CN2C(C1)C1=CC=CC=C3CC4=CC=CC=C4C=C3OC=C12)Cc1c[nH]c2ccccc12,-16.984732497753058,316,False,4.3363563497923145,0.574890358006598
N1C(=O)C(C)N2[C@@H](C1)C1=CC=CC=C3C=C4C=CC=C4C=C3OC=C12,-16.984879901414388,317,False,3.858419774642509,0.67513016885939
CN1C(=O)CN2C(C1)C1=CC=CC=C3CC(OC)=C(OC)C(=O)C3OC=C12,-17.012934750517175,318,False,5.178704211357074,0.7292721779043833
C[S@+]1CCN2C(C1)C1=CC=CC=C3CC4=CC=CC=C4C=C3OC=C12,-17.031473590141104,319,False,5.216390181614287,0.6612280069138149
c1ccccc1C(CCl)N1C(=O)CN2C(C1)C1=CC=CC=C3CC4=CC=CC=C4C=C3OC=C12,-17.032546017224433,320,False,4.741651592954215,0.567529182151843
N1C(=O)CN2[C@H](C1)C1=CC=Cc3c(OC)cccc3C=C12,-17.033933646103833,321,False,3.7823920885772537,0.8526873611535781
N1C(=O)CC2=C(C1)C1=CC=CC=C3CC4=CC=CC[C@H]4C=C3OC=C12,-17.070029910522862,322,False,5.12790477926276,0.7311407620248823
CN1C(=O)CN2C(C1)C1=CC=CC=C3C[C@H]4N(Cc5ccccc5)C(=O)C=C4C=C3OC=C12,-17.16579966684732,323,False,4.934872103621626,0.7109771975165246
CN1C(=O)CN2C(C1)C1=CC=CC=C3Cc4ccccc4C[C@H]3O[C@@H]12,-17.24315389928053,324,False,4.839450649145467,0.7281757172710183
N1C(=O)CN2C(C1)C1=CC=CC=C3C=C(N(C)C)C(=O)c4ccccc4C=C3OC=C12,-17.2648135013078,325,False,4.6930600615171745,0.7672761223520956
CN1C(=O)CN2C(C1)[C@H]1[C@@H](C)C=CC=C3C=C4CC=CC=C4C=C3OC=C12,-17.345832694838478,326,False,5.324925115424499,0.7039614034527562
C1CN2C(C1)C1=CC=CC=C3C=Cc4c(O)cccc4C=C3OC=C12,-17.364937608290347,327,False,4.625712263670246,0.7595191110371737
N1=C(C)CN2C(C1)C1=C(C)C(=O)C=C3CC4=CC=CC=C4C=C3OC=C12,-17.39943899386344,328,False,4.696955631302378,0.7240662377448819
CN1C(=O)N2C(C1)C1=CC=CC=C3CC4=CC=C[C@H](OC(=O)C)C=C4C=C3OC=C12,-17.50229074336677,329,False,5.396568608403557,0.6283844529047754
CN1C(=O)CN2[C@H](C1)C1=CC=CC=C3CC4=CC=CC=C(OC)C4C=C3OC=C12,-17.583927689949647,330,False,5.332236433041436,0.690915884906223
CCN1C(=O)c2c(C1)C1=CC=CC=C3Cc4ccccc4C=C3OC=C12,-17.589136577629702,331,False,4.076775475362776,0.7702430557596216
C1(=O)CN2C(C2)C2=C1C1=CC=CC=C3C=CC=CC=C3OC=C12,-17.599586550652475,332,False,3.8029333594778834,0.5843698663532693
N1C(=O)CN2C(C1)C(C)=CC=C1CC3=CC=CC(=O)C=C3OC=C12,-17.600070912129027,333,False,4.070969988621751,0.7865206395511707
CN1C(=O)CN2C(C1)C1=CC=CC=C3C=C4C=CC=CC=C4CC312,-17.69572936391343,334,False,5.196289040784954,0.6858837279346229
n1c(CC)sc2c1C1=CC=CC=C3CC4=CC=CC=C4C=C3OC=C12,-17.702710889498135,335,False,4.024423953665648,0.6767465732380701
NC(=O)CN1C(=O)CN2C(C1)C1=CC=CC=C3Cc4c(cccc4O)C=C3OC=C12,-17.783011076311624,336,False,4.654803609281737,0.7817669998461996
CN1C(=S)N2C(C1)C1=CC=CC=C3CC4=CC[C@H](C)C4C=C3OC=C12,-17.827305777260335,337,False,5.633556602780872,0.483468372895048
N1C(=O)CN2C(C1)C1=CC=CC=C3CC4=CC=CC=C4C=C3SC2=C1O,-17.838507498338004,338,False,5.1845952228575385,0.7437009978100839
C(F)(N1C(=O)CN2C(C1)C1=CC=CC=C3CC4=CC=CC=C4C=C3OC=C12)F,-17.86512772502101,339,False,4.671345310433004,0.6980832421514004
c1c(O)c(O)cc2c1C1=CC=CC=C3CC4=CC=CC=C4C=C3OC12,-17.874247987929323,340,True,4.1981330366033465,0.6923951505829655
FC1(F)CCN2[C@H](C1)C1=CC=CC=C3CC4=CC=CC=C4C=C3OC=C12,-17.880554143637724,341,False,4.573261744662702,0.6537410318348239
N1C(=O)CN2C(C1C)C1=CC=CC=C3C=C(C=O)C=C3OC=C12,-17.883022202806387,342,False,4.188645000777759,0.8228374943216337
CN1C(=O)CN2[C@](C1)(O)C1=CC(C)=C3CC4=CC=CC=C4C=C3OC=C12,-17.988087808669675,343,False,4.262977882628342,0.780784666499708
CN1C(=O)CN2C(C1)C1=CC=C(C(OC)=O)C=C3C(=O)C=C3OC=C12,-17.996943579761208,344,False,4.749577817575799,0.6446718267630186
O=S(C)(=O)N1C(=O)CN2C(C1)C1=CCC3CC4=CC=CC=C4C=C3OC=C12,-18.006174220252433,345,False,4.396621924916396,0.7396024348113018
N1(C)C(=O)CN2C(C1)C1=CC=CC=C3C=C(C)[C@@H](Cl)C=C3OC=C12,-18.060748099109677,346,False,5.281435440267824,0.6345671433864595
N1(C)C(=O)c2c(cccc2)C2=CC=CC=C3C=C3OC=C12,-18.099277421328253,347,False,3.874178469409536,0.7288029789253792
c1(O)ccc2c(c1)C1=CC=CC=C3C=C(O)c4ccccc4C=C3OC=C12,-18.196781001686816,348,False,2.7453049821244697,0.3422168518371729
N1C2=CC3=CC=CC=C3C=C2OC1,-18.210567213376635,349,False,2.3918646020798313,0.657425123599058
c1ccccc1CN1C2=CC=CC=C3CC4=CC=CC=C4C(O)=C3OC=C12,-18.311434067647557,350,False,3.5837255712189195,0.7511361197737753
C1=CC=CC=CC=C1OC=C,-18.334587322518928,351,False,3.763813797835691,0.5440925266964254
CCCN1C2=CC=CC=C3CC4=CC=CC=C4C(=O)C=C3OC=C12,-18.365982016694037,352,False,3.811345545239047,0.7627836192734818
c1ccccc1CN1C(=O)CN2C(C1)C1=CC=CC=C3C(=O)c4c(occ4C3=O)C=C12,-18.390137944587025,353,False,4.329668505822187,0.5068165466794468
c1ccccc1/C=C/CN1C(=O)CN2C(C1)C1=CC=CC=C3C=C(OC=C12)C=CC=C3OC,-18.42595826578332,354,False,5.354258218751929,0.6947419853666967
CN1C(=O)N2C(C1)c1ccccc1C=C2OCCC,-18.457670933852583,355,False,3.4019315016233636,0.8348226812240426
CN1C(=O)CN2C3=CC=C4C=CC=CC=C4C3=C12,-18.46677114471096,356,False,2.514050633092507,0.5888839409691242
N1C(=O)CN2C(C1)C1=CC=CC=C3Cc4c(OCC(OCC)=O)cccc4C=C3OC=C12,-18.4669731208851,357,False,4.504737115003885,0.7375061378243725
CCN1C(=O)CN2C(C1)C1=CC=CC=C3c4c(cccc4OCC3)C=C12,-18.47594222992484,358,False,3.5991684248246454,0.7905503637717726
c1(C#N)c(N)n2c(n1)C1=CC=CC=C3CC4=CC=CC=C4C=C3OC=C12,-18.52822519007936,359,False,3.7602159611927366,0.4704610781910991
CN1C(=O)C2(NCCC2)N2C(C1)C1=CC=C3CC4=CC=CC=C4C=C3OC=C12,-18.53456729282336,360,False,5.0696426718355125,0.7591929214272393
CN1C(=S)S/C(=C\c2ccc(OC)cc2)N2C(C1)C1=CC=C3CC4=CC=CC=C4C=C3OC=C12,-18.583426961962573,361,False,4.104533114391327,0.4877783654173713
CN1C(=O)CN2C(C1)[C@]1(O)[C@H](O)C=C3Cc4c(cccc4)C=C3OC=C12,-18.64942144506678,362,False,4.710076171842919,0.7165572072767552
CN1C(=O)CN2C(C1)C1=COc3c(cccc3)C12,-18.695729665141712,363,False,3.950349589331565,0.6841426353693585
CN1CCN2C(C1)C1=CC=CC=C3Cc4nncn4C=C3OC=C12,-18.918240819633866,364,False,4.952511968580632,0.7253301775182643
N1C(=O)CCN2C(C1)C1=Cc3cc(O)c(OC)cc3C=C12,-18.921861700770023,365,False,3.1742905375053736,0.8397994337924832
CN1C(=O)CN2C(C1)c1ccc3cc(OC)c(OC)cc3c1C[C@H]2C,-18.95132918378478,366,False,3.527800885568702,0.8427627695950365
CC([C@]1(C)C(=O)CN2C(C1)C1=CC=CC=C3CC4=CC=CC=C4C=C3OC=C12)C,-18.957147112072576,367,False,4.970731249670591,0.6667611824150592
C1(=O)c2c(O)cccc2OC(=O)N1,-19.0370192879974,368,False,2.4356666730857484,0.6040855652524499
C1C(C)N2C(C1)C1=CC=CC=C3C=C4C(=O)C=CC=C4C=C3OC=C12,-19.04458647256251,369,False,3.8371403225877145,0.5741973378521926
CN1C(=O)CN2C(C1)C1=Cc3c(O)cc(OC)cc3C=C1OC2=O,-19.108954333540183,370,False,3.3247184237038656,0.864537398213479
CN1C(=O)CN2C(C1)c1c(c3c(cc1)OCCO3)C=CC=C2,-19.12025506041984,371,False,3.805977389644577,0.7324552630408065
n1ccn2c(=O)[nH]c3cc4ccccc4cc3c12,-19.13723630771041,372,False,2.336340825121088,0.47543608366873
CN1C(=O)CN2C(C1)[C@@]13[C@@H](O)C=C4C=CC=CC=C4C=C1OC=C23,-19.19402630656261,373,False,5.610024959891907,0.7289616884185741
N1C(=O)CCN2C(C1)C1=Cc3c(cc(OC)cc3OC)C=C12,-19.25350224306385,374,False,3.093136318216006,0.9235818600973316
O=[N+]([O-])c1c2c(cc(F)c1)C1=CC=CC=C3CC4=CC=CC=C4C=C3OC=C12,-19.368608231476657,375,False,3.879026854898262,0.4855294137775751
Cn1c(=O)n2nc(C)c3cc4ccccc4cc3c(=O)n12,-19.405606914471733,376,False,2.887590165412613,0.484533299404588
CN1C=C(OC(C)=O)CN2C(C1)C1=CC=CC=C3Cc4ccccc4C=C3OC=C12,-19.42556851663176,377,False,4.753813861579561,0.6691650190641407
CN1C(=O)CN2C(C1)C1=CC=CC=C3C=C4OC=C(C(C)=C4)C=C3OC=C12,-19.450444327478195,378,False,4.872869817312248,0.5939067906250196
n1c(O)nc(N)c2c1oc1ccccc12,-19.468638672580724,379,False,2.7074340132582986,0.5773435504967932
c1ccccc1CN1C(=O)CN2C(C1)C1=CC=C3CC4=C(C(=O)OC)CC=C4C=C3OC=C12,-19.52447229615808,380,False,4.157397000932863,0.6734585573788199
c1(=O)[nH]c2c([nH]1)C1=CC=CC=C3CC4=CC(=O)CC4C=C3OC=C12,-19.580006039216187,381,False,5.0617007040704936,0.7721590383656044
CN1C(=O)CN2C(C1)C1=CC=CC=C3C=C(/C=C(\C)c4ccccc4)C=C3OC=C12,-19.58368053632149,382,False,3.711017044603433,0.5817238608658395
CN1C(=O)CN2CC(C1)c1ccc3c(c1)C=CC=C1OC=C3OC=C12,-19.67946466157811,383,False,5.440006015953477,0.7425529314870822
CN1C(=O)CN2C(C1)C1=CC=CC=C3C=C(Cc4cccnc4C)C=C3OC=C12,-19.70947641795648,384,False,3.7920996347885145,0.6653790832127533
N1C(=O)CN2C(C1)C1=CCC(=O)c3cc4ccccc4cc3OC[C@H]12,-19.71424580411985,385,False,4.183123462735239,0.7479704944135157
CN1C(=O)CN2C(C1)C1=C(CN(C)C)c3cc4ccc(O)cc4cc3OC=C12,-19.74511469267601,386,False,3.8496354451828,0.8700776265166348
c1ccccc1CN1C(=O)CN2C(C1)C1=CC=CC=C3C=C2C=C3SC=C1OC,-19.746546291742614,387,False,4.403534508277688,0.6253580176744888
O1C[C@H](CO)CN2[C@@H]1C1=CC=CC=C3CC4=CC=CC=C4C=C3OC=C12,-19.757472779543605,388,False,4.831067084899955,0.8474296337565935
CN1C(=O)CN2C(C1)C1=CC=CC=C3C(C(F)=O)=CC=C3OC=C12,-19.7852301661667,389,False,3.834552972978056,0.7562186954543121
N1C(=O)CN2C(C1)c1cccc3nccc(c31)C=C2OC,-19.803241081346187,390,False,3.5828326938735957,0.8635860496112515
CN1C(=O)CN2C(C1)C1=CC=CC=C3C4=C(C=O)C=C(C=C4)C=C3OC=C12,-19.81096192819315,391,False,5.534668042164318,0.7246237572580627
CN1C(=O)CN2C(C1)C1=CC=CC[C@H]3C[C@@]4(O)[C@@H](Cl)C=C4C=C3OC=C12,-19.81581699645234,392,False,5.737978346012516,0.6613351075743109
c1c(O)cc2c(c1)C1=CC=C(C)C(=O)OC=C12,-19.865638398667272,393,False,2.455223312609787,0.6407901391973295
Clc1ccc2c(c1)C1=CC=CC=C3[C@@H](OC(=O)C)C4=CC=CC=C4C=C3OC=C12,-19.878733555102382,394,False,4.207698535887415,0.5305589256772898
Cn1c(=O)ccn2c(c1)C1=CC=CC=C3C=C(Cl)C(=O)C=C3OC=C12,-19.956349762673227,395,False,3.440338922480616,0.484873459873311
N1C(=O)CN2C(C1)C1=CC=CC=C3C[C@]4(O)CC=C[C@H](OC(=O)C)[C@@H]4C=C3OC=C12,-19.975039960685532,396,False,5.680978147228352,0.5063471852784268
N1C(=S)CN2C(C1C)C1=CC=CC=C3Cc4cc(O)ccc4C=C3OC=C12,-19.988190547386697,397,False,5.1958963321917055,0.6779779562573914
Cn1c(=O)cc[n+]2c1C1=CC=CC=C3CC4=CC(=O)C=C4C=C3OC=C12,-20.011861686347444,398,False,4.7961799449984035,0.6781334455254654
Clc1c(O)cc2c(c1)C1=CC=CC=C3C=C4C=CC=C(OC)C4=C3OC=C12,-20.04864659372835,399,False,2.9602598019881494,0.3556906735245198
CN1C(=O)CN2C(C1)C1/C=CC=C3CC4=CC(C)=CC=C4C=C3OC=C12,-20.072254394530333,400,False,4.775766913071783,0.7238970913603764
C1(=O)N(C)C2=CC=CC=CC(=O)C=C12,-20.08805936771074,401,False,2.732587206907354,0.6129694675296148
C(N1C(=O)CN2C(C1)C1=CC=CC=C3Cc4ccoc4C=C3OC=C12)C(OCC)=O,-20.132235747471,402,False,4.783761341685661,0.7187559698974172
CCN1C(=O)/C(=C\c2cccs2)N2C(C1)C1=CC=CC=C3C=C(OC)C=C3OC=C12,-20.13791256685795,403,False,3.985188397388578,0.5385803781517651
CN1C(=O)CCN2C(C1)C1=C[C@@H](Br)c3cc4ccoc4cc3OC=C12,-20.14513976134323,404,False,4.441705665788481,0.6336336721348964
N1(C(=O)OCC)C(=O)CN2C(C1)c1cccc3cc4ccccc4cc3[o+]c12,-20.1599340550452,405,False,4.047204632676039,0.5678317067186236
N1(C)C(=O)CN2C(C1(C)C)C1=CC=CC=C3CC4=CC=CCC4C=C3OC=C12,-20.185319451527903,406,False,5.377927160578476,0.6426711738186472
CN1C(=O)CN2C(C1)c1c(cc(C)cc1)C=C1OC=C3OC=C3OC=C12,-20.253480290795792,407,False,4.282194098844557,0.7223064866044893
C1(=O)CN2C(CC1)C1=CC=CC=C3C=C4C(=O)C=C(OC)OC=C4C=C3OC=C12,-20.26746519183189,408,False,5.08731337105225,0.7281674975943518
CN1C(=O)CN2C(C1)CCC1=CC=CC=C3OC(C)(C)C(=O)C=C3OC=C12,-20.302179580001408,409,False,4.789987366834634,0.6572391497047713
CN1C(=O)CN2C(C1)C1=CC=CC=C3Cc4ccccc4C(=NN(C)C)C3OC=C12,-20.32452099201147,410,False,4.96680653326939,0.6767700478015296
CN1C(=O)CN2C(C1)C1=CC=CC=C3CC4=CC=CC=C4C=C3SC(N1)=C2C,-20.33031278205455,411,False,5.25495935542946,0.7350183910751379
n1c(N)n2c(c1)C1=CC=CC(=O)C=C3CC4=CC=CC=C4C=C3OC=C12,-20.363503085951397,412,False,3.848408673743343,0.469712014206492
C1(=O)c2c(O)cc(OC)cc2C(=O)C(O)=C1,-20.372408043663327,413,True,2.521086221323287,0.7429271360124429
N1=CC=C2C=C3C=CC=C3C=C1OC=C2OC=C,-20.429462479034555,414,False,4.186192628990457,0.6301485725088911
CN1C(=O)CN2C(C1)C1=CC=CC=C3C[C@@H]4CC=C[C@]4(O3)[C@H]12,-20.4344182571149,415,False,6.726348886564109,0.6369891886996492
C1(=C/C(=O)O)\C=CC=C2CC3=CC=CC=C3C=C2OC=C1OC,-20.50775458820874,416,False,3.4902659208162703,0.7865807586978721
C1c2c(cccc2)CN2C(C1)C1=CC=CC=C3C=C(CO)C=C3OC=C12,-20.5776245730259,417,False,3.465012254679001,0.6747277134674337
CN1C(=O)CN2C(C1)C1=CC=C3CC4=C[C@@H](C(C)C)C(=O)C=C4C=C3OC=C12,-20.643793674244108,418,False,4.966871248860677,0.7061720896419578
c1cccc2c1C1=CC=C3CC4=CC(C(C)C)=CC=C4C=C3OC=C12,-20.668723130766068,419,False,3.176577474322057,0.6154473296767302
CN1C(=O)CN2C(C1)C1=C(C(C)=O)C=C3CC4=CC=CC=C4[C@@H](OC)C3OC=C12,-20.72981718651866,420,False,4.554477067112288,0.7719004732737684
Cc1c(O)nc2c(c1)[C@H]1CC=CC=C3Cc4ccccc4C=C3OC=C12,-20.766140940551864,421,False,4.51343360701088,0.7302940760421683
CN1C(=O)CN2C(C1)C1=CC=CC=C3C(C=C(C)C)OC=C3OCC12,-20.85541264887435,422,False,5.4395218790538955,0.6862058756978865
CN1CCN2C(C1)C1=CC=CC=C3C[C@H]4O[C@]45C=C5C=C3OC=C12,-20.888887621753383,423,False,6.0291724982850035,0.6402152109160835
CN1C=C2C(C1)C1=CC=CC=C3CC4=CC(=O)C=CC4C=C3OC=C12,-20.895857540672356,424,False,5.496958446929127,0.6779695112305425
N1C(=O)CN2C(C1)C1=CC=C3C=C4C=C(OC=C4C)C=C3OC=C12,-20.90433910516731,425,False,4.683510579246491,0.8093975286223507
N1C(=O)CN2C(C1)c1cc(OC)c(OC)cc1C=C2OC(CC=C)=O,-20.93979320866447,426,False,3.67875386753556,0.645900764237445
CN1C(=O)CN2C(C1)C1=CC=CC=C3C4=CC=CC=C(CCC(O)=O)C4=C3OC=C12,-20.9416045371636,427,False,3.731941355256694,0.7177666407322514
c1cccc2[nH]c3c(c12)-c1cc(OC)c(OC)cc1CC3,-20.95321473224982,428,False,2.1710191563716403,0.770378691896865
CN1C2C(CCCC2)CN2C(C1)C1=CC=CC=C3C=C(OCC)C=C3OC=C12,-20.964865390356863,429,False,4.1509888024488815,0.7114963313915694
CN1C(=O)CN2C(C1)C1=CC=CC=C3CC4=CC(=O)C[C@H](OC(=O)C)C=C4C=C3OC=C12,-20.97448098759277,430,False,5.2434406503658515,0.5928531819430317
CN1C(=O)CN2[C@](C1)(C)c1c(c(O)cc(OC)c1)C2=O,-20.996376674688705,431,False,3.5583880970800266,0.8126591199294266
c1c(OC)c(OC)ccc1/C=C1/CC=C2CC=CC=C2OC=C1,-21.06234575076093,432,False,3.2407611277384714,0.8031308046069617
N1C(=O)CN2C(C1)C1=CC=CC=C3CC4=CC=CC=C4C=C3O/C2=C\c2ccc(F)cc21,-21.07146766829328,433,False,5.1086110618006675,0.6803497174163254
C1(CC(=O)OC)=CC=C2CC3=CC=CC=C3C=C2OC1O,-21.08687785839737,434,False,3.65096515288999,0.8469813555396406
Oc1c(O)cc2c(c1)C(=O)c1c3cc(O)ccc3oc1-2,-21.102811953358497,435,True,2.577475410776053,0.426449264070554
O=[N+]([O-])c1ccc2c(c1)C1=CC=CC=C3C=C4C=C(O)C=CC=C4C=C3OC=C12,-21.158773883248188,436,False,2.8177256847482752,0.2626626916611312
COCCN1C(=O)CN2C(C1)C1=CC=Cc3cc4c(cc3OC=C12)cco4,-21.171719196912814,437,False,3.8320803023135457,0.7099270827658609
C1(=O)c2c(ccc(Br)c2O)C(=O)CN2C(C1)C1=CC=CC=C3CC4=CC=CC=C4C=C3OC=C12,-21.20847735244871,438,False,4.620277658123586,0.5042506528407862
CN1C(=O)CN2C(C1)C1=CC=CC=C3CC=CC(C)=C(OCc4ccccc4)C3=C12,-21.21041349699228,439,False,3.9325155651960113,0.7623339610692705
CN1C(=O)CN2C(C1)C1=C(Br)C=CC=C3CC4=C(C)[C@@H](O)C=C4C=C3OC=C12,-21.26366500952362,440,False,5.428156208777114,0.6282355013909976
CN1C(=O)CN2C(C1)C1=CC=C[C@H]3CC4=CC=CC=C4C(=O)[C@]3(O)C12,-21.282478758483208,441,False,4.546210570457716,0.7610846146185406
CN1C(=O)CN2C(C1)C1=CC=C3CC(Cc4ccc(C)cc4)=C3OC=C12,-21.30103914070061,442,False,4.000760868075327,0.825010405304876
CN1C(=O)CN2C(/C=C/C=C/c3c(F)cccc3F)=CC=C12,-21.316916316554867,443,False,3.2179379973852686,0.7968373618503314
[N-]=[N+]=NCCN1C(=O)CN2C(C1)C1=CC=CC=C3C=C4C(=O)C=C[C@@H]4C=C3OC=C12,-21.34525150018453,444,True,5.461356135391405,0.412364886754994
O1C(=O)C(CC)N2C(C1)C1=CC=CC3=CC=CC=CC=C3OC=C12,-21.34859149250769,445,False,4.745122007817921,0.7444773744283126
C1(=O)CN2C(=C1)C1=CC=CC=C3CC4=C(Br)C=CC(Br)=C4C=C3OC=C12,-21.351548289238508,446,False,4.126323329613789,0.3899755608204503
C1(=O)N2C(=CC(=O)C=C1)C1=CC=CC=C3CCC4=CC=CC=C4C=C3OC=C12,-21.360478002371167,447,False,3.559707050854067,0.4798236819122906
N1C(=O)c2c(cccc2)-c2cc3c(cc21)C=CC=C2C=C1OC=C3OC=C12,-21.375308884338693,448,False,4.590720000830759,0.5941693354296446
C1C(=S)N2C(C1)C1=CC=CC=C3Cc4cc([N+]([O-])=O)ccc4C=C3OC=C12,-21.380924511718035,449,False,4.681639204268454,0.4079778629955747
C(CN1CCN(c2cc(C(F)(F)F)ccc2)CC1)N1C(=O)CN2C(C1)C1=CC=CC=C3CC4=CC=CC=C4C=C3OC=C12,-21.398457140732887,450,False,4.39990084107202,0.4909184460205155
c1c(Cl)cc2c(c1OC)C1=CC=CC=C3C(=O)c4ccccc4C=C3OC=C12,-21.40418486630375,451,False,2.904327709599114,0.3375744749574542
C1c2ccc(OC)cc2[C@H]2N(C1)C1=CC=CC=C3CC4=CC=CC=C4C=C3OC=C12,-21.44718154709801,452,False,4.195514746746312,0.6398290016120658
C[C@H](C(=C)C)N1C(=O)CN2C(C1)C1=CC=Cc3cc4ccccc4cc3OC=C12,-21.46315994106408,453,False,4.090274345129347,0.5568579509032808
CN1C(=O)CCC2C(C1)C1=CC=CC=C3CC4=CCNC=C4C=C3OC=C12,-21.465527359949206,454,False,5.2435153270235535,0.7187627212845937
C1=CC=CC=C2C=CC=C3OC=C2C=C1OC1=C3OC=C1,-21.474905269227747,455,False,5.470860525497937,0.7026146882457244
C1CCN2C(CC1)C1=C=CC=C3CC4=CC=CC(=O)C=C4C=C3OC=C12,-21.503304985097216,456,False,4.806722544389292,0.6648869451224393
CN(C)CCN1C(=O)CN2C(C1)C=CC=C1CC3=CC=CC=C3C=C2OC=C1F,-21.51246674019785,457,False,5.122501605112653,0.7885812451008549
CN1C(=O)CN2C(C1)C1=CC=CC=C3CC4=CC[C@H](OC(c5ccc(F)cc5)=O)C=C4C=C3OC=C12,-21.5270183781832,458,False,4.987253071532963,0.5851717612709392
N1C(=O)CN2C(C1)[C@]1(SC)C=C3Cc4ccccc4C=C3OC=C12,-21.56110532450475,459,False,4.635092563272188,0.8531091518188567
C1(=O)c2c(c(C)cc(C)n2)C(=O)c2cc(O)c(O)cc21,-21.569751267180607,460,True,2.5107619492375903,0.6083382621766044
N1C(=O)C[N@+]2(C1)C1=CC=CC=C3C[C@@H]4C=CC=C4C=C3OC=C12,-21.638182335489542,461,False,6.244831679266019,0.5515872595969412
C[N+]1(C)C(=O)CN2C(C1)C1=CC=CC=C3CC(C)=CC(C)=C(C=O)C=C3OC=C12,-21.65779585129349,462,False,5.371043712932592,0.5082248378040691
c1cc(NC(=O)C)ccc1N1C(=O)CN2C(C1)C1=CC=CC=C3CC4=CC=CC=C4C=C3OCC=C12,-21.658978202940546,463,False,4.254926767785536,0.6871199219888292
CCCN1C(=O)N2CC(=C1)C1=CC=CC=C3CC4=CC=CC=C4C=C3OC=C12,-21.667837872329983,464,False,4.9020231596403905,0.7410075476075454
N1C(=O)CN2C(C1)C1=CC=CC=C3C=C4C(C)(C)C(OC)=C(Cl)C=C4C=C3OC=C12,-21.675926903719077,465,False,5.05636904335519,0.7532507157299455
O1C(=O)CN2C(C1)C1=CC(OC)=CC=C3C[C@]4(O)C=CC=C4C=C3OC=C12,-21.71133688163536,466,False,5.553013491955019,0.7171562012930845
CN1C(=O)CN2C(C1)[C@@H]1[C@@H](O)C=C3C=CC=C(OC)C3OC=C12,-21.720173032299517,467,False,5.077984157675777,0.7580189177855812
C1(=O)CN2C(C1)C1=CCCC2=CC=CC=C3OC=C13,-21.726898170167715,468,False,5.578146328161888,0.6643081110139417
N1C(=O)CN2C(C1)C(OC(=O)c1ccccc1)=CC=C1CC3=CC=CC=C3OC=C12,-21.831937483764705,469,False,3.595164516244963,0.785462649594799
CC(C)(C)c1ccc2c(c1)C1=CC=CC3=CC4=CC=CC=C4C=C3OC=C12,-21.83657733156099,470,False,2.695975778319511,0.2793289146850797
C[N+]1(C)Cc2ccc3c(c2C1)cco3,-21.956827034665253,471,False,3.150630201076753,0.5789212904005083
O1CCN2C(C1)C1=CC=C3CC4=C=C(OC)C=C4C=C3OC=C12,-22.002849716111086,472,False,5.032002572399979,0.6970637425836326
CN1C(=O)CN2C(C1)[C@@]13[C@@H](O)C=C1CC3=CC=CC=C1OC=C21,-22.01187974037022,473,False,6.000744364343575,0.6802030343654389
CN1C(=O)CN2C(C1)C1=CC=CC=C3CC4=C[C@](Oc5ccccc5)(O)C[C@H]4C=C3OC=C12,-22.013627885235124,474,False,5.3583425658485035,0.5618301722418375
c1ccc2c(c1)[C@@]1(C)[C@H](O)C=C3CC4=CC=CC=C4C=C3OC=C1N2,-22.02033804508397,475,False,4.1439618038285255,0.7636052422993189
N1=C(OC2OCCN2C)C2=CC=CC=C3CC4=CC=CC=C4C=C3OC=C12,-22.047119944705628,476,False,4.857687680599815,0.768363908580596
CC(N1C(=O)CN2C(C1)C1=CC=CC=C3C(=S)N(C)C=C3OC=C12)C,-22.0994880894832,477,False,4.189684850542832,0.7318514472348203
c1ncn2[nH]c(=O)n(C)c12,-22.107210814952907,478,False,3.836773762279909,0.5261454696001213
CN1C(=O)CN2C(C1)C1=CC(=O)c3c(c4c(cc3O1)cccc4)OCO2,-22.11350963747209,479,False,5.1568224065368655,0.576760557802609
S1C(=S)N2C(C1)C1=C[C@@H](Br)[C@@H]3CC4=CC=CC=C4C=C3OC=C12,-22.13730647536749,480,False,4.851680932034135,0.4669358880512547
N1C(=O)CN2C(C1)C1=CC=CC=C3C=C4[C@@](CCC=C4)(O)C3=C1OC=C2,-22.165951323870104,481,False,5.088576530411533,0.7027974772968608
CN1C(=O)CN2C(C1)c1cccc3c1nc1c(c3C)OC=C12,-22.229343667253502,482,False,4.345963550025648,0.6391060124302503
CN1C(=O)CN2C(C1)[C@@H]1CCCc3cc4cc(O)ccc4cc3O[C@H]1C2,-22.262862999861696,483,False,3.896531631302378,0.7910738165493103
c1(O)c(O)cc2c(c1O)c1ccc(C=O)cc1o2,-22.26490943383408,484,True,2.6687917336842233,0.4516175174638961
CN1C(=O)CN2C(C1)C1=CC=C[C@]3(C)C(C=C(C)C)=C(OC)C=C3OC=C12,-22.27051436139301,485,False,5.284059693138451,0.7522523358411926
c1cc(N2C(=O)CN3C(CCCCCC3)C2=O)ccc1,-22.392861055981555,486,False,2.466161041377111,0.7358424581230019
C1CN2C(C1)C1=CC=CC=C3CC(=O)C=C(C)C3=C1OC=C2Br,-22.40860594215337,487,False,4.366339347389696,0.5950791296283867
C1=CC=CC=C2C=C(CC=C)c3cc4ccccc4cc3OC=C12,-22.45031374462997,488,False,2.21066032294993,0.3828614866931939
c1c(O)ccc2c1/C1=C/C=C3/C(C)=CC(=O)C=C3OC=C12,-22.47301498004535,489,False,2.590915158893708,0.5275193254151958
c1ccc2c(c1)c1c([nH]2)nc(C)cc1,-22.49395745692169,490,False,1.929083587568309,0.5684270068624611
CN1C(=O)CN2C(C1)/C(=C\c1cocc1)CC1=C(C)C3=CC=CC=C3OC=C12,-22.49850157975017,491,False,4.0140012138726195,0.7591086356060588
C1(=C/c2ccccc2)\C2=CC=CC=C3OC=C1C=C3OC=C2,-22.51424802599297,492,False,4.420781399144799,0.801613761396445
N1C(=O)CN2C(C1)c1ccc(Br)cc1C(c1ccccc1)=CC=C1OC=C12,-22.551135335481376,493,False,4.042292960541392,0.7534833222841425
CN1C(=O)CN2C(C1)C1=CC=CC=C3CC4=CC=CC=C4C(O)=C1OC23,-22.609509779576925,494,False,5.572363824141268,0.7822070229723967
N1(Cc2ccccc2)C(=O)CN2C(C1)C1=CC-CC=C3CC4=CC=CC=C4C=C3OC=C12,-22.609920556646145,495,False,4.176154280995788,0.6960348421595581
O=C(C)N1C(=O)CN2C(C1)C1=CC(=O)c3cc4c(cc3OC=C12)OC=CO4,-22.629625870053204,496,False,3.992123138651486,0.6028499486112705
c1(N)n[nH]c2c1-c1c(ccnc1)C2=O,-22.651077066366327,497,False,2.792149816461368,0.5379509396238809
CN1C(=O)CN2C(C1)C1=C(Cl)C=CC=C3CC4=CC=CC=C4Cc4ccc(Cl)cc4C=C3OC=C12,-22.676432923862265,498,False,4.511281209959348,0.4536916005172809
CN(C)C1=C(C)C2=CC=CC=C3C=C(C)C(=O)OC=C3OC=C12,-22.68221178042586,499,False,3.3439164015855,0.6739556457864512
CN1C(=O)CC2C(C1)C1=CC=CC=C3CC4=CC=CC[C@H]4OC=C3OC=C12,-22.76805411963143,500,False,5.462401289493858,0.6560856725714356
C1(=O)CN2C(C1)C1=CC=CC=C3C/C4=CC=CC=C4C=C3OC=C12,-22.814141059087437,501,False,4.519566139761563,0.733462097484691
CN1C(=O)CN2CCC3=C/C=C4/C=CC=C=C4C=C3OC=C12,-22.830672382231583,502,False,4.475667828340603,0.6426840160545036
C1(=O)/C(=C\c2ccccc2)C(=O)c2c3c(ccc2O1)cccc3,-22.89587590172084,503,False,2.178767327508851,0.2948755156931479
c1cc(F)ccc1CN1C(=O)CN2C(C1)C1=CC=CC=C3CC4=CC(=O)C(O)=CC=C4C=C3OC=C12,-22.95480383969752,504,False,4.458809405148173,0.7054830860042735
C=C1CCN2C1(C)C1=CC=CC=C3Cc4ccccc4C=C3OC=C12,-22.96273382026993,505,False,4.687078663579111,0.6285723816017764
CCN1C(=O)CN2C(C1)C1=CC=CC=C3C[C@@](C)(/C=C/c4ccc(Cl)cc4)C=C3OC=C12,-22.965408055755688,506,False,4.928293406806735,0.616416592862659
CN1C(=O)[C@](CC(C)C)(C)N2[C@@H](C1)C1=CC=CC=C3CC4=CC=CC=C4C=C3OC=C12,-22.97938560904005,507,False,4.951800539797931,0.6952281981665932
[N+](C)([O-])(C)C1=CC=CC=C2C=C2OC=C2C=C1OC=C2,-22.98373390382767,508,False,4.747291210902394,0.5816068639324944
c1c2c(c(Cl)cc1Cl)C1=CC=CC=C3CC4=CC(=O)C=C4C=C3OC(C)=C12,-22.9975906390692,509,False,4.250283778012125,0.5129440661137934
C1=CC=C(/CC=C(C)C)C2=CC=CC=C3CC4=CC=CC=C4C=C3OC=C12,-23.058727151568743,510,False,3.883145098969649,0.703999870271413
C(=O)(Nc1ccccc1OC)c1cccc2ccc(OC)cc12,-23.108587129639545,511,False,1.6375460666801267,0.7888088141855875
CN1C(=O)CN2C(C1)c1sc(-c3ccccc3)cc1-c1ccccc1O2,-23.156593231540697,512,False,3.377881750666421,0.6502264483079144
Cn1c(=O)c2c(oc1=O)C1=CC[C@H]3C[C@H]4CC=CC=C4C=C3OC=C12,-23.22492544644051,513,False,4.781780665788483,0.7312927641429136
CN1C(=O)CN(C(OC(C)(C)C)=O)C2=CC=CC=C3Cc4cc(O)ccc4C=C3OC=C21,-23.27732524613204,514,False,4.079369221266894,0.6609093347535167
COc1c(OC)cc2c(c1O)C1=CC=CC=C3CC4=CC=CC=C4C=[N+]3OC=C12,-23.286905335342567,515,False,4.308737223209816,0.7855024371701482
O1COc2c1c(C)c1c(c2)occ1,-23.310478774607876,516,False,2.565000478753765,0.6174980648905579
c1cc(F)ccc1Oc1cn2c(n1)C1=CC=CC=C3C=C4C=C=CC=C4C=C3OC=C12,-23.338113621583688,517,False,3.924680520341155,0.3416211632134209
CN1C(=O)CN2C(C1)C1=CCCC3(O)c4ccc(O)cc4CC3OC=C12,-23.35095016664856,518,False,5.062801695984731,0.733372254409721
Clc1c(Cl)cccc1N1C2=CC=CC=C3CC4=CC=CC=C4C=C3OCC12,-23.376654468302192,519,False,4.101868228311598,0.536038476168963
O1C(=O)C(Cc2ccccc2)N2C(C1)C1=CC=CC=C3CC4=CC(O)=C4C=C3OC=C12,-23.38220538247805,520,False,4.968372975054982,0.7409426446271896
N1C(=O)C(=O)N2C(C1)C1=CC(C)=C3CCC(=O)C=C3OC=C12,-23.389026966237022,521,False,4.330107073267406,0.6675944767858051
S1C(=O)CN2C(C1)C1=CC=C=C3Cc4ccccc4C=C3O/C=C12,-23.393869106801503,522,False,5.1708502134343695,0.68057523158647
CN1C(=O)CN2C(C1)c1ccc(F)c3c1C(=CC=C(C)C3=O)OC=C2,-23.49511231072053,523,False,3.8379905708322646,0.7385548085368541
CN1C(=O)CN2C(C1)C1=CC=CC=C3C=CC=C(CCN(C)CCO)C=C3OC=C12,-23.54569044129313,524,False,4.902065326634154,0.7566889227397892
CN1C(=O)CN2C(C1)[C@]13CC=CC=C4CC=C[C@@H]4C=C1OC[C@H]32,-23.5867262419779,525,False,6.211532166510874,0.6405057736588264
CCN1C(=O)CN2C(C1)C1=CC=CC=Cc3oc4ccc(OC)cc4c3C12,-23.670240621979246,526,False,4.589727693138451,0.819814039457832
N1C(=O)CN2C(C1)c1cc(OC)c(OC)cc1C(O)=C1C=C2C=C2OC=C12,-23.688923477362096,527,False,4.46682929154005,0.8076991887581234
N1(CCC=C)C=CCC2=CC=CC=C3OC=C3OC=C12,-23.691224790425625,528,False,3.740204003207798,0.7637140177749394
C1C(=O)[nH]c2c1C1=CC=CC=C3Cc4cc(OC)ccc4C=C3OC=C12,-23.728123518790085,529,False,4.106256851880995,0.845671971970593
C=Cc1c2c(oc1)c(OC)cc(OC)c2,-23.72980240237848,530,False,2.52050894297974,0.769435060309437
C1(=O)C2=C(C2=O)C(=O)c2ccc(O)c(O)c21,-23.796213313070098,531,True,2.557656167656024,0.520118051693452
c1cc2cc(OC)c3cc(OC)cc(OC)c3c2oc1=O,-23.84635268354037,532,False,2.3269101132613734,0.5469964840039157
O1C(=O)CN2C(C1)C1=CC=CC=C3CC4=CC=CCC4C(=O)[C@@]132,-23.858367206295952,533,False,5.4403637962944815,0.6410112260936494
N1(C)C(=O)\CN2C(C1)C1=CC=C(C)C3CC4=CC=CC=C4C=C3OC=C12,-23.885443555780512,534,False,4.804537374610244,0.7236333053630098
CN1C(=O)CN2C(C1)C1=CC=CC=C3C=C(SC(=O)C)CC(=O)C=C3OC=C12,-23.89108814337672,535,False,5.07279362807879,0.678324473406848
CN1C(=O)CN2C(C1)[C@@]13C(=O)C=CC=C4[C@@H](OC)C=CC=C4C=C3OC=C12,-23.92723581603867,536,False,6.060449534226745,0.7051141967714414
[nH]1c(=O)oc2c(c1=O)c1c3cc(OC)ccc3ccc1-2,-23.937213617615043,537,False,2.531085026160669,0.5731558057973509
CN1C(=O)CN2C(C1)C1=C3C=C4C=C(C3=O)C=CC=C4OC=C12,-24.01728013832691,538,False,4.43729793678086,0.639747620306272
CN1C(=O)CN2C(C1)C=CC=C1C=C3Sc4ccccc4C13OC=C2,-24.08285922031793,539,False,5.5594385462994875,0.720087674973465
c1c[nH]c2c1C1=CC=CC=C3C[C@@H]4[C@H](O)C=C(C)C=C4C=C3OC=C12,-24.1094786492759,540,False,5.292067614473911,0.7400745321814297
S1C(=O)CN2C(C1)c1cc(Br)ccc1C=C2OCC(O)=O,-24.158907730087336,541,False,3.8199307852237574,0.8820476640808879
CN1C(=O)[C@@H](C)N2C(C1)C1=CC=CC=C3CC(c4nccnc4)=CC=C3OC=C12,-24.16338339101641,542,False,5.0467254440304465,0.7427319161171675
N1C(=O)CN2C(C1)C1=CC=CC(=O)C=C3C(Cl)=C(Cl)C(=O)C=C(Cl)C3OC=C12,-24.170572127022822,543,True,5.191185015608063,0.6272859443063022
CN1C(=O)CN2C(C1)c1ccc(C)c3cc4cc(C)n(-c5ccccc5)c4cc3nc12,-24.21774319408543,544,False,3.7714900934500193,0.5961862095673656
C(C1NC2C(C1)C1=CC=C3CC4=CC=CC=C4C=C3OC=C12)OC,-24.23164608035586,545,False,4.570769606717142,0.9065847218416048
CN1C(=O)CN2C(C1)c1cnc3c4cc([N+]([O-])=O)ccc4ccc3c1C=C2,-24.25062087552898,546,False,3.6226106511389986,0.3784433181751487
CN1C(=O)CN2C(C1)C1=CC(C)=C3C=C(C)[C@H]4C[C@@]43OC=C12,-24.28134343678541,547,False,5.469712966967165,0.6850459813998703
CN1C(=O)CN2C(C1)C1=CC=CC=C3C(CC=C23)C(C)=C1,-24.309066906978856,548,False,5.9571499731209325,0.6801325956838559
CCN1C(=O)CN2C(C1)C1=CC=CC=C3CC4=CC=C(c5nnc[nH]5)C=C4C=C3OC=C12,-24.326491836345667,549,False,4.877904709111904,0.799991445290788
CN1C(=O)CN2C(C1)/C(=C\c1ccccc1)C(=O)c1ccc3c(cccc3OC)c1C2=O,-24.334028912335317,550,False,3.1122005698664363,0.5893024313011714
c1c(OC)cccc1N1C(=O)CN2[C@@H](C1)C1=CC=C(Cl)c3cc4ccccc4cc3OC=C12,-24.411353667550717,551,False,3.5686438218522216,0.3558339354734399
CN1C(=O)CN2C(C1)c1[n+]([O-])ccc3cc4c(cc32)OC=CC4=C1OC(C)=O,-24.41192895879267,552,False,5.635866668877498,0.3649182241257145
c1ccccc1CN1C(=O)CN2C(C1)c1ccc(C#N)c3cc4ccc(F)cc4cc3OC=C12,-24.425020476292005,553,False,3.6982166048911047,0.3982851700637007
CCN1C(=O)CN2C(C1)C1=C(C)C(=O)C=C3OC=C1C=C3OC=C2,-24.429680658726284,554,False,5.975202164502138,0.7324746395644272
O1CCN2C(C1)[C@@H]1CC=CC=C3CC4=C=CCCC4=C3OC=C12,-24.52806129221426,555,False,5.619230801933126,0.6383779175669054
c1n[nH]cc1-c1c(N)ncnn1,-24.54063205089196,556,False,3.0853389240452005,0.607445785326504
N1C(=O)C2=C(C1=O)CC[C@@]1(C)[C@H]3CC4=CC=CC=C4C=C3OC=C12,-24.560718932786017,557,False,4.239010059688814,0.7482059971390649
C1(=O)N2C(=CC=C3C=C4C=C3OC=C2N=C4C)C=C1,-24.562232670269168,558,False,4.941674519918957,0.7187037944089609
CN1C(=O)CN2C(C1)C1=C/C=C3/C4=CCCC4=C(OC)[C@@H]3OC=C12,-24.562817421479863,559,False,4.799777283769083,0.7383992415146807
CN1C(=O)CN2CC(C1)C1=CC=CC=C3CC4=CC=CC=C4/C(=C\OCc4ccccc4)C=C3OC=C12,-24.610654849540893,560,False,5.190885585936169,0.5429015683816695
CN1C(=O)CN2CCc3cccc4c3c2c1cc[nH]4,-24.66949294653752,561,False,3.298552719748294,0.7629668855416187
CCN1C(=O)CN2C(C1)C1=CC=CC=C3C=C4[C@H](O)[C@@H](OC(C)=O)C=C4C=C3OC(C)=C12,-24.734084062104444,562,False,5.370387878230935,0.6966211119005322
C(C(c1ccccc1)=C)N1C(=O)C2=CC=CC=C3CC4=CC=CC=C4C=C3OC=C12,-24.749317241307157,563,False,3.820853677084123,0.6540613414992448
N1C(=O)CN2C(C1)C1(CC[N+](C)(C)C)C[C@@H]3CC4=CC=CC=C4C=C3OC=C12,-24.774115028965756,564,False,4.87259618650138,0.8188598355369996
N1CCN2C(C1)C1=C(C(=O)C)C=CC=C3C(C)=CC(=O)C=C3OC=C12,-24.77655250067633,565,False,3.865480779965523,0.8115335338575579
c1(O)c2c(ccc1)C1=CC=CC=C3C(=O)C4=CC=CC=C4C(=O)C=C3OC=C12,-24.85928921657621,566,False,2.9385960856674913,0.4299763958993727
c1sccc1CN1C(C)(C)N2C(C1)C1=CC=CC=C3CC(C)=CC=C3OC=C12,-24.866379319748432,567,False,4.904283771971466,0.6632060371906389
N1C(=O)CN2C(C1)C1=CC=CC=C3C=C4C=C=CC=C4C=C(CC)C3OC=C12,-25.013231504592117,568,False,5.774232915737952,0.7197733862471964
C(N1Cc2c(cc1)C1=CC=CC=C3CC(C)=CC=C3OC=C12)=C(C)C,-25.02700735272083,569,False,4.8173850763267705,0.6200628078449226
O1CCN2C(C1)C1=CC=C(CN=[N+]=[N-])C=C3C=CC=CC=C3OC=C12,-25.031689900316,570,True,5.121864862422844,0.4393240164202147
N1(C)C(=O)CN2C(C1)C1=CC=CC=C3C(CCc4c-3cccc4)=C1OC=C2,-25.04879279762099,571,False,4.109694466058257,0.7124952391283691
c1(O)ccc2c(c1)C1=C(O)c3c(cccc3)C=CC=C1OC=C2,-25.068960801909327,572,False,2.209239198921022,0.467609977591941
CN1C(=O)CN2C(C1)C1=C=CCc3c4occc4ncc3OC=C12,-25.085495233297493,573,False,5.0645272974770865,0.6931111200160307
CN1C(=O)[C@H](CC)N2C(C1)C1=CC=CC=C3CC4=CC=CC=C4C=C3n2c1=O,-25.08878182316404,574,False,5.3913838978826245,0.7602777702029149
C[N+]1(C)C(=O)CN2C(C1)C1=CC=CC=C3[C@@H]4O[C@@H]4C[C@@H]3C=C12,-25.098853154835524,575,False,5.922604675868076,0.5001461646377104
N1C(=O)Nc2c(C1)c1ccccc1cc2C(=O)C,-25.21606739598809,576,False,2.596542122824493,0.7527500045584565
C1CCN(C(OC(C)(C)C)=O)CC1N1C(=O)CC2=CC=CC=C3CC4=CC=CC=C4C=C3OC=C12,-25.2865121159266,577,False,4.33039082001266,0.541893413588129
CN1C(=O)Cn2c(nc1)c1cccc3ccc4ccccc4c3c12,-25.365165025883517,578,False,2.957635221572435,0.4827577082396039
N1C(=O)CN2C(C1)/C(=C\c1cocc1)C1=CC=Cc3ccccc3C=C1OC=C2OC,-25.44522634102032,579,False,4.288521736482872,0.8067517849646496
C1(=O)C(Cl)=C(Cl)C(=O)c2c(cccc2O)C1=CC=C,-25.45884152947249,580,True,3.023408219542617,0.8076457070947484
CN1C(=O)CN2C(C1)C1=CC=CC=C3C[C@@]4(C)CC[C@H](O)CN4C[C@@H]3OC=C12,-25.46139532394592,581,False,5.543146390816508,0.6855638735474754
c1c2c(ccc1C)-c1c(C=O)cccc1CC2,-25.47078536277246,582,False,2.2297645410242293,0.6739916538900959
O1C(=O)Cn2c1cc1[nH]c3nccnc3c1c2=O,-25.54880665009921,583,False,3.4826103964061144,0.5682314864575213
Fc1ccccc1CN1C(=O)CN2C(C1)C1=CC=Cc3cc(OC)c(OC)cc3C=C1OC=C2OC,-25.63273375959841,584,False,3.919206110181018,0.6221995761564882
C1(=O)CN2C(CN1CCC#C)C1=CC=CC=C3C[C@]4(O)OC=CC=C4C=C3OC=C12,-25.684422759718014,585,False,5.566257461651353,0.7183287722241233
CC(=O)c1cc2c(c(O)c1)C1=CC=CC=C3CC4=CC=CC=C4C=C3SC=C12,-25.739930206124317,586,False,3.92960121387262,0.6003150859669723
C(=O)(c1c[nH]c2n1ncn2)[O-],-25.74159605709224,587,False,4.114817706024278,0.5325419963275971
CN1C(=O)CN2C1=CC=C1C[C@H](OC)c3ccccc3C=C12,-25.753749811046887,588,False,3.9241517028313906,0.7980959209245864
C1(=O)NC(=O)CN2C3=C(C(OC)=O)C=C4CC=CC=C4C=C3OC=C12,-25.82635839974,589,False,4.037004215591593,0.5660643447763188
CN1C(=O)CN2C(C1)C1=CC=CC=C3C[C@@H]4[C@H]([C@H](O)C=C(CC)C4)C=C3OC=C12,-25.840248804379385,590,False,5.63171904571029,0.697207010232228
O1COc2c1cc1c(c2)-c2ccccc2C=C3OC=CC1=C3O,-25.873128853643266,591,False,3.7855108315449497,0.790162975918036
C(N1C(=O)CN2C(C1)C1=CC=CC=C3C=C(O)C(C)=C3OC=C12)CC(F)(F)F,-25.878924417843805,592,False,3.966547414312032,0.83324441843393
CN1C(=O)CN2C(C1)C1=C3C=CC=C4C=C4CCC(C)=C3OC=C12,-25.88068555806241,593,False,4.931921220076228,0.6879363774742292
C1(=O)c2c(c(=O)n(C)c(=O)s2)-c2c1cc(OC)cc2OC,-25.980443910283757,594,False,2.7092355232661767,0.7068664651405766
C12=CC=C3CC4C(C3)C=CC=CC=C4C=C1OC=C2,-26.033947502379306,595,False,5.998874031562293,0.6878461764727399
C1(=O)N2C(=C3CC4=CC=CC=C4C=C3OC=C1C=O)CC2,-26.06212458778145,596,False,3.5693331538495716,0.5845086992025763
S1C(=O)CN2C(C1)C1=CC(Cl)=CC=C3C=C4C=C=CC(=O)C=C4C=C3OC=C12,-26.08336532447805,597,False,5.602866677954372,0.6171742583290836
C1(=O)N2C(NN)=CC=CC=C3CC4=CC=CC(=O)C=C4C=C3OC=C12,-26.117739286023166,598,False,4.3139600763267705,0.461531258282474
N1C(=O)CN2C(C1)c1cc(O)cc3c1c1ccccc1nc3NC2,-26.11804101442931,599,False,4.575997419374633,0.5519632781526939
O1C(=O)CN2C(C1)C1=C[C@H]3[C@@H](C)C4=C[C@@H](O)C=CC=C4C=C3OC=C12,-26.136207672781893,600,False,5.45064624218036,0.6849448093801658
C1(=O)CN2C(C1)C1=CC=CC=C3C=C4C(CO3)=C=CC=C4C=C12,-26.185357398346696,601,False,6.357940502795432,0.6443913854879264
N1C(=O)CN2C(C1)C1=CC=C(C)C(=O)c3c(OCC)c4ccsc4cc3OC=C12,-26.200475950259715,602,False,4.076341869662073,0.6978024763317976
C[N+]1(C)C(=O)C2=C3CC5=CC=CC=CC5C=C3OC=C21,-26.268414340825984,603,False,5.007117651735898,0.4975818725604266
N1C(=O)C[N+]2(C1)C1=CCCOC=C3Cc4ccccc4C=C3OC=C12,-26.283444005877755,604,False,5.608795168269438,0.5854449560658616
CN1C(=O)C[C@H]2[C@](C1)(C)C1=CC=CC[C@H]3C4=CC=CCC4=CC=C3OC=C12,-26.37366346734053,605,False,5.521842275187813,0.6326330529193055
O=C1c2ccccc2-c2c1[nH]c1c2CCC2=CC=C3CC4=CC=CC=C4C=C3OC=C12,-26.440048281622257,606,False,3.4466622320304916,0.3930060091418934
n1c(-c2ccccc2)ncc2c(N)[nH]cc21,-26.48903955138219,607,False,2.555641110372882,0.6466336315784135
c1ccc2c(c1)C1=Cc3c(c4ccccc4cc3)C=C1OC(C)(C)C2,-26.504654403281226,608,False,2.2029842182630492,0.3412797097679283
CN1C(=O)CN2C(C1)c1cccc3cc4cc(Cl)c(=O)c(C)c4cc3c1OCO2,-26.58277074751648,609,False,3.831120900508127,0.5681013604917046
N1C(=O)CN2CC=C3C[C@H]4C=CC=C4C[C@H](O)C=C3OC=C12,-26.593692433583783,610,False,4.8527496617985975,0.7080063999370004
CS(=O)(N1C(=O)CN2C(C1)C1=CC=CC=C3Cc4cc(C(SC)=N)ccc4C=C3OC=C12)=O,-26.691076025734237,611,False,4.92906951974304,0.5158784333346106
C(N1CCC2(CC1)C1=CC=CC=C3CC4=CC=C=C4C=C3OC=C12)C1CCCC1,-26.71592403468094,612,False,5.030362310044293,0.5501494798367995
C(NC(=O)CN1C2=C(CC1)C(=O)C=C1CC3=CC=CC=C3OC=C12)C,-26.75491822340712,613,False,3.175272390022796,0.9184237400258546
CN1C(=S)CN2C(C1)c1cc(OC(F)F)ccc1OC2,-26.759881029523285,614,False,3.551635899277829,0.7802795797716751
N1C(=O)CN2C(C1)c1cccc3n(C)c4ccnc-4nc3c1n2,-26.766282590120227,615,False,4.327928262951746,0.7638865999617072
CN1C(=O)CN2C(C1)C1=CC(=O)C=C3C[C@@H]4C[C@@H](SC)C=C[C@]4(O)C=C3OC=C12,-26.77146209065559,616,False,5.911918204823289,0.6622151199103865
N1C(=O)CN2C(C1)C1=C(Cc3[nH]nnc3)C=C1OC=C2C,-26.88858855258877,617,False,4.781728028047619,0.8126895961283603
C=CCN1C(=O)CN2C(C1)c1ccc3c(c1-2)c(OC)c(OC)c(O)c3,-26.93250500842396,618,False,3.5364965048981993,0.8664937765850637
C12=CCN3C(C1)C=CC=C1C3=CC=CC=C4C=C2OC=C14,-26.96378256281605,619,False,6.514869061055006,0.6673714603844846
CN1C(=O)CN2C(C1)c1c(c(=O)oo1)C=CC=C1C=C(C)OC=C21,-27.06386187202089,620,False,5.1982341946975135,0.6757879802015113
CN1C(=O)CN2C(C1)c1ccc3c4c1C=CC1C=C2OC=C4C=C13,-27.15581804307841,621,False,6.475198449459183,0.7377062237502271
c1ccccc1/C=N\c1ccc(CN2C(CC)C3=CC=CC=C3OC=C2)cc1,-27.158750407511377,622,False,3.156787167945321,0.4969735738908208
CN(C)C1=CC=Cc2cc3cc4cc(OC)ccc4cc3nc2N=C1,-27.255687967874906,623,False,3.162132005407411,0.6463401970167434
CN1C(=O)CN(CC)c2c(C1)c1cccc3cc4c(cc32)C=CC=CC=C4C=C1OC(C)=O,-27.339782491892507,624,False,4.432156296108087,0.3916267421851094
C1(=O)N2C(c3c1csc3)C1=CC=CC=C3C=C3OC2=C1,-27.341144705959323,625,False,5.640537546763768,0.7278072949222524
O1C(=O)C2=C(CC1)C1=CC=CC=C3CC(c4sccc4)=C3OC=C12,-27.35646791201725,626,False,4.292609547715443,0.7122202094730906
N1C(=O)C2N3C(C1)C1=CC(=O)C=C4CCC2=CC=CC=C4C=C1OC=C3,-27.35808308289438,627,False,6.6725803633885805,0.7304907731962567
CN1[C@H](CN2CCCCC2)CN2C(C1)C1=CC=CC=C3C=C(C#C)C(=O)C=C3OC=C12,-27.40397442664471,628,False,4.25983158874898,0.7023008485615597
CN1C=NC2(CC1)C1=CC=CC[C@H]3CC4=CC=CCC=C4C=C3OC=C12,-27.4105709335272,629,False,6.004588137837295,0.6411376290586626
CCc1[nH]c2c(c1)C1=CC=CC=C3C[C@@H]4C=CCN4C=C3OC=C12,-27.415625385052408,630,False,5.071694200433287,0.7819056085173113
N1C(=O)CN2C(C1)c1c(cccc1O)C=CC=C1C=C2OC=C1N1CCN1,-27.44508456998983,631,True,5.436557391276745,0.6984544244599994
c1(F)cnn2c1C1=Cc3cc4c(cccc4)cc3C=C1OC=C2,-27.455889005753026,632,False,3.0644999539693085,0.4355573204756263
n1(N2CCCC2)c(=O)c2ccccc2[n+]([O-])c1,-27.46360317617659,633,False,3.0604376964402427,0.525963541592916
C1(=O)c2c([nH]c3c2cc(OC)cc3Br)C(=O)c2c1cccc2O,-27.58822652047138,634,True,2.660314051819988,0.5367505764630186
CN1CCN2C(C1C)C1=CC=CC=C3/C=C4\CC=CC=C4C=C3OC=C12,-27.59449218562804,635,False,5.210480613476641,0.7168152343617608
c12n3c(nn1)C(c1ccccc1)=CC=C1C=CC=C3OC=C12,-27.639491215697547,636,False,4.602822041961742,0.8060019237495092
O=S(Nc1ccc2nonc2c1)(=O)c1c2ccccc2ccc1,-27.643832003682803,637,False,2.114498441171307,0.625101698355934
C(OC)ON1C(=O)C=CC=C2CC3=CC=CC=C3C=C2OC=C1N(C)C,-27.71518784991352,638,False,4.066543994894453,0.7784988981040815
N1(C)C(=O)CN2C(C1)C1=CC=CC=C3C=CC=CC=C2C(OCC)=CC3=C1OC,-27.720052576099988,639,False,4.945729846533229,0.7907481625675721
c1c(O)cc2c(c1)C(=O)C=Cc1c(ccc(Cl)c1O)C2=O,-27.74367042661848,640,False,2.3880619228194373,0.6692581496331979
N1C(=O)CN2C(C1)c1ccc3cc4ccc(=O)n(C)c4cc3c1OC[C@@H]2CC,-27.76573639085064,641,False,3.77985601273604,0.6614386932684743
N1C(=O)c2n(c(=O)c3c1C=Cc1c-3cccc1)ccc2,-27.768742201849847,642,False,2.2632542569298995,0.5283620002749134
C(OC)(CN1C(=O)CN2C(C1)C1=CC(=O)c3ccc([N+](=O)[O-])cc3C=C12)=O,-27.782502178765327,643,False,3.3422419558343037,0.4505414831718317
CCCN1C(=O)CN2C(C1)C1=Cc3ccccc3C=CC=C1OC=C2N(C)C,-27.79635687045084,644,False,4.020474461735867,0.8098851107993518
CN1C(=O)CN2C(C1)C1=CC=CC=C3Cc4cccc(C[C@H](Cc6ccccc6)O)c4C=C3OC=C12,-27.796619715749344,645,False,4.721073785818677,0.7169816891016433
CN1C(=O)CN2C(C1)C1=C(C)C(=O)C=C3C/C(=C\c4cc(OC)c(OC)cc4OC)OC(C)=C3OC=C12,-27.822230084289927,646,False,4.7074689565106915,0.6131008770478173
C(N1CCC(Nc2ccccc2)CC1)(=O)c1cccc2cccnc12,-27.87593262704607,647,False,1.9499030033284088,0.7902012274441184
CN1C(=O)CN2C(C1)C1=CC=CC=C3CC4=C(NOc5ccc(C)cc5F)C=C4C=C3OC=C12,-27.90394702845471,648,False,5.005196496428139,0.6973868710808692
c1cc(O)ccc1OC(=O)Nc1cc2nccnc2cc1,-27.95262535185981,649,False,1.9996015018949704,0.7540382558954845
CN1C(=O)CN2C(C1)C1=CC=CC=C3C[C@H]4c5cc(O)ccc5C[C@]4(O)OC[C@H]3[C@@H]12,-27.976868397279773,650,False,5.162304565469748,0.6862984204413576
N1C(=O)CN2C(C1)C1=CC=CC=C3CC4=C[C@@H](OCCC)C=C4C=C3OC(OCC)C12,-28.046787669620244,651,False,5.7064698574485515,0.7383480107568575
CN1C(=O)CN2C(C1)C1=CC=CC=C3CC4=CC(=O)C(C)(COC(C)=O)C[C@H]4C=C3OC=C12,-28.059800072819044,652,False,5.532106585699619,0.6050117247422313
[O-][N+](=O)c1cccc2c1cc1ccc3c(c1c2)ccc(O)c3OC,-28.191580861807463,653,False,2.3275746591936386,0.2499168111055716
c1(OC)ccn2c(c1)c1c3c(ccc1cc3)cc(=O)[nH]2,-28.223167253658232,654,False,5.168871079909744,0.6749524628408062
c1cccc([C@@H]2C(=O)Oc3cc4c(cc3O2)OC=CC=C4)c1,-28.28697812604213,655,False,3.499868084910849,0.5943066287016333
CN1C(=O)CN2C(c3coc4ccccc43)/C(=C/c3c[nH]c4ccccc34)OC=C12,-28.329833545605897,656,False,3.767034621140067,0.5370422157575823
N1(C)C(=O)CN(C)c2c1c1ccc3cc4c(cc3c12)cccc4OC,-28.386068884295582,657,False,2.8406458190585493,0.6398725641735992
Cc1c(OC)nc(C)c2sc3c(cccc3)c12,-28.45115876796628,658,False,2.4652646587636333,0.6423026156520134
[O-][N+](=O)CN1C(=O)CN2C(C1)C1=CC=CC=C3C(=O)c4cc(C)ccc4C=C3OC(C)=C12,-28.45636870835792,659,False,4.087978653465423,0.4545403347617373
CN1C(=O)CN2C(C1)C=CC=C1CC3=CC=CC=C3OC(Cc3ccccc3)=CC=C12,-28.494778001747378,660,False,4.181410775280506,0.7412842978757241
O1C(=O)CN2C(C1)C1=CC(C=C)=C3CC4=CC=CC=C4[C@@H](OC(C)=O)[C@@]123,-28.49920545468925,661,False,5.0509875587705935,0.7667793819795338
c1cc2c(cc1)COC/C(=N\OC)C2=O,-28.564070860855335,662,True,2.6472386644210903,0.6509546965972305
N1C(=O)C(=O)N2C(C1)C1=C[C@@H](CC)C3Cc4c(OC)cccc4C=C3OC=C12,-28.593868104173467,663,False,4.633223878809074,0.80266189901118
FC(CN1C(=O)CN2C(C1)C1=CCC[C@@H]3CC4=CC=CC=C4C[C@@H]3C=C12)(F)F,-28.61848120705872,664,False,4.258813494193689,0.7323574795917608
Cc1ccnc2c1C1=CC=CC=C3CC4=CC=CC=C4C(=C3OC1=O)OC2,-28.6285638750269,665,False,4.469343564608753,0.6624273520383193
C1[C@@H](O)CN2C[C@@H](C1)C1=CCC3=CC=CC=CC3=C1OC=C2,-28.725332896967306,666,False,5.323142689783218,0.7447166927122747
C(N1C(=O)CN2C(C1)c1cccnc1OC2=O)c1cc(C)cnc1,-28.752871311126924,667,False,3.37057533979232,0.8399918007791234
CN1C(=O)CN2C(C1)C1=CC=CC=C3C[C@]4(OC)[C@](O)(C)[C@](O)(C)C[C@@H]4C=C3OC=C12,-28.83614221815516,668,False,5.879387575589629,0.6632030467591391
N1C(=O)CN2C(C1)c1cccc3c(=O)c4cc(OCN(C)C)ccc4c3OC=C12,-28.85120180076001,669,False,4.00769664259998,0.6918040257282615
N1C(=O)CN2C(C1)C1=C[C@@H](Br)[C@H]3CC4=CC=CNC(=O)C4=C=C3OC=C12,-28.963173742796243,670,False,5.55750332361007,0.4641723579314428
s1c(=O)n2c(c1C#N)C1CC=CC=C3Cc4c(cccc4)C=C3OC=C12,-29.08689083017225,671,False,4.703240692031123,0.7099003526024109
N1C(=O)CN2C(C1)C1=CC=CC=C3CC4=C/C(=C(\C(=O)O)C=C4C1=O)C32,-29.189112502795524,672,False,5.870819983029153,0.8011565039740772
N1C(=O)CN2C(C1)c1ccccc1C1=CC(=O)c3cc4c(cc3COC=C12)OCO4,-29.20302197668892,673,False,4.174930349402082,0.7299206539199938
c1ccnc2c1c1ccc21,-29.229135967791137,674,False,1.9135555205216672,0.4508609058208842
c1cccc2c1/C(=N\c1ccc(C(F)(F)F)cc1)C1=CC=C3C=C4C=CC=CC=C4C=C3OC=C12,-29.27112719324063,675,False,2.569839854644531,0.2380430210670094
CN1C(=O)CN2C(C1)[C@]13CC=CC=C(Nc4ccc(OC)cc4)C(=O)C=C1OC=C32,-29.343777550544544,676,False,5.125487958392683,0.8329621006950468
c1ccc2c(c1C)[C@@H]1CCc3cc4c(c-2c31)OCO4,-29.485717288916987,677,False,3.2018256408175025,0.7080302256301495
n1c2cc(Cl)ccc2n(C(=O)CN2CCC[C@H]2C)c1,-29.507519152597556,678,False,2.852793040084901,0.8471514904445546
CN1CCN2C(C1)C1=CC=CC[C@@H]3C[C@H](CCSC)C=C3OC=C12,-29.5601022165647,679,False,5.2437242145502925,0.7763643013428576
C(CC)N1C(=O)CN2C(C1)C1=CC=CC=C3C[C@H](O)CC[C@@]4(O)C=CC=C4C=C3OC=C12,-29.56626586902712,680,False,5.456701222712541,0.6993274631977698
CN1C(=O)CN2C(C1)C1=C[C@H](O)[C@@H]3C4=CC[C@](C)(CO4)[C@H]3OC=C12,-29.617761302758492,681,False,6.07855129521903,0.7051168529594697
c1ccccc1-n1c(=O)cc2c(c1)-c1ccc3cccc(c3c1OC=C2)[O-],-29.62402409238274,682,False,3.1832208011758985,0.5183102544519933
C1[C@H]2C(CCC(=O)O2)CN2C(=C1)C1=CC=CC=C3C=C4CC=CC=C4C=C3OC=C12,-29.69514280553915,683,False,4.763554329293591,0.5412703659969579
c1cc2nncc3c2c2c1C1=CC=CC=C3OC=C1S2,-29.707462275037017,684,False,4.064904238918745,0.4096889956642752
CN1C(=O)CN2C(C1)[C@@]13CC=CC=C2[C@@H](OC(C)=O)C=C3OC=C1OC,-29.72288842839272,685,False,6.048992367871512,0.6935240633256264
[N+](c1ccc2c(c1)[nH]cc2-c1nc2c(n1C)cccc2)([O-])=O,-29.72809459570226,686,False,2.291835445098844,0.4524621360033625
C1(=O)N2[C@H](CCC(C)C)c3c(O)ccc(O)c3C=C12,-29.76772089527776,687,True,3.715908227461627,0.6478518207738864
CN1C/C(=N/OC)C(=O)N2C(C1)C1=CC=CCc3cc4ccccc4cc3N12,-29.774294880562135,688,False,3.937284974556381,0.7204632946966004
N1C(=O)C(CC)N2Cc3cc4c(cc3C=C21)C=CC=CC=C1OC=C14,-29.8029664218484,689,False,4.770902899617047,0.8561153520572037
c1cccn2c(c1)c1cc(=O)c(=O)on1c2=O,-29.844916143338253,690,False,3.1300444664559413,0.5039287368693752
CN1C(=O)CN2C(C1)c1c(oc3c1OCO3)C=C(CCC4=CC=CC=C4)C2=O,-29.88155338566868,691,False,3.8649499318213376,0.817595396577659
N1C(=O)CN2C(/C1=N\N)=C(Cl)C=CC2,-29.93793731299229,692,False,4.035642715869653,0.4283434048581137
C(N1C(=O)CN2C(C1(C)C)C1=CC=CC=C3CC4=CC=CC=C4C2C3)C1=O,-29.95362673196361,693,False,5.804029517323988,0.7141846195723381
CN1C(=O)CN2C(C1)[nH]c1c(-c3cc(OC)ncc3)cccc12,-30.001832428872163,694,False,3.4870708159211645,0.9162453681550604
c1(OC)ccc2n(c1=O)-c1c3cc4ccccc4cc3[nH]c1O2,-30.02793491276526,695,False,3.0365572241793437,0.513600825123571
FC(c1c([N+]([O-])=O)cccc1)(F)CN1C(=O)CN2C(C1)C1=CC=CC=C3CC4=CC=C(Cl)C=C4C=C3OC=C12,-30.08264990655113,696,False,4.691667194351357,0.3587808981229079
O=C(Nc1ccc(C(C)C)cc1)N1C(=O)CN2C(C1)C1=C/C=C3CC4=CC=CC(=O)C=C4C=C3OC=C12,-30.083739263139737,697,False,4.064467649791597,0.6642047510992052
C1N(c2cc(Cl)ccc2)c2c3c(sc21)cccc3,-30.198210909671843,698,False,2.407666804801785,0.5874379753654295
C(=O)(OCC)CN1C(=O)CN2C(C1)C1=CC=CC=C3C=C(Cl)C(=O)[C@]3(O2)C1=C,-30.211241360332977,699,True,5.7304617824980095,0.664657988494576
CN(C)C1[C@H](O)C=CC=C2C=CC=C3OC(C)=C(C)C=C3OC=C12,-30.321257294723186,700,False,4.897208014050493,0.8596313450900653
Clc1cc2c(cc1)C1=CC=CC=C3CC(C(=O)/C=C\c4cc(OC)cc(OC)c4)=C3OC=C12,-30.342512551899876,701,False,3.8448134280583695,0.4784818560525962
N1C(=O)CN2C(C1)C(C)c1cc3c(cc1-2)C[C@H](C)C=C3OC,-30.393529459144705,702,True,4.369449350142099,0.8647001084380525
CN1C(=O)CN2C(C1)[C@H]1[C@H]3C4=CC[C@H]4C=C[C@H](OC)[C@H]3OC=C12,-30.42593543528348,703,False,5.280090905301266,0.6809883953934781
CNN1C(=O)CN2C(C1)C1=CC[C@H]3Cc4c(C)ccc(O)c4C=C3OC=C12,-30.48554230980153,704,False,4.738553593248064,0.7976319693308517
c1ccc2c([n+]1C)C1=CC=CC3CC4=CCCC(Cl)=C4C=C3OC=C12,-30.49080635472916,705,False,5.08849952764655,0.6043418399586037
CN1C(=O)CN2C(C1)C1=C(CC(C)=C(CC#N)C(=O)C1=O)C2(C)C,-30.56614545590132,706,True,4.204736596063222,0.6709281389729519
N1C(=O)CN2C(C1)C1=CC=CC=C3CC4=C(C(=O)CC4)c4ccc(OC5CC5)cc4C=C3OC=C12,-30.59567213582342,707,False,4.789411154854289,0.708304418928212
COC[N+]1(C)C(=O)CN2C(C1)C1=CC=CCc3cc4c(cccc4)c(OC)c3OC=C12,-30.598229762581468,708,False,5.014396964721323,0.7141934592966356
c1c2c([nH]c1COc1ccc(C)cc1OC)COC(C)=C2,-30.63150798729299,709,False,2.923866697355246,0.9287933489811144
CN1C(=O)CN2C(C1)c1c3coc4ccccc4c3c(OCC=C(C)C)c1-c1c2cccc1,-30.632810147222717,710,False,3.6015627397992596,0.3747067018139965
c12c(cc(O)c(O)c1)C1=CC=CC=C3C=C(OC)C=C=C3OC=C1C2,-30.67460642066732,711,True,4.61646007632677,0.6023565616028017
C(O)CN(c1ccc(OC)cc1OC)C(=O)CN1C(=O)CN2C(C1)C1=CC=CC=C3CC4=CC=CC=C4C=C3OC=C12,-30.71085033069949,712,False,4.520271814298295,0.5483278307415007
C1CN2C(C1)C1=CC=CC=C3CC4=CC=CN=C4c4ccc([N+]([O-])=O)cc4C=C3OC=C12,-30.72891527021558,713,False,4.4243577369351454,0.4591349301052388
CCN1C(=O)CN2C(C1)C1=CC=CC=C3C[C@]4(N)c5cc(O)ccc5CC[C@H]4C=C3OC=C12,-30.77298001476447,714,False,5.307054711597493,0.696871138343748
CN1C(=O)CN2C(C1)c1ccc(CC)c3cc4c(cc3oc1=O)C=COC4=C2OC,-30.774022693605744,715,False,5.99166913495864,0.5558234881780565
c1cc2occ(-c3nc(-c4ccccc4)[nH]c3CO)c2cc1,-30.778327237575525,716,False,2.4210279725713715,0.5995884806837541
N1C(=O)C(C)(C)N2C(C1)C1=CC=CC=C3C[C@H](C(C)C)[C@@H](OC(C)=O)CC[C@@]312,-30.85340102238172,717,False,5.305901850356968,0.7433957139497752
N1C(=O)Cn2c1c1cc3c(cc1n2)O[C@H](c1ccc(N(C)C)cc1)C3,-30.91978334520536,718,True,3.464346614788309,0.7827731884787152
C1CNCCN1C1=CC=CC=C2CC=CC=C3O[C@H](OC)C(OC)=C2C=C3OC=C1,-30.926792338526862,719,False,5.938040740021186,0.7722737353684885
c1ccccc1N1C(=O)CN2C(C1)[C@@H]1CC=CC=C3C=C4C[C@@H]2C(=O)C=C4C=C3OC=C1,-30.9876076606234,720,False,6.18555956702318,0.7022827466054844
O1[C@H](C(O)=O)[C@@H](C)N2C(C=O)C=C[C@H]3CC4=CC=CC=C4C=C3OC=C12,-31.03714173319912,721,False,5.360930736864908,0.6495968173060339
CN1C(=O)CN2C(C1=O)C1=CC=CC(=O)c3cc4c([nH]3)C[C@]412,-31.08644744329732,722,False,6.10701962375784,0.6904228618254357
n1nc2ncnn2c2c(O1)C1=CC=CC=C3C[C@@]4(O)OC=CC=C4C=C3OC=C12,-31.14322599603476,723,False,5.5928662333062755,0.5874881999830787
N1C(=O)CN2C(C1)c1ccc3ccccc3c1oc(Cl)c2OCC,-31.21825602978015,724,False,3.4770141357789415,0.9091473088133746
CN1C(=O)CN2C(C1)C1=CC[C@@H]3C[C@H]4C[C@H](CCCCC)CC[C@]4(C)[C@H]3OC=C12,-31.29077001074621,725,False,4.873227360614181,0.642401721520013
c1cccn2cnc3c4cc5ccccc5cc4c(C)c3c1c2=O,-31.347054431797066,726,False,3.735118277557902,0.4804285972405946
c1cc(Cl)ccc1Cn1c(=O)c2c(nn1)-c1c(cccc1)SCC2=S,-31.369434319622144,727,True,2.7024473900227974,0.6272455257184001
CN1C(=O)CN2C(C1)C1=C[C@H](Cl)[C@]34C[C@H](O)[C@@](OC)(C=C4)C=C3OC=C12,-31.418648885835424,728,False,6.770296598007618,0.5490047545835354
CC1(C)N2[C@H](CCCC2)C2=CC=CC=C3CC4=CC=CC=C4C=C3OC(=O)[C@@]12O,-31.449194104257916,729,False,4.683083242256317,0.683385515458846
CN1C(=O)CN2C(C1)[C@@H]1[C@]3(CC2)C=CC=C2[C@](C)(CC1)C=CC=C3OC=C2,-31.478922340378645,730,False,6.921736021009619,0.660288317152613
O=C(NCC(=O)O)N1C(C(NC)=O)CC=C2CC3=CC=CC=C3C=C2OC=C1OC,-31.49950648218513,731,False,4.287491713038447,0.6901263622887598
CN1CCN2C(C1)c1cccc3cc(Sc4ccccc4Cl)ccc1[C@@]32O,-31.54174858269289,732,False,5.375692557216894,0.817027568375348
[O-][N+](=O)c1ccc2nnsc2c1C1=CC=CC=C3CC4=CC=CC=C4C=C3Oc3ccccc31,-31.57409615386192,733,False,3.775112163342376,0.2503209082867281
c1ccccc1C1C(=O)CN2C(C1)C1=CC=CC=C3C=C4C(=O)C=C(C)C=C4C=C3OC(CCC)=C12,-31.60249472198491,734,False,4.182430734254856,0.3217217814574964
CN1C(=O)CN2C(C1)[C@@]13C[C@H](O)[C@]4(OC)C=CC=C1OC=C4C=C1OC=C3OC=C21,-31.64297155103124,735,False,7.795920484573049,0.6971419708511511
CC(CO)c1[nH]nnc1N1C(=O)CN2[C@@H](C1)C1=CC=CC=C3CC4=CC=CC=C4C=C3OC=C12,-31.657812392460077,736,False,5.200396110436733,0.7392952383571618
C1(=O)N(CC=C)C(c2cc(O)ccc2)=NCC1,-31.69105148822871,737,False,2.7525550433790187,0.8009878897511461
O=C(N1C(=O)CN2C(C1)C1=CC=CC=C3C=C4C=C[C@](O)(C31)C24)CC,-31.791648015600018,738,False,6.19741454179188,0.7789004193428621
N1C(=O)CN2C(C1)C1=CC=CC=C3C=C(C)C(=O)c4ccc(OC[N+](C)(C)C)cc4C3=C12,-31.893220573256254,739,False,4.2659678902383735,0.5769109860369344
C(N1C(N2CCCCC2)Cc2c1cccc2-c1ccccc1)c1ccccc1,-31.91158780795422,740,False,2.701115011186417,0.5802652038838486
CN1C(=O)CN2C(C1)C1=CC=CC=C3C=C4CC(=O)c5c4c(F)ccc5OC(=C12)C3,-31.918982779726814,741,False,5.982468337315789,0.6678099643344033
CN1C(=O)CN2C(C1)C1=CCC3=CC=CC=CC=C2[C@@H]2OC=C1OC=C23,-31.92116102034926,742,False,6.209744042764751,0.6747117861851795
Clc1c(CO)cn2c(n1)c1ncc3ncccc3c1c2O,-31.96863464638592,743,False,3.122222081970632,0.5269237508497785
c1[nH]ncc1-c1cc2c(o1)cc1c(c2N)ccc(OC)c1,-32.025850503938386,744,False,2.672560896598627,0.5498411798660331
CN1C(=O)CN2C(C1)C1=C[C@@H](O)CN3C=C4OC=CC=C4C=C1OC=C3C=C2,-32.0295427258243,745,False,6.681568598206128,0.6850851944481031
CN1C(=O)CN2C(C1)c1cccc3c(CCSc4ccc([N+]([O-])=O)cc4)c4nc(C)ccc4cc3OC=C12,-32.12199342936846,746,False,4.009989109431258,0.1791367829728632
c1c(Nc2ccc(OC)c(OC)c2)cc2sc3ccccc3c(=O)n12,-32.16091107532425,747,False,2.5163108515612578,0.5957018330321913
CN1C(=O)CN2C(C1)C=C1[C@H](OC)C=C3C[C@@](C)(C=C)C=C(OC)C=C3OC=C12,-32.241536946432475,748,False,5.255484738573619,0.6869098924709413
N1CCN2C(C1=O)C1=C[C@H](O)[C@@H]3CC4=CC(Br)=CC4=C3OC=C12,-32.27348357622401,749,False,4.987783677050313,0.6731246266177969
C1C(=O)N2C(C1)c1c(ccc3c1c(C)cc(CC=C(C)C)c3O)OC=C2,-32.31120276329227,750,False,3.82577365627343,0.7854794726450925
C1(=C\c2[nH]nc(CCc3ccc(Cl)cc3)n2)\C=C2C=CC=CC=C2OC=C1,-32.343009441916536,751,False,3.544971923376483,0.8076395755723708
O1CN2C(C1)C1=CC=CC=C3CC(=O)CC2(C)CCC1=C3OC=C,-32.374459786107764,752,False,6.206466429637526,0.7295704472420145
N1C(=O)C2=C(CCc3[nH]c4c(c3)C(=O)C=C4)C(O)=C12,-32.37735937387335,753,False,3.624274584550159,0.6596835245530573
C[C@@H]1C(=O)N2C([C@H](O)C1)c1cc3cc4cc(O)ccc4cc3cc1C=C2,-32.39985728263866,754,False,3.992340205106952,0.6065380190447439
CN1C(=O)CN2C(C1)C1=CC=CC=C3C[C@H]4CCC[C@@]4(F)C3=C1OC(C)=C2OC,-32.40725355449912,755,False,5.002746297881519,0.6771322714660544
C1(=N)OCCC12CC=CC=C3C=C1C=C3OC=C12,-32.573192125113565,756,False,6.448453857511785,0.705714940929565
C=CCN1C(=O)CN2C(C1)[C@@]1(O)[C@@H](O)C2=CC=Cc2cc3ccccc3cc2O1,-32.59943660542194,757,False,5.417754815049621,0.7665494296275643
C(=O)(OCC)c1n2c(nn1)/C(=C\c1occc1)C(=O)C=CC2=O,-32.70787572524341,758,False,3.0768772877667336,0.6149470519483745
CN1C(=O)CN2C(C1)c1[nH]nnc1SC=C1c3ccccc3C[C@H]21,-32.74907265234471,759,False,4.380964211623837,0.7912287545741239
C1(=O)CN2C(=C1)[C@H]1CC=CC=C3[C@H]4O[C@@H](OC)CC=C[C@H]4C=C3OC=C12,-32.75832255895921,760,False,5.830768355860422,0.6799746841181463
[O-][N+](=O)CN1C(=O)CN2C(C1)C1=CC=CC=C3C[C@@H](O)[C@@H](c4ccc(O)cc4)c4ccccc4C=C3OC=C12,-32.81468973003268,761,False,5.22765199975245,0.4640095762673893
CN1C(=O)CN2C(C1)C1=CC=CC=C3C[C@H]4CC=Cc5c4coc5O[C@@H](F)C3=C12,-32.8945667830417,762,False,6.566300184239064,0.6756468647998171
N(c1c(/C(=N/C)C)c2c([nH]1)C1=CC=CC=C3CC4=CC=CC=C4C=C3OC=C12)C,-33.146920465407675,763,False,4.419582278154871,0.689734656376602
c1([N+]=4CCCCC4)cc2c(cc1)C(=O)C=C2,-33.16178960751866,764,False,3.5700132871322925,0.6553032780237317
CN1C(=O)CN2C(C1)[C@H]1[C@H](Cl)C=CC=C3C[C@@H](C)C[C@H]4C=CC=C4[C@]123,-33.172983529671924,765,False,5.750960910712707,0.622429641963849
c1c(C2=C(C#N)[C@H](C)[C@@](O)(C)C2=O)ccc(Cl)c1,-33.24687661490016,766,False,3.425677547911448,0.8452050360910784
c1cc(OC)ccc1CN1C(=O)CN2C(C1)-c1cc(Cl)ccc1C(c1ccccc1SC)=C2,-33.300473736308106,767,False,3.2745515657101905,0.4317155038033882
N1=C(O)CN2C(C1)C1=CC=CC(OCC)=C3CC4=CC(C=C3OC(C)=C4)=C12,-33.33414698499837,768,False,5.62711779015383,0.8532965674836117
C1(=O)c2ccccc2[C@@]2(C=O)[C@@H](C1)C1=CC=CC=C3C=C1OC32,-33.38780506883006,769,False,5.421037246088696,0.7489198745116633
C12=CC=C3CC4=CC=CC(=O)C=C4C=C1OC(C)=C2C(=O)C3,-33.40789923418612,770,False,4.878477835739934,0.740623889498965
CN1/C(=C\C=O)CN2C(C1)C1=CC=CC=C3C(C(C)CCC=C3C)=C1OC=C2,-33.41603537578112,771,False,5.1013640896591195,0.5061980198305014
CN1C(=O)CN2CC[C@]3(O)OC=CC=C2C=CC1=C3Cl,-33.454932123517224,772,False,5.851682327849257,0.7313180998914652
c1cc(Cl)ccc1CN1C(=O)CN2C(C1)C1=CC=CC=C3C=C[C@@]4(O3)C=C/C(=C\C(=O)C=C4)OC=C12,-33.477132691632335,773,False,6.548894646928401,0.6002773366573387
N1=C(C)CN2C(C1)c1ccoc1C=C2OC=C1C(OC)=C(OC)C1=O,-33.56032433153359,774,False,4.634739355850064,0.6178696748862478
N1C(=O)CN2C(C1)C1=CCC3=C/C(=C/C=C/C#CC)C(=O)C(Cl)=C3OC=C12,-33.60548467541234,775,True,4.848604856933203,0.5605181602357703
c1(NC(=O)CN2C(=O)CCc3c2cc2c(c3)OCO2)nc2cc([N+](=O)[O-])ccc12,-33.62236788526495,776,False,2.7928020855620037,0.6255381336374141
CN1C(=O)[C@H](CC(C)C)n2c(c1C)[C@@H](C)N1CC=C3CC4=CC=CC=C4C=C3OC=C12,-33.64826839946183,777,False,4.500163371941029,0.7117105458253987
n1cncn1Cc1c2n(C)ncc2c2cc(=O)oc12,-33.71503892246484,778,False,3.602229083384657,0.7249453213458917
c1(O)cc(O)c2c(c1)C1(CC=CC=C3CC4=CC=CC=C4C=C3OC)cc1-2,-33.72086740641686,779,False,4.078629624473357,0.8222234588946764
N1(C/C=C/C)C2CC=CC=C3C=C1c1ccccc1C=C3O2,-33.7559731122019,780,False,5.1181628838139765,0.7430998120228504
c1(=O)sc2c(c(O)c1O)C1=CC=CC=C3CC4=C[C@@H](F)[C@@H](O)C=C4C=C3OC=C12,-33.76993026914255,781,False,5.584164589031786,0.6081900310166864
C1(=C)c2ccccc2-c2n(C(=O)CCl)c3cc4c(cc3c21)OCO4,-33.9247433816104,782,False,2.92865889094654,0.4863945538587129
N1C(=S)CN2C[C@]2(C1)C1=CC=CC=C3CC4=CC=CC=C4C=C3OC=C1O,-33.93961899806345,783,False,5.1472547622718485,0.5809563691361489
N1C(=O)CN2C(C1)C1=CC=CC(C)=C3CCc4cccc(C)c4C(=O)C3OC21,-34.05794901156334,784,False,4.977863295882278,0.7557500790593336
CCN1C(=O)/C2=C(\O)CN3C(C1)C1=CC=CC=C4C=C1OC=C4OC=C23,-34.0629987045977,785,False,6.4075011517527605,0.7868044342806007
CN1C(=O)[C@@H](C)N2C(C1)C1=C(C2)C=CC=C3CC4=CC=CC=C4C(=O)C3OC=C1,-34.13389969417041,786,False,5.107694986920636,0.6857333334621614
O[C@@H]1[C@@H](O)[C@H](O)[C@H](O)[C@]2(C)C1=CC=Cc1c(O)cc(O)c(O)c12,-34.32606604333341,787,True,4.733901277288134,0.2513906780727854
CN1C(=O)CN2C(C1)C1=CC=CC=C3C=C(C)[C@@]4(O)O[C@H]([C@@]32O)C41,-34.33754557243084,788,False,6.853106272068215,0.6505626450114725
c1ccccc1N1C(=O)CN2C(C1)C1=CC=CC=C3CC(C)=C[C@@H](C(=O)OC)[C@@]31Oc1ccccc12,-34.33851916219925,789,False,4.771563659499484,0.4645129908187027
CN1C(=O)N2C(C1)C1=CC=CC=C3C=C(/C=C/c4cocc4)[C@]12COC3=O,-34.34316794392363,790,False,6.2969282410069285,0.7591403196209088
CN1C(=O)CN2C(C1)C1=CC=CC=C3C(C=C(Br)Br)C4=C(Br)C=C4C=C/C=C3OC=C12,-34.35024883291699,791,False,5.58065665867905,0.383251750155704
C(\c1nc(N(CC)CC)c[nH]1)=C/C=C/C=C/C=C/C=C\C=O,-34.35507263338741,792,False,3.8382618187252184,0.4294278914451135
n1ccn2c(c1N)c1cccc3c1c(o3)C=CC=C2O,-34.51629971573381,793,False,3.388770855700717,0.5123378672832065
C1(=O)CN2C(C1)C1=C/C(=C\C(C)C)C=C3C[C@@H](C)CC=C3C=C12,-34.54682674861078,794,False,4.811261036905201,0.7183192472451944
n1c(O)nc2nc(-c3ccccc3)cc(-c3ccccc3)c3cc4ccccc4cc3OC=C12,-34.572016115392685,795,False,2.9589184360004115,0.3119595496621328
CN1C(=O)C[n+]2c(C1)c1c(C)c(-c3cc(Cl)cc(Cl)c3OC)cc1oc2C,-34.70210819344176,796,False,3.5626207643328245,0.5984060548967886
c1c([N+](=O)[O-])ccc(C2=CC=Cc3cc4cc(Cl)c(OC)cc4[nH]c3=C2)c1,-34.713612177693975,797,False,3.088120167632227,0.5570926435523956
C1(=O)C(C)=Cc2c(c(COCC)ccc2OC)C=C1C(=O)C,-34.8567903270131,798,False,2.419075664879065,0.7953543915519928
Cc1onc(CN2C(C)CCc3sc4c5c3cccc5[nH]c4=O)c12,-34.89421909129625,799,False,3.931304436782286,0.777161955502015
C(N1C(=O)CN2C(C1)C1=CC=CC=C3C=C(Cl)c4ccc(Br)cc4[C@@H]3C12)c1occc1,-34.92181843231224,800,False,4.4396375377488075,0.5719031816348085
CN1C(=O)CN2C(C1)c1cccc3c1C=CC=C1C3=C[C@]3(OC=C12)C=CC=CC3=O,-35.02984800502783,801,False,6.332443607241384,0.6760767735940851
CCc1c2ccccc2c2c(c1)C(=O)C=C(C)C(=O)C=C2OC(=O)C,-35.16965603274015,802,False,2.5349816709592528,0.6729849927797965
CN1C(=O)CN2C(C1)C1=CC=CC=C3C=C(C(C)=C(CC=C)C3=O)C(OC)=C(OC)OC=C12,-35.231320472278654,803,False,4.992974610159713,0.6350696242153813
c1ccccc1N1C(=O)CN2C(C1)[C@H]1[C@H](C)[C@H](C(=O)OC)[C@H]3CC4=CC=CC=C4C=C3OC(=O)[C@H]12,-35.24904690746979,804,False,4.630126887424452,0.6260215610826444
CCN1C2=C(C(=O)C1=C)c1cc3ccc(O)cc3cc1-c1occc1C2=O,-35.361279024205714,805,False,3.1157330468582636,0.5131959785883556
C1CN2C(C1)C1=CC=C3C=C(OC)OC=C4CC3=CC=CC=C1OC=C24,-35.44474428351532,806,False,5.33717492504037,0.7430058589047515
Cc1cc(=O)oc(C)c1CCN1C(=O)Cn2c(n1)-c1c3c(cccc3)[nH]c1C2=O,-35.47862888845353,807,False,3.1770394055737583,0.7387638959286003
C(C(=O)O)N1C(C2=CC[C@H]3CC4=CC=CC=C4C=C[C@]3(O)OC)OC=C21,-35.48970460677924,808,False,5.371676703325861,0.7879613480195502
CC(Br)(C)CCN1C(=O)CN2C(C1)C1=CC=CC=CC=C3OC=C1C=C3OC=C2,-35.53302716072358,809,False,6.068933182955843,0.5932417871757143
Cc1[nH]c2nc(N)nc(SCc3ccn(C)c3)cc12,-35.55492823401211,810,False,3.0556899691655417,0.7188549754592204
n1c(OC(C)C)[nH]c2oc(-c3ccc(N)c(OC)c3)cc12,-35.59851502902167,811,False,3.0124730858819744,0.7195067303750319
CN1C(=O)C(c2ccccc2)N2C(C1)c1ncc3c4c(cncc4ncc3)ccc12,-35.602103960913055,812,False,4.565032057744914,0.6371143422882529
O=C1C(O)=CC[C@@H]2[C@@]13c1ccc4cc(O)c(O)cc4c1C=C23,-35.6530400478714,813,True,4.592800274591404,0.6523689305910143
C1(=O)CN2C(C=C1)C1=CCO[C@]3(O)CC4=CC=CC=C4C=C(O)[C@]12O3,-35.7287694578813,814,False,6.04172834008502,0.693458977372568
C1(=O)O[C@@H]2[C@@H](C1)C1=CC=CC=C3CC(=O)C=C(C)C3OC(=O)C2C1=C,-35.81979545073092,815,False,6.099456929524746,0.6342927400099655
c12cccc3c1-c1c(OC)cc4c(c1N2C)CCCC43,-35.99355040551751,816,False,4.338929415083852,0.6438368510047098
[N+]([O-])(=O)c1cc([N+]([O-])=O)ccc1N1C(=O)CN2C(C1)C1=CC=C3C=C2C=C(C)C(=O)C=C3OC=C1,-36.03516240390702,817,False,4.252232694699681,0.411145125366568
CN1C(=O)C2=C(C1)C1(C)C=Cc3c(c(=O)oc4c3CCCC4)OC12,-36.16911771917877,818,False,4.369974903285117,0.7326591454330047
CN1C(=O)CC2=C(C1)C1=C=CC(=O)C=C3CC(=O)C=C2C=C3OC=C1c1sccc1,-36.18871263734408,819,False,5.377696483421133,0.7169425660199338
C(S(=O)(N)=O)N1C(C2=CC=CC3=CC=Cc4ccccc4C=C3OC=C2)=CC=C1,-36.237714837315934,820,False,3.7685855748581663,0.7291271410660908
C(c1nccc2[nH]c(CC)nc21)c1ccc2ccccc2c1OC,-36.60027123540885,821,False,2.4899477490449637,0.6112233424715577
N1C(=O)CN2C(C1)[C@H]1[C@@]3(Nc4ccccc4C(=CC[C@H]3O)O1)C=C2,-36.68175319815055,822,False,5.58800861323195,0.6537689097907078
C1=CC(=O)CN2[C@](CCCc3cc4ccccc4cc3OC1)(C)OC=C2,-36.76310674722481,823,False,4.173014983529098,0.7144694776828384
CN1C(=O)[C@@H]2[C@H](C1)[C@H](C)C1=CC[C@@H]3C(C)(C)C(O)=CC=C3OC=C12,-36.77122716503801,824,False,5.153779383420309,0.7400285095537346
CN1C(=O)CN2C(C1)C1=CC=CC=C3[C@@H](O[C@@H]4O[C@H](C(OC)=O)[C@H](O)[C@H]4O)OC=C1C=C32,-36.77143535175146,825,False,6.432248241327599,0.5463930293370454
CN1C(=O)C(NC2(C)CC=CC=C3C4=CC=Cc5c4cco5)=C3OC=C21,-36.7931983669114,826,False,5.634391021921481,0.8557773093935382
N1C(=N)CN2C(C1)c1nccc3c1C=C2N1C(=O)C=CC=C13,-36.842333201925626,827,False,4.655260665410264,0.6121342125482333
C(C)(Cn1[nH]c2c(n1)c1cc(OC)ccc1n2)=N,-36.86631175274397,828,False,3.1400063762181585,0.6894641751102024
CN1C(=O)CN2C(C1)c1ccccc1C/C2=C(/CC=C(/C)Cc1cccs1)O,-36.87977925563429,829,False,3.7162467694281753,0.614691272653403
O[C@@H]1[C@H](O)[C@@H](CO)O[C@H](n2cnc3c2nc(-c2sc4c(n2)ncnn4)[nH]3)[C@@H]1O,-37.18457766408034,830,False,4.602014660578477,0.2578865912315211
c12c(cccc1)[nH]c1nc(CC/C=C/C=C/c3occc3)[nH]c12,-37.32126859584975,831,False,2.933770542204604,0.5182579967435438
c1c(OC)cc2n(c1=O)c1c(n2C)C=CC=C3CC4=CC=CC=C4C[C@H]3OC=C1,-37.45889038653053,832,False,4.444393590832471,0.639807848305615
C(N1C(=O)CN2C(C1)OC(C)=CC2=O)C1=CC=CC=C3OC=C1OC(C)=C3,-37.73180201049037,833,False,5.288352342479389,0.8023377701263987
c1c2ccoc2ccc1C=NS(c1ccc(O)c(O)c1O)(=O)=O,-37.75394316578338,834,True,2.84876236912768,0.4996786257860865
[O]1C(C)(C)C2=CC=C(O)C(=O)C=C2c2cc3ccc(OC)cc3cc21,-37.757751550961984,835,False,2.5621268405722475,0.7241893034619525
Cn1c2c(c(/C(=C/CC)CC)n1)C(=O)CN1C(C1=CC=CC=C3C=C1OC=C3OC=C21)=O,-37.87666216698565,836,False,5.73364069421335,0.6750383888910462
C1c2c(CNC1C(=O)C(C)C)C=CC=C1C=C2OC=C1,-37.97080775804457,837,False,5.371944652197941,0.8374289327736736
CN1C(=O)CN2C(C1)c1c3ccc4ccccc4c3c(nc4OC1C2F)OCO4,-38.00498168747255,838,False,5.4680642292355195,0.5994930185329757
O=C(c1cccc(-c2ccno2)c1)c1c(O)c[nH]c(=O)c1O,-38.04463596399866,839,False,2.8011866326209987,0.6332365136653638
c12c(cc3[nH]ncc3c1)C1=CC=CC=C3C(=O)C=C3O[C@@](C)(c3ccccc3)C12,-38.06162219250116,840,False,4.606913440151972,0.6526139019471604
c1c(O)ccn2c(n1)C1=CC=CC=C3C=C4C=C(OC)C=C[C@]4(C)OC=C1[C@@]23O,-38.16750403033808,841,False,6.287258935450037,0.7198838848518514
N1C(=O)CN2C(C1)/C(=C\c1ccc(OC)c(O)c1)C1=CC=CC=C3OC=C1C=C(c1ccccc1)OC=C32,-38.19155912724455,842,False,5.24354922491637,0.5017179150063223
C(N1C(=O)/C(=N/Nc2c3ccccc3ccc2-c2ccccc2)C1=O)c1cc2ccccc2nc1,-38.26595084772579,843,False,2.5935906871358547,0.3896013051704628
c1ccccc1CN1C(=O)C(N2[C@@H](C1)C1=CC=CC=C3C=C(OC)[C@@]3(O)O[C@H](C)[C@@H]12)=S,-38.35262639671424,844,False,5.196540591714285,0.7349595715036159
C1(=O)c2ccccc2C2=C1C1=CC=C(C=C2)c2cc(OCC=C)ccc2C(=O)C1,-38.53995420638012,845,False,3.405217428056144,0.4766059658312634
OCC(N1C(=O)CN2C(C1)c1cccc3c1cc(-c1c(OC)cccc1)c3=O)OC=C2C=O,-38.694344714946965,846,False,4.855487138664353,0.7021327339482236
N1C(=O)CN2C(C1)C1=C(C(=O)c3cc([C@H](C)C(C)C)ccc3C=C1O)Cc1ccccc12,-38.75432122198255,847,False,3.7298050181616222,0.6404039096963872
CN1C(=O)CC2(CC1)C1=CC=CC=C3C\C(C)=C(S(=O)(N4CCOCC4)=O)C=C3OC=C12,-38.83511146331422,848,False,5.1943754352892615,0.638775903632647
n1cccc2c1C1=CC=C3c4ccccc4[C@H](OC)OC3OC[C@@H]1N2,-39.00432981774794,849,False,4.240166109824092,0.866412063065085
CN1C(=O)CN2C(CC1)[C@H](F)c1ccc3c4ccc(OC)cc4cc1[C@@H]32,-39.16753758179074,850,False,5.373351479301938,0.7790541041800998
C(N1C(=O)[C@]2(C1=O)C1=CC=CC=C3C=C=CC=C3OCC12)C(=O)N(Cc1ccccc1)C,-39.17768619594951,851,False,5.116565938431605,0.4218781395900764
Cn1c(=O)c2c(nn1)-c1c(cccc1OC)CCCC1=NC(=O)OC=C21,-39.2841511479901,852,False,3.5713568847073436,0.6515590431210351
CN1C(=O)CN2C(C1)C/C(=C\Cl)C1=Cc3coc(C4=C(OC)C=CC=C4OC)c3OC=C12,-39.5830444965177,853,False,4.263181127770071,0.6904829149494975
CN1C(=O)C[N+]2(C)C(C1)c1cccc(C)c1C=C(Cl)C=Cc1c2[nH]c2ccccc21,-39.65357203717578,854,False,4.707622822862151,0.4981675433121179
N1C(=O)c2nc(-c3sccc3)ccc2-c2c(C(C)(C)C)c(C(C)(C)C)c(O)c(C(C)(C)C)c21,-39.8401543915443,855,False,3.1685835279156027,0.289570473456691
O=C1C(=O)N2C1=C1COc3c2cc(O)c(OC)c3-c2cccc(O)c2C1=O,-39.89466888081012,856,False,3.931834160680631,0.5818998812351747
C1=C(CNCCO)C(c2oc3c(c2)C=CC(=O)C=C3O)=CC=C1,-39.93624524510237,857,False,2.5284747380088,0.6295554236373262
CCN1C(=O)CN(C2=NC(=O)c3cc4c(cc3C2=O)OCO4)C2=CC=C(OCC)C(=O)C=C12,-39.95473963619597,858,False,3.1203050652492363,0.6966654556089267
n1c(SC)ccc2cc3c4ccccc4c(C=C3)c(OCCO)c12,-39.97841092785531,859,False,3.794350145689771,0.7429170275653653
O[C@H](C)CN1C(=O)Cn2c(c1-c1nc(-c3ccc(Cl)c(Cl)c3)no1)C1=CC=CC=C3C=C3OC=C12,-39.98294358545901,860,False,4.372496973858814,0.3999377790866744
N12C(=O)C(Cl)=C3CC(OC)=CC(=CCC4=CC=CC=C4C=C13)OC=C2,-40.01776394696532,861,False,5.312710851561258,0.7582314371791451
Clc1ccccc1CN1C(=O)CN2C(C1)c1nc(SC)cc(S(=O)(=O)N(C)Cc3c[nH]c4ccccc34)=C12,-40.095926478009815,862,False,3.6516031403702858,0.3266856485581821
O[C@H]1[C@H](O)[C@@H](O)[C@@H](CO)O[C@H]1n1c(=O)c2cccc3c2n(c1=O)[C@H](C(C)(C)C)C=C3,-40.27530752699022,863,False,4.466592686433145,0.5283285030411398
C(N(C)C)CC/N=C1/[C@@H]2C(C1)C(=O)O2,-40.29855601320742,864,False,3.9558117904519072,0.4802549841870628
C[n+]1c(O)cc2c(c1)c(C[N+](=O)[O-])c1ccc3cc4ccc(=O)oc4cc3c1c2OC,-40.42117478507558,865,False,3.440191767262876,0.1201183059167306
N1=C(C)c2c(c(OC)ccc2)[C@]2(C1(C)C)C1=CC=C3CC4=CC=CC=C4C=C3OC[C@@H]12,-40.6510687959381,866,False,4.696070776303,0.6098464204375543
CN1C(=O)CN2C(C1)[C@@H]1[C@]3(C)[C@@H](CCC4=C1C(C)(C)C(=O)[C@@H]4O)[C@H]23,-40.7471778594773,867,False,5.207503936317451,0.6683337300981436
CN1C(=O)CN(C)C2(C1)c1cc3ccc(O)cc3c(=O)n1CC[C@@H]2NC,-40.82892445971085,868,False,4.517738913071782,0.7684317631122927
O1C(=O)C(N2C(C1)c1nccc3cc4cc(-c5cnc6ccccc6c5)ccc4cc32)=CC=CC=C1C,-40.86195906361354,869,False,5.267813212433904,0.2870981744468756
N1C(=O)CN2C(C1)C1=C(Br)C=CC=C3C(=O)C=C(Br)/C3=C\c3oc4c(c3OC=C[C@H]21)OCO4,-40.87255733791439,870,False,5.673180833378711,0.5064307744736274
c1ncc(Nc2cc(S(=O)(=O)OC)cc(NC(c3[nH]ccn3)=O)c2)cc1,-40.89707173261236,871,False,2.693706828341,0.5650656348037655
N1C(=O)CN2C(=C1)C1=CC=CC=C3C[C@@H]4[C@@]5(C)[C@](O)(C)CC[C@H]5C=C[C@]4(C)C3OC=C12,-40.92057732430112,872,False,6.152848291464573,0.5893213046250645
N1CCN2C(C1)C1=CC=CC=C3CC4=CC=CC=C4C=C3O[C@@H](CN(CCF)C(Cc3ccccc3)=O)C=C12,-40.938782132138726,873,False,4.812625005633553,0.6012015912791824
C1(C)=CC[C@H]2[C@]3(C)CC[C@]2(C)[C@@H](C1)OC(=O)CC3=C,-41.01587383635342,874,False,5.574832150798226,0.4854927362273093
CN1C(=O)C[N+]2(CC1)C1=CC=CC=C3CC(=O)C(Cl)=C(Cl)C[C@]31O[C@H]3[C@@]2(C)O3,-41.05948442750385,875,True,6.365147512822601,0.4432166551676055
FC(F)(F)c1cccc(C(=O)CN2C(C2)C=CC=C2c3cc(OC)ccc3OC=C2)c1,-41.23796155074143,876,False,3.850009531815636,0.4735247552348801
CN1C(=O)C=C2C(C1)c1ccsc1C(c1scc(CO)n1)=CC(C)=C2OC,-41.31225749186344,877,False,4.120267494295842,0.8559824789558087
CN(C)C/C(=C1\CC=C2CC3C(=CC=C3C=C2)O1)F,-41.31376398901921,878,False,5.461450674824947,0.7525260279318192
C1[C@@H](N2C[C@H]3CC[C@@H](CN3C)C2)Cc2cc(C)c(O)cc2O1,-41.34093790687257,879,False,4.484541346219731,0.860956713515392
N1C(=O)CN2C(C1)[C@@H]1[C@@H]([C@@](/C=C/c3ccc(O)cc3)(OC)[C@@H](C)C1)[C@]2(C)O,-41.39159074894087,880,False,4.888017401857763,0.7506185015922687
O1C(=O)c2ccccc2C2=C1[C@@H](O2)c1nc(-c2cc(O)c(O)c(O)c2)ccc1,-41.4255500245163,881,True,3.4132133078897144,0.4599323578949275
N1C(=O)CN2C(C1)C1=C(CCCC)C(=O)C=C3OC=C1C=C3OC/C2=C\c1c2ccccc2[nH]c1,-41.48032269018586,882,False,5.672972789817283,0.7048338172012653
C1C[C@](C)(N2/C(=C/C(OCC)=O)\C1)C1=CC=CC=C3CC4=CC=CC=C4C=C3OC=C12,-41.5744222401471,883,False,4.6534790762103455,0.4693630272000003
S(c1nc(Cl)cs1)c1n2c(nc1)-c1c(scc1C)CC2,-41.60310894343096,884,False,3.6570582357097408,0.6754183760758254
C1(c2ccccc2)(O)C(C)=CC=C2C=C2OC=C1C2=C(C)OC=C2,-41.63198326879143,885,False,4.27309111974178,0.878505978018055
c1c2c(ccc1)C1=CC=CC=C3C[C@@H]4[C@H](CO[C@@H]31)[C@H]2C=C4,-41.80607166851411,886,False,5.099998550553222,0.6424593298960555
c1ccccc1C(c1ccccc1)OC(=O)c1c2c(cccc2NS(=O)(c2ccccc2O)=O)=C1,-41.80994273780476,887,False,2.759548640093211,0.3929123918330401
CN1C(=O)C([C@H]2Oc3c(cc(/C=C/C(O)=O)cc3)[C@@H]2OC)N2C(C1)C1=CC=CC=C3CC4=CC=C4C=C3OC=C12,-41.93005232424606,888,False,5.609062736749886,0.5775895713034521
CN1C(=O)CN2C(C1)C1=CC=CC=C3C[C@H]4CC(/C(=C\C(=O)O)CO)=C[C@]4(O)[C@H]3OC=C12,-42.06915081074193,889,False,5.832067896242091,0.5611812102831548
CN1C(=O)CN2C(C1)[C@]13[C@H](C(C)C)C=CC=C4[C@H]2C[C@H]3O[C@]4(OC)CC1,-42.2026598484954,890,False,7.408941814213697,0.7588830499972586
CN1CCN2C(C1)c1ccccc1C=C1OC=C2c2c1c(=O)oc1c(=O)oc3cc(O)ccc3c12,-42.28377395715506,891,False,5.012986953356412,0.3081099639090067
CN1C(=O)C(CC2CC(C)(C)CC2)N2[C@@H](C1)c1cc(O)cc(OC)c1CC2(C)C,-42.33039641182769,892,False,4.372315075044461,0.8286634657081509
CN1C(=O)CN2C(C1)C1=CC(=O)C=C3CC(C)=CC[C@@]4(CO)CC3OC=C1C24,-42.3377319554058,893,False,6.5578023914673,0.6933453509944436
CN1C(=O)CN2C(C[C@H]1CN)C1=CC=C[C@@]3([C@@]4(O)CC[C@H](O)C4)C=C3OC=C12,-42.38472452548014,894,False,5.836589172588392,0.6354184334661541
C(C)[C@H]1[C@@H]2[C@@](C)(CCc3[nH]c4c(c3C1)cccc4N)O2,-42.40560124188778,895,True,3.9643859048414902,0.6159531648928337
CN1C(=S)C(C)N2C(C1)C1=CC=C[C@H]3C=C4[C@@H](C)[C@](Cl)(Cl)C=CC=C4[C@H]3OC=C12,-42.42755544626232,896,False,6.11913639040768,0.386999938722419
c1c(OC)c(OC)c(O)cc1/C=C/C(=O)n1c2c(nc1C=O)c(=O)c1ccc(O)cc1o2,-42.70390323117442,897,False,3.181541517676836,0.3566708198973807
Clc1ccc(N2C(C[C@@H](O)c3n[nH]cc3)C(=S)SC2=O)cc1[N+](=O)[O-],-42.71301416483489,898,False,4.252259261106209,0.4500998267899321
N1C(=O)CN2C(C1)C1=C[C@@H](O)C=C3C[C@H]4[C@@](CCO)(C)C[C@H](Br)[C@@H]4[C@H](O)C3OC=C12,-42.96476820434964,899,False,6.264301347496615,0.3441406819929296
NC(COCC)=C1CCn2c(CC(=O)OCC)c(C)nc2C=C1,-43.05008626269591,900,True,3.4988457825892176,0.8109306784050285
CN1C(=O)CN2C(C1)/C(=C/C=C\C=C\c1c(C)nc(C(F)(F)F)nc1C)C1=CC=Cc3cc4c(cc3OC12)C4,-43.10754870506406,901,False,4.749624464358462,0.44339340621091
Oc1c(OC)c(OC)c2c(c1OC)Oc1c(c(=O)o2)C=CC=C2C(=O)C=CC=C2OC(C)=C1C,-43.17746006258086,902,False,3.5070828540134062,0.4387818905386923
C1=CC[C@H](O)c2c1cc1[nH]c3c(c(=O)c1c2O[C@H]1O[C@H](CO)[C@@H](O)[C@H](O)[C@H]1O)c(O)c3O,-43.20098161441797,903,False,4.914038574024069,0.3014918451884611
N1C(=O)C[C@@H]2C(C1(OC)C1=CC=CC(=O)c3cc4ccccc4cc3O1)=C2C(C)C,-43.23116082439812,904,False,4.142687534748221,0.7791516295305232
CN1C(=O)C(O)N2C(C1)C1=CC=C/C(=C/C=O)C=C3OC=C1OC[C@@]23OC,-43.43686357619664,905,False,6.621737672710118,0.5470667990635578
CN1C(=O)CN2C(C1)C1=C(C=C(C)CC3C(CO3)=C(Br)Br)C(=O)C(OC)=C12,-43.55255205468736,906,False,4.907454144048614,0.5947101276330184
c1ccc2c(c1)[C@H]1CC(=O)[C@]3(O)Oc4cc5ccccc5cc4C=C[C@@H]3[C@H]1C(=O)O2,-43.69962312068935,907,False,4.096250006911669,0.4601266348113876
CC[n+]1cc2c(c(O)c1)Cc1ccc3c(c1-2)/C(C)=C(/CCC=C(C)C)CC3=O,-43.8198181447915,908,False,3.69431464525438,0.4921207250294444
c1c([N+](=O)[O-])onc1N1C(=O)CN2C(C1)C1(c3ccc(Cl)cn3)C=C2C=C1OC=C,-44.92559679738777,909,False,5.462045290151917,0.4058954169489995
C(c1nc2[nH]c(=S)[nH]c2s1)(N1CCCN2C(C1)C1=CC=C2C=C1O)=O,-44.933052166270045,910,True,4.368747198246302,0.5710296434377422
N1C(=O)CN2C(C1)C1=CC=C[C@]3(C)[C@]4(C)C[C@H]5O[C@@H](O)[C@H](O)[C@@H]5CC(=O)C=C4C[C@@H]3OC=C12,-45.08899419203229,911,False,6.122750370082103,0.4996174703088925
CN1C2C(=NCC2(C)C)CN2C(C1)C1=CC=Cc3cc4ccn(CCl)c4cc3OC=C12,-45.10951244222406,912,False,4.8274163251361895,0.4833317640205257
c1c2c(nn1C)-c1c3c(ccn1)[C@@]13O[C@H]1C=C[C@H]2Br,-45.19634514588694,913,False,5.701013954474679,0.4258945442470341
C(N1C(=O)CN2C(C1)C1=CC=CC=C3C[C@]4(O)CC=C(O)C=C4C=C3OC=C12)[C@@H]1C=C(SCC)C=C1,-45.32910553898547,914,False,5.956079487901852,0.5935732642809212
CN1C(=O)CN2C(C1)[C@H]1[C@H](CCC(C)C)C[C@H]3C(=C(Br)C(=O)C3OCC)C[C@H]12,-45.726434831536665,915,True,5.028925709957128,0.6417074306216031
C1(O)=Cc2c(cc(O)c(O)c2)[C@@H]2CC[C@@]3(Br)CC=CC=C3C=C2C=C1O,-45.83616673269023,916,True,4.731125515492783,0.3435930244635664
C(CCN1C(=O)CCC2=[N+](C)C(=C)C=C3OC(O)=C3C=C12)#C,-45.90471510053612,917,False,4.311000280263679,0.6245552789096542
COC1=CCC2=C(c3cc(OC)c(OC)cc3)C=CC=C3C=C3OC(C)=C3OC=C1[C@@]23C,-45.9270363867472,918,False,4.705557064285372,0.5903647579156385
CN1C(=O)CN2C(C1)C(O)=C1C(C)=CC=C3c4ccccc4CC1(Cl)C2=C3OCCO,-46.09440397471327,919,False,5.42493828510655,0.7069485592247878
c1(Cl)c(OC)c2c(c(N)n1)-c1nc(C=O)[nH]c1C2Nc1ccccc1,-46.09710138863747,920,False,3.7428208293061864,0.4903366595928915
N(CC)C(=O)CN1C(=O)C(/C=C/c2ccc(/C=C/C(=O)c3c(O)cccc3OC)cc2)=CC=C2OC=C12,-46.26229538135344,921,False,2.8981129885757415,0.2603769181930644
C1(=O)CN2C(C1)c1c(ccc(OC)c1O)C=C1CC(c3c[nH]c4ccccc34)=NC(=O)[C@]12Cl,-46.32883045796416,922,True,4.289778985648258,0.4448253808659654
C1CN2C(=N1)C1=CC=CC=C3Cc4ccccc4/C(=C/CN4[C@@H]3OCCO4)CC12,-46.3728866413021,923,False,5.693489451133761,0.6855345070994046
CN1C(=O)CN2C(C1)[C@H]1c3ccccc3C3=CC2=C(OC)C(=O)C(c2cc(OC)ccc2S3(=O)=O)=C1,-46.63535612048421,924,False,5.693332312113985,0.6207377326924772
N1(C)C(=O)CN2C(C1)[C@@H]1[C@@H]3[C@H](O)C4=C[C@H](C4)c4ccoc(=O)c4[C@H]3OC=C12,-46.71676995325835,925,False,6.027294378028307,0.6800475018253943
Cc1ccc2n1C(C)=C1C(=O)C=C(C(C)=O)C=C1C(=O)[C@H]2C(C)=C(C)C,-46.91242136720129,926,False,4.148911824597066,0.7562536541120553
c1cc2c(o1)[C@H]1[C@@H](C(C)=O)c3c(c4ccoc4cc3)[C@@H]3NC=C1C[C@H]23,-47.338680824203095,927,False,5.761341827741508,0.712569572513043
CN1C(=O)CN2C(C1)C1=CC(Cl)=C3Cc4ccccc4[C@@H](Cl)[C@@H]1[C@H]3N(C(=O)/C=C/c1occc1)C2=O,-47.48217258342562,928,False,5.680879926900603,0.4327625035494551
Fc1ccc2[nH]cc(-c3cn(CC#CCOc4nc(C)ccc4)c3=O)c2c1O,-47.84128289251103,929,False,3.4224088908165093,0.6854771807918261
C/C=C1\[C@@H](CCC=C)C(=O)N2[C@@H](C1)C1=CC=CC=C3C=C(OC(C)(C)C)C=C(OC)C3=C1N2C,-47.98194234673065,930,False,4.74848597211669,0.6164706835075652
C(n1c(=O)c2c(n1)C1=CC=CC=C3CC4=CC=CC=C4C=C3OC(=O)C1n1c2ccc1c1ccccc1c1)C=C1,-48.14541321738467,931,True,6.124044098920265,0.4250767557274787
C[C@@]1(O)C(=O)[C@@H]2C[C@](/C=C/C(OC)=O)(C1)Oc1c-2ccc2c1cccc2,-48.17086132905844,932,False,4.877860213706631,0.6645419314448071
C1(=O)CN2C(=C1)[C@H]1CC[C@@H](O)C=C3C[C@@]4(Br)C=CCC=C4[C@@]12CO3,-48.36177904528938,933,False,7.139539886461016,0.5104941709447148
CC(N1C(=O)CN2C(C1)C1=CC=CC=C3C=C=CC=C4C[C@@H](CO)OC4(C)C3=C(C)OC(=O)[C@]12C)C,-48.417315372447774,934,False,6.079780032540225,0.4734682120904135
C1(=O)CC(C#N)=C2/C(=C\C)C(=O)C=C2OC=C1C(c1c[nH]c2c1cccc2)(CC)C,-48.49028929229908,935,False,4.221987543217988,0.7423455988358739
C1N2C(=O)CC[C@@H]3CC(O)=C1C(=C3)C(=O)c1c4c(ccc12)OCO4,-48.632285131578925,936,False,5.307780690962888,0.7929505407182044
n1c2cc(Cl)cc(Cl)c2c(O)c2c1cc1c(S(=O)(=O)OCC)c2OCO1,-48.75705146726997,937,False,3.8363608421524233,0.5119208935591658
C12(C(=O)NCCC1)C1=C/C(=C\OC)C=C3C[C@@H]2O[C@H]3CSC=C1,-48.893308143006834,938,False,7.060620053470141,0.7506724009887601
c1cc2c(c(-c3cccc(C)c3)c1/N=C/c1ccccc1OC)/C=C\c1c2OC=C1,-48.96304415522087,939,False,2.535903228542386,0.3008032391483812
CC(c1c[nH]c2c1cccc2)c1ccc(N2CCN(C(=O)CC(NC(=O)C(C)(C)C)=O)CC2)cc1,-49.272145132681885,940,True,3.034373334650601,0.546624887590685
n1(Cc2ccccc2)cc2c(nc1)c1c(n2)sc2cc(-c3cc4c(cccc4)oc3=O)nn21,-49.578985962529785,941,False,3.0545377486948233,0.3501923513264492
C1CN2C(C)(C)OO[C@@]2(C(O)=O)C[C@H]2[C@]3(C1)C1=CC=CC=C2C=C1OC(C)(C)O3,-49.65997336256214,942,False,6.690893285582165,0.6748427911543856
C1CCCN(C)C1C/C=C/c1cc(CN2CCN(C(OC)=O)CC2)c2[nH]c(=O)ccc2c1,-49.68426070270336,943,False,3.2626153149875368,0.7758404495117608
CN1C(=O)CN[C@H]2[C@H]1c1ccc(C#Cc3cccc(OCCCO)c3)c3c1[C@H](CC3)C2=O,-49.86155750776153,944,False,4.17486554309753,0.5725848079684658
c1cc2c(cc1C=O)C(=O)N[C@@]1(CC)CC[C@@H](OC)C2=CC=CC=C1,-49.91725076705114,945,False,5.346972212906897,0.8558681340786211
[nH]1c2c(nc1)C1=CC(C#N)=C3CC4=CC=C(N(CCC)CCC)C4C=C(O)C3=C12,-50.16276738522004,946,False,4.518729994294152,0.6527784286956267
c1c2c(cc(OC)c1O)C1=C(NCCS1)C1=CC(OCC)=C3CC4=CC=CC=C4C(=O)C=C3OC=C12,-50.56723486447308,947,False,3.830039062126025,0.5584760423434945
O1C(=O)CN2C1=C1C(=C)C=Cc3cc4c(o3)C=C(Cl)C(OS(=O)(O)=O)CC4=C1OC=C2C,-50.87666245104273,948,False,6.2940344789286025,0.5022363054696422
C1=CC=C2C3=CCC4=C(C(=O)n5c4c(nc5)NC=C3)[C@H]2[C@@H]1O,-51.05343284003936,949,False,5.886654518099027,0.7673087356342635
c1ccccc1C1=CC=C(O)C(=O)C2=C=C3[C@@H]4[C@@H](O[C@@H]3C4=O)C1=C2,-51.65774144749781,950,False,5.981884392537439,0.8084640817150908
C1=C(C)N2[C@H](C1C)C1=CC=CC(=O)c3c(cccc3O1)O[C@H]1O[C@H](COC(C)=O)C[C@H]21,-52.20874374411517,951,False,6.262350015322408,0.6754590344708711
O1[C@@H](COC(C)=O)CN2C(C1)C1=CC=CC[C@]34C=C[C@H](O)C[C@@]3(O)[C@H]1OC2=C4,-52.47358710045228,952,False,6.252594626521121,0.5351480521821637
C(CN1c2ccccc2Cn2c1ncc2)CNC(=S)N1CCn2c(nc3ccsc32)CC1,-52.490074777864265,953,False,3.1854634428007955,0.3686083341802665
c1ccccc1/C=C1/[C@]2(O)CC[C@H](C)[C@@]3(C)[C@@H]4[C@@H](CCC=C4)C[C@@H]3[C@@H]2CC1=O,-52.786446829726685,954,False,4.719428295882277,0.5241476390790095
c1cc(C(=O)Nc2cc(C#N)cnc2N)ccc1CN1C(=O)CN2C(C1)C1=CC=CC=C3C[C@@H](C)[C@H]2C=C3OC[C@@H]1OC,-53.19384918961562,955,False,6.094453756644254,0.5503289007360658
C1(=O)C(C)(C)Cc2c(o1)[C@@H](CCc1ccc(C(F)(F)F)cc1)[C@@H]2C(=O)OC=C,-53.74787165721736,956,False,4.1381699702259205,0.531904581452492
C12=C(C[C@H](CN1CCC(c1ccccc1)(OC)OC)C)N1C2=CC=CC=C2C=C1OC=C2,-53.75477485688316,957,False,5.247224112853939,0.5677639799916953
CN1C(=O)CN2[C@](C1)(CCl)[C@]13CC=CC=C1C2=CC=CC=CC1=C2OC=C3OCC[C@]12O,-53.92751719368978,958,False,6.9352829344018785,0.6197491263709921
CN1C(=O)[C@@H](C)N2C(C1)/C(=C/[C@@H](OC)c1nc3c(s1)CCCCC3)c1cc4ccc(OC)cc4nc1-2,-54.6107674762725,959,False,4.387336365566396,0.4762109588221789
N1=C(C(=O)O)C[C@]2([C@]13CC=CC=C4C=C3OC=C4)/C1=C\C(C)=C1C2=O,-55.32990321802208,960,False,6.673530857623214,0.8004344473715572
C1(=O)CN2C(C)(C)[C@H]1CC[C@@H]1C2=C[C@@H]2[C@@]34CC(CC(C1(C)C)=CC=C4[C@@H]3O)C2=O,-55.38351910320898,961,False,7.5844410203225,0.6851228236387669
CN(C)C[C@H]1S[C@@](C#N)(C)C(=O)N2C1=C1C=CC=CC=C3C=C3OC=CC=C12,-55.62736703848353,962,False,4.3070874648628,0.6288058304546829
CN1c2c(cc(OC)cc2)-c2c3c(ccc2C1=O)O[C@@](C)(c1cc2c(cc1O)C[C@@H](C)C[C@@H]2C)C3,-55.90542539618525,963,False,4.082543281551121,0.3691141036345402
CN1C(=O)C[C@H]2C(C1)C1=C[C@@H](CO)[C@H]3C=C4C=C[C@H](OC(C)=O)[C@@H](OC(=O)C)[C@@H]4CC[C@@]32OC=C1NC,-55.94135243101376,964,False,6.647960074352172,0.5488714862525189
C12(C(=O)NC(c3cscc3)(c3c(N(C)C)cccc3)C(=O)CC1)C=C1C3=CC=C3OC=C12,-56.55633759940565,965,False,5.113743072358574,0.7741093797295615
C[C@]12[C@@H](C[C@@H]1[C@]([C@@H](C)CO)(O)CCCCc1ccc(O)cc1)C(CO)C=C2,-56.706002721033656,966,False,4.597855555703917,0.3949387945050598
C1N2C(CCl)C(=O)C(C(=C3CCC3C)C[N+]1(C)C)=CC(=O)C2,-56.78555919490944,967,False,5.766320467098852,0.544798826220292
S(N1C(=O)/C(=C\c2c[nH]c3c2cc(C)cc3)Cc2c(cc(S(=O)(N)=O)o2)C1=O)(=O)c1oc2ccccc2n1,-56.94975278277015,968,False,4.094689505095902,0.253813815369481
C1=C(COC)C/C2=[N+](\C1)C1=CC=Cc3c-4c2c(OC)cc4OC=C13,-57.81275839838781,969,False,4.493221161642087,0.4272645904768091
O=C(CN(C(=O)c1cccc2c1OCC=C1C(=O)C=Cc3c(cc(O)c(O)c3OC)O[C@@H]12)C)N1CCN(C)CC1,-58.9216305368159,970,True,3.8199533542530943,0.5503292703961186
c1cc(/C=N/N/c2cc(C)c(C)cc2Oc2cc([N+]([O-])=O)c(C)c(O)c2)cc2ccc(O)cc12,-59.10801816542909,971,False,2.7233239264311138,0.1770780862199745
C1[C@H](O)CN2C(C1)[C@]13CC=C[C@H]4[C@@H]5[C@](C(C=C)OC5=O)(C4)OC[C@@H]1O[C@H]32,-59.29688656828512,972,False,7.57628065037593,0.5565117883974348
N1C(=S)CN2C(C1)c1cc(Cl)cc(Cl)c1N=C(C(Nc1ccc(OC)c(OC)c1OC)=O)OC=CC=C2C1=CC=CC=C1,-59.30141764241216,973,False,4.479820114716408,0.2938086066862349
C1C[C@H]2COC(=O)[C@H]2[C@]2(C1)C1=C(OC)C(=C)C1OC2=CC1=Cc2ccccc2C=C1OC,-59.9463600086674,974,False,4.91834501998791,0.6404266735121487
C1(O)=C2CC[C@@]3(C(C)C(C)=C(C(=O)OC)C[C@H]2[C@@H](C=O)C1=C3O)CC=C,-60.0297880037283,975,False,6.352473011950895,0.4516775590706948
N1C(=O)C[C@]2(C1)OC1=C[C@H](CO)[C@@H]3[C@@]2(C)C[C@@H]2c4[nH]c6c(cccc6)c4C=C3OC=C12,-60.98999384394847,976,False,6.905913484303464,0.6659844538980408
C1[C@]23CC[C@@H]4C[C@H](C2)[C@@]2(C1)[C@H]1C(=O)O[C@]2(O)C[C@H]4CC=CC=C2CC3OC=C12,-61.373344013701285,977,False,6.5249873393846345,0.6452612623643222
CN1C(=O)CN[C@H]2[C@@]1(CC=C)C[C@@H]1[C@H]3C(=C)[C@H]4CC(=O)C=C4C[C@@H]([C@@]32C(O)=O)O1,-61.38908149552306,978,False,6.68665664028302,0.6906384708364316
OC[C@@H]1Cn2c(ccc2OC)[C@@H]2N1[C@H]1[C@@H]3C[C@@H](OC)O[C@H]1C(=C3)C2,-61.47058660909579,979,False,6.271056116234213,0.8459281572956869
CN1C(=O)CN2C(C1)[C@@H]1C[C@H]1C(=O)C(C)(C)[C@@H]1/C=C3/C=C4C=C(OC)[C@H]4C[C@@H]3O[C@]21OC,-61.62355846283028,980,False,5.677057299147098,0.6552703326417778
CN1C(=O)CN2C(C1)[C@]13COC(=O)c4ccccc4C1[C@H]1[C@@]33[C@@H](C)C(=C)C=C2C1=C3,-62.045030877809054,981,False,6.769394673167765,0.6286760905532133
C1C(=O)N2[C@]13O[C@@H](C2)c1c2o[nH]c2c2-c4c(cc(C)cc4)C=C2[C@H]3OC=C1C,-62.52988529903894,982,False,7.002304791608773,0.706329402717539
N1(C)C(=O)CN2C(C1)[C@@]1(O)[C@@H](Cl)[C@@]3(/C=C\C/C=C\C=C\OCO3)C[C@]24C=C1OC=C4,-62.68910832812264,983,False,7.819728717678662,0.4647670117134951
O1C(=O)C2=C3C(C2C1)C1=CC=C2C=C2CCc4c2c(c4O)Oc2c4c(ccc4cc3)C=CO1,-63.07075374460328,984,False,6.756312346540492,0.5461801191018406
c1ccccc1Cn1c(=O)c2c(oc1=S)-c1ccc(CO)cc1CCN(C)C/C2=C1\C(=O)C=C1OC=C\c2ccccc2OC,-63.91404492769796,985,False,3.877072962825758,0.1579159900410035
c1cccc(N2CC(C)(C)CC(=O)O)C=C3C=CC(=C)C=CC23OC=CCc1,-64.62628307902207,986,False,6.306123986448354,0.7457665119319566
C(N)(=O)[C@H]1N2C(COC(=O)C(C)C1)c1cc(=O)n(Cc3ccc(S(=O)(C)=O)cc3)ccc1n-2,-64.65391622586321,987,False,4.43542318047437,0.6237979277433994
CN1C(=O)CN2C(C1)[C@@]1(C)[C@@H]([C@@]3(C)[C@H]2C(SC)=CC=C2C=C3OC[C@@]32C)OC=C1[C@H]3O,-66.11591822188349,988,False,7.625222874456512,0.6724642129778223
c1(=O)n(C)c2cc(Cl)ccc2n([C@H]2N(CCN3CCN(C)CCC3)nc1C1CNC1)c(=O)n(C)c2=O,-66.79530364624264,989,False,4.2156750974558665,0.5841020957907066
COc1c(O)c(Cl)ccc1-n1c(OC)cc2c(c1=O)C=Cc1c(cccc1)-c1c2/C=C/c2ccccc2N(C(C)C)OC(C)=C1,-68.8285907071629,990,False,3.874496308789445,0.2128230976774136
c1cccc2c1C(c1ccc(OC)cc1)N1/C(=C\C(c3ccc(OC(C)=O)cc3)=O)C(=O)c3c1c2c1c4c3OC=C1-4,-68.87687957644181,991,False,3.6627649164544,0.1581913592151169
O([C@@H]1O[C@H](CO)[C@H](O)[C@H]2OC(C)(C)[C@@H]2C1)[C@@H]1CC(=C)[C@@H]2[C@H](C1=C)OC(/C=Cc1ccco1)=C2,-71.66579348510277,992,False,5.500669631668947,0.6568799578689765
CNC(=O)CN1Cc2ccc3c(c2CC1)[C@H]1CC[C@@]24CC[C@]5(O4)C[C@@H](c6ccccc6)CC(=O)[C@H](O)[C@@H]1[C@@]52O3,-74.1041415022603,993,False,6.7658393067896725,0.6363111018593339
c12n(ncc1)[C@@H]1[C@H]3CC=C(C)[C@@H]3[C@@]13O[C@@]1(C=CC=C1OC)O[C@](O)(C)[C@@H]3OC2,-74.97967034121399,994,False,6.4137665716479635,0.7486155981056009
C(=CCN)(/C=C1\C(OC)=Cc2c(OC)c(OC)c(-c3c4c(c(N)n3)Cc21)cc(OC)c(OC)c4)OC,-75.23381419282305,995,False,5.195662955617149,0.531868233844918
CCN1C(=O)CN2C(C1)[C@@H]1[C@H]3O[C@]34C=C=C[C@H]5O[C@H]5C[C@H]5C(=O)[C@]45C[C@@H]4[C@](CO3)(C=C1)O[C@@]423,-76.8034626405306,996,False,7.916786110864858,0.3245562349247677
N1C(=O)CN2C(C1)[C@@H]1[C@@H]3[C@H](O)[C@H](O)[C@@]4(C)O[C@H]1[C@@H]3C1=C(CO[C@@](C)(O[C@@H]3O2)[C@@H]41)OCOS3,-81.63077741372035,997,False,6.997284455722712,0.3794730628104019
C1C(=O)N2CC1[C@@]1(C)CC[C@H]3[C@H]1[C@]24C2=CC=CC=CC=C4[C@@H]4O[C@@H]1O/C=C4\C=C3C=C1/C2=O,-81.85351966298265,998,False,5.995791673026341,0.577839019170856
O1[C@]2(C(OC)OC(C)(C)[C@@H](OC)C[C@@H]1C)[C@H]1C3=C(C(=O)O[C@@H]1CC[C@@]1(C(OC)=O)C3=O)[C@@H](OC)OC=CC21,-83.80506964324309,999,False,7.806778448153565,0.3858791803884538
C1(=O)N2[C@](C)(C(O)=O)C3=C(C/C=C/c4c(O)c(OC)c(O)cc4)CC13OC1=C2[C@]23ON=C(C2)[C@@](O)(C=C3)O1,-87.04481575618456,1000,False,7.3950177578957,0.4173992454872358
